<?xml version="1.0" encoding="UTF-8"?>
<soapenv:Envelope xmlns:soapenv="http://schemas.xmlsoap.org/soap/envelope/" xmlns:awsse="http://xml.amadeus.com/2010/06/Session_v3" xmlns:wsa="http://www.w3.org/2005/08/addressing">
  <soapenv:Header>
    <wsa:To>http://www.w3.org/2005/08/addressing/anonymous</wsa:To>
    <wsa:From>
      <wsa:Address>https://nodeD1.test.webservices.amadeus.com/1ASIWIBESXI</wsa:Address>
    </wsa:From>
    <wsa:Action>http://webservices.amadeus.com/TFOPCQ_19_2_1A</wsa:Action>
    <wsa:MessageID>urn:uuid:8b1ef972-3bf1-0a44-0dd7-ae8a5c2ae0b6</wsa:MessageID>
    <wsa:RelatesTo RelationshipType="http://www.w3.org/2005/08/addressing/reply">41f35b28-9d0e-5e7a-0ee5-190a200cc0d1</wsa:RelatesTo>
    <awsse:Session TransactionStatusCode="InSeries">
      <awsse:SessionId>00QZQDFYL5</awsse:SessionId>
      <awsse:SequenceNumber>5</awsse:SequenceNumber>
      <awsse:SecurityToken>JH5RJ86NDJDH3UNXXTNIW18KK</awsse:SecurityToken>
    </awsse:Session>
  </soapenv:Header>
  <soapenv:Body>
    <FOP_CreateFormOfPaymentReply xmlns="http://xml.amadeus.com/TFOPCR_19_2_1A">
      <fopDescription>
        <fopReference>
          <reference>
            <qualifier>FPT</qualifier>
            <number>10</number>
          </reference>
        </fopReference>
        <mopDescription>
          <fopSequenceNumber>
            <sequenceDetails>
              <number>1</number>
            </sequenceDetails>
          </fopSequenceNumber>
          <mopDetails>
            <fopPNRDetails>
              <fopDetails>
                <fopCode>CASH</fopCode>
                <fopStatus>N</fopStatus>
                <fopEdiCode>CA</fopEdiCode>
                <fopReportingCode>CA</fopReportingCode>
                <fopElecTicketingCode>CA</fopElecTicketingCode>
              </fopDetails>
            </fopPNRDetails>
            <oldFopFreeflow>
              <freeTextDetails>
                <textSubjectQualifier>ZZZ</textSubjectQualifier>
                <source>M</source>
                <encoding>ZZZ</encoding>
              </freeTextDetails>
              <freeText>CASH</freeText>
            </oldFopFreeflow>
            <pnrSupplementaryData>
              <dataAndSwitchMap>
                <criteriaSetType>S</criteriaSetType>
                <criteriaDetails>
                  <attributeType>13</attributeType>
                  <attributeDescription>1</attributeDescription>
                </criteriaDetails>
              </dataAndSwitchMap>
            </pnrSupplementaryData>
            <pnrSupplementaryData>
              <dataAndSwitchMap>
                <criteriaSetType>D</criteriaSetType>
                <criteriaDetails>
                  <attributeType>CUR</attributeType>
                  <attributeDescription>CAD</attributeDescription>
                </criteriaDetails>
                <criteriaDetails>
                  <attributeType>FOPCODE</attributeType>
                  <attributeDescription>CASH</attributeDescription>
                </criteriaDetails>
              </dataAndSwitchMap>
            </pnrSupplementaryData>
          </mopDetails>
          <paymentModule>
            <groupUsage>
              <attributeDetails>
                <attributeType>FP</attributeType>
              </attributeDetails>
            </groupUsage>
            <dummy/>
          </paymentModule>
        </mopDescription>
      </fopDescription>
    </FOP_CreateFormOfPaymentReply>
  </soapenv:Body>
</soapenv:Envelope>
