<?xml version="1.0" encoding="UTF-8"?>
<soapenv:Envelope xmlns:soapenv="http://schemas.xmlsoap.org/soap/envelope/" xmlns:awsse="http://xml.amadeus.com/2010/06/Session_v3" xmlns:wsa="http://www.w3.org/2005/08/addressing">
  <soapenv:Header>
    <wsa:To>http://www.w3.org/2005/08/addressing/anonymous</wsa:To>
    <wsa:From>
      <wsa:Address>https://nodeD1.test.webservices.amadeus.com/1ASIWIBESXI</wsa:Address>
    </wsa:From>
    <wsa:Action>http://webservices.amadeus.com/QUQPCQ_03_1_1A</wsa:Action>
    <wsa:MessageID>urn:uuid:9b26f8f4-fa62-9154-79a7-da88a8d06d8b</wsa:MessageID>
    <wsa:RelatesTo RelationshipType="http://www.w3.org/2005/08/addressing/reply">6d8aa695-5bdf-6bae-b07c-fd514672a6d3</wsa:RelatesTo>
    <awsse:Session TransactionStatusCode="InSeries">
      <awsse:SessionId>01BMJ2ZDRH</awsse:SessionId>
      <awsse:SequenceNumber>7</awsse:SequenceNumber>
      <awsse:SecurityToken>3KO6AJ7M09A1U2O7JHDACGYFYP</awsse:SecurityToken>
    </awsse:Session>
  </soapenv:Header>
  <soapenv:Body>
    <Queue_PlacePNRReply xmlns="http://xml.amadeus.com/QUQPCR_03_1_1A">
      <recordLocator>
        <reservation>
          <controlNumber>PN62YX</controlNumber>
        </reservation>
      </recordLocator>
    </Queue_PlacePNRReply>
  </soapenv:Body>
</soapenv:Envelope>
