<?xml version="1.0" encoding="UTF-8"?>
<soapenv:Envelope xmlns:soapenv="http://schemas.xmlsoap.org/soap/envelope/" xmlns:awsse="http://xml.amadeus.com/2010/06/Session_v3" xmlns:wsa="http://www.w3.org/2005/08/addressing">
  <soapenv:Header>
    <wsa:To>http://www.w3.org/2005/08/addressing/anonymous</wsa:To>
    <wsa:From>
      <wsa:Address>https://nodeD1.test.webservices.amadeus.com/1ASIWIBESXI</wsa:Address>
    </wsa:From>
    <wsa:Action>http://webservices.amadeus.com/QUQPCQ_03_1_1A</wsa:Action>
    <wsa:MessageID>urn:uuid:1c5fa502-c77c-2464-9d03-156a8b0df917</wsa:MessageID>
    <wsa:RelatesTo RelationshipType="http://www.w3.org/2005/08/addressing/reply">3328d564-6824-c969-a206-21a35c91a1f9</wsa:RelatesTo>
    <awsse:Session TransactionStatusCode="InSeries">
      <awsse:SessionId>00R466XPVA</awsse:SessionId>
      <awsse:SequenceNumber>7</awsse:SequenceNumber>
      <awsse:SecurityToken>ILFPKS0R13K9LPNV57VD409K</awsse:SecurityToken>
    </awsse:Session>
  </soapenv:Header>
  <soapenv:Body>
    <Queue_PlacePNRReply xmlns="http://xml.amadeus.com/QUQPCR_03_1_1A">
      <recordLocator>
        <reservation>
          <controlNumber>PMHFRK</controlNumber>
        </reservation>
      </recordLocator>
    </Queue_PlacePNRReply>
  </soapenv:Body>
</soapenv:Envelope>
