<?xml version="1.0" encoding="UTF-8"?>
<soapenv:Envelope xmlns:soapenv="http://schemas.xmlsoap.org/soap/envelope/" xmlns:awsse="http://xml.amadeus.com/2010/06/Session_v3" xmlns:wsa="http://www.w3.org/2005/08/addressing">
  <soapenv:Header>
    <wsa:To>http://www.w3.org/2005/08/addressing/anonymous</wsa:To>
    <wsa:From>
      <wsa:Address>https://nodeD1.test.webservices.amadeus.com/1ASIWIBESXI</wsa:Address>
    </wsa:From>
    <wsa:Action>http://webservices.amadeus.com/QUQPCQ_03_1_1A</wsa:Action>
    <wsa:MessageID>urn:uuid:0675116d-5657-e4a4-dd82-87739b9460ef</wsa:MessageID>
    <wsa:RelatesTo RelationshipType="http://www.w3.org/2005/08/addressing/reply">267b8fcc-9005-37b0-9be3-93c94fbfd86d</wsa:RelatesTo>
    <awsse:Session TransactionStatusCode="InSeries">
      <awsse:SessionId>01BH3QWW9A</awsse:SessionId>
      <awsse:SequenceNumber>7</awsse:SequenceNumber>
      <awsse:SecurityToken>84E1YGEC271YY9ORM01D96PR</awsse:SecurityToken>
    </awsse:Session>
  </soapenv:Header>
  <soapenv:Body>
    <Queue_PlacePNRReply xmlns="http://xml.amadeus.com/QUQPCR_03_1_1A">
      <recordLocator>
        <reservation>
          <controlNumber>PM5PF6</controlNumber>
        </reservation>
      </recordLocator>
    </Queue_PlacePNRReply>
  </soapenv:Body>
</soapenv:Envelope>
