<?xml version="1.0" encoding="UTF-8"?>
<soapenv:Envelope xmlns:soapenv="http://schemas.xmlsoap.org/soap/envelope/" xmlns:awsse="http://xml.amadeus.com/2010/06/Session_v3" xmlns:wsa="http://www.w3.org/2005/08/addressing">
  <soapenv:Header>
    <wsa:To>http://www.w3.org/2005/08/addressing/anonymous</wsa:To>
    <wsa:From>
      <wsa:Address>https://nodeD1.test.webservices.amadeus.com/1ASIWIBESXI</wsa:Address>
    </wsa:From>
    <wsa:Action>http://webservices.amadeus.com/QUQPCQ_03_1_1A</wsa:Action>
    <wsa:MessageID>urn:uuid:4d9c666c-30fa-f934-7973-aa152f46f5c1</wsa:MessageID>
    <wsa:RelatesTo RelationshipType="http://www.w3.org/2005/08/addressing/reply">f27e5d35-e83e-bb38-f4bf-8653348ce89c</wsa:RelatesTo>
    <awsse:Session TransactionStatusCode="InSeries">
      <awsse:SessionId>00R7MHVXHC</awsse:SessionId>
      <awsse:SequenceNumber>7</awsse:SequenceNumber>
      <awsse:SecurityToken>1J44LNIF3WMGU387FQDOB7C5UZ</awsse:SecurityToken>
    </awsse:Session>
  </soapenv:Header>
  <soapenv:Body>
    <Queue_PlacePNRReply xmlns="http://xml.amadeus.com/QUQPCR_03_1_1A">
      <recordLocator>
        <reservation>
          <controlNumber>PMUHTJ</controlNumber>
        </reservation>
      </recordLocator>
    </Queue_PlacePNRReply>
  </soapenv:Body>
</soapenv:Envelope>
