<?xml version="1.0" encoding="UTF-8"?>
<soapenv:Envelope xmlns:soapenv="http://schemas.xmlsoap.org/soap/envelope/" xmlns:awsse="http://xml.amadeus.com/2010/06/Session_v3" xmlns:wsa="http://www.w3.org/2005/08/addressing">
  <soapenv:Header>
    <wsa:To>http://www.w3.org/2005/08/addressing/anonymous</wsa:To>
    <wsa:From>
      <wsa:Address>https://nodeD1.test.webservices.amadeus.com/1ASIWIBESXI</wsa:Address>
    </wsa:From>
    <wsa:Action>http://webservices.amadeus.com/QUQPCQ_03_1_1A</wsa:Action>
    <wsa:MessageID>urn:uuid:0fb8380a-d2e2-0e04-1df0-3f332fb3951b</wsa:MessageID>
    <wsa:RelatesTo RelationshipType="http://www.w3.org/2005/08/addressing/reply">b2c65520-5e16-5ec7-442b-056436086f88</wsa:RelatesTo>
    <awsse:Session TransactionStatusCode="InSeries">
      <awsse:SessionId>00R6MZBSLZ</awsse:SessionId>
      <awsse:SequenceNumber>7</awsse:SequenceNumber>
      <awsse:SecurityToken>2J7C8BH3R7URK3PSO41EMMSGFZ</awsse:SecurityToken>
    </awsse:Session>
  </soapenv:Header>
  <soapenv:Body>
    <Queue_PlacePNRReply xmlns="http://xml.amadeus.com/QUQPCR_03_1_1A">
      <recordLocator>
        <reservation>
          <controlNumber>PMICD9</controlNumber>
        </reservation>
      </recordLocator>
    </Queue_PlacePNRReply>
  </soapenv:Body>
</soapenv:Envelope>
