<?xml version="1.0" encoding="UTF-8"?>
<soapenv:Envelope xmlns:soapenv="http://schemas.xmlsoap.org/soap/envelope/" xmlns:awsse="http://xml.amadeus.com/2010/06/Session_v3" xmlns:wsa="http://www.w3.org/2005/08/addressing">
  <soapenv:Header>
    <wsa:To>http://www.w3.org/2005/08/addressing/anonymous</wsa:To>
    <wsa:From>
      <wsa:Address>https://nodeD1.test.webservices.amadeus.com/1ASIWIBESXI</wsa:Address>
    </wsa:From>
    <wsa:Action>http://webservices.amadeus.com/PNRADD_17_1_1A</wsa:Action>
    <wsa:MessageID>urn:uuid:fa3d3de3-7d91-c614-adf2-404a0d2afd61</wsa:MessageID>
    <wsa:RelatesTo RelationshipType="http://www.w3.org/2005/08/addressing/reply">28b4a0e1-8371-6153-99d6-195813d783df</wsa:RelatesTo>
    <awsse:Session TransactionStatusCode="InSeries">
      <awsse:SessionId>00QZQDFYL5</awsse:SessionId>
      <awsse:SequenceNumber>6</awsse:SequenceNumber>
      <awsse:SecurityToken>JH5RJ86NDJDH3UNXXTNIW18KK</awsse:SecurityToken>
    </awsse:Session>
  </soapenv:Header>
  <soapenv:Body>
    <PNR_Reply xmlns="http://xml.amadeus.com/PNRACC_17_1_1A">
      <pnrHeader>
        <reservationInfo>
          <reservation>
            <companyId>1A</companyId>
            <controlNumber>P6EZZQ</controlNumber>
            <date>150420</date>
            <time>1642</time>
          </reservation>
        </reservationInfo>
      </pnrHeader>
      <securityInformation>
        <responsibilityInformation>
          <typeOfPnrElement>RP</typeOfPnrElement>
          <agentId>WSSU</agentId>
          <officeId>YTOC421I9</officeId>
          <iataCode>00844325</iataCode>
        </responsibilityInformation>
        <queueingInformation>
          <queueingOfficeId>YTOC421I9</queueingOfficeId>
        </queueingInformation>
        <cityCode>YTO</cityCode>
        <secondRpInformation>
          <creationOfficeId>YTOC421I9</creationOfficeId>
          <agentSignature>9999WS</agentSignature>
          <creationDate>150420</creationDate>
          <creatorIataCode>00844325</creatorIataCode>
          <creationTime>1642</creationTime>
        </secondRpInformation>
      </securityInformation>
      <freetextData>
        <freetextDetail>
          <subjectQualifier>3</subjectQualifier>
          <type>P12</type>
        </freetextDetail>
        <longFreetext>--- TST RLR MSC SFP ---</longFreetext>
      </freetextData>
      <pnrHeaderTag>
        <statusInformation>
          <indicator>TST</indicator>
        </statusInformation>
        <statusInformation>
          <indicator>RLR</indicator>
        </statusInformation>
        <statusInformation>
          <indicator>MAR</indicator>
        </statusInformation>
        <statusInformation>
          <indicator>SFP</indicator>
        </statusInformation>
      </pnrHeaderTag>
      <sbrPOSDetails>
        <sbrUserIdentificationOwn>
          <originIdentification>
            <originatorId>00844325</originatorId>
            <inHouseIdentification1>YTOC421I9</inHouseIdentification1>
          </originIdentification>
          <originatorTypeCode>T</originatorTypeCode>
        </sbrUserIdentificationOwn>
        <sbrSystemDetails>
          <deliveringSystem>
            <companyId>1A</companyId>
            <locationId>YTO</locationId>
          </deliveringSystem>
        </sbrSystemDetails>
        <sbrPreferences>
          <userPreferences>
            <codedCountry>CA</codedCountry>
          </userPreferences>
        </sbrPreferences>
      </sbrPOSDetails>
      <sbrCreationPosDetails>
        <sbrUserIdentificationOwn>
          <originIdentification>
            <originatorId>00844325</originatorId>
            <inHouseIdentification1>YTOC421I9</inHouseIdentification1>
          </originIdentification>
          <originatorTypeCode>T</originatorTypeCode>
        </sbrUserIdentificationOwn>
        <sbrSystemDetails>
          <deliveringSystem>
            <companyId>1A</companyId>
            <locationId>YTO</locationId>
          </deliveringSystem>
        </sbrSystemDetails>
        <sbrPreferences>
          <userPreferences>
            <codedCountry>CA</codedCountry>
          </userPreferences>
        </sbrPreferences>
      </sbrCreationPosDetails>
      <sbrUpdatorPosDetails>
        <sbrUserIdentificationOwn>
          <originIdentification>
            <originatorId>00844325</originatorId>
            <inHouseIdentification1>YTOC421I9</inHouseIdentification1>
          </originIdentification>
          <originatorTypeCode>T</originatorTypeCode>
        </sbrUserIdentificationOwn>
        <sbrSystemDetails>
          <deliveringSystem>
            <companyId>1A</companyId>
            <locationId>YTO</locationId>
          </deliveringSystem>
        </sbrSystemDetails>
        <sbrPreferences>
          <userPreferences>
            <codedCountry>CA</codedCountry>
          </userPreferences>
        </sbrPreferences>
      </sbrUpdatorPosDetails>
      <technicalData>
        <enveloppeNumberData>
          <sequenceDetails>
            <number>1</number>
          </sequenceDetails>
        </enveloppeNumberData>
        <lastTransmittedEnvelopeNumber>
          <currentRecord>0</currentRecord>
        </lastTransmittedEnvelopeNumber>
        <purgeDateData>
          <dateTime>
            <year>2020</year>
            <month>9</month>
            <day>27</day>
          </dateTime>
        </purgeDateData>
      </technicalData>
      <travellerInfo>
        <elementManagementPassenger>
          <reference>
            <qualifier>PT</qualifier>
            <number>2</number>
          </reference>
          <segmentName>NM</segmentName>
          <lineNumber>1</lineNumber>
        </elementManagementPassenger>
        <passengerData>
          <travellerInformation>
            <traveller>
              <surname>DEV</surname>
              <quantity>1</quantity>
            </traveller>
            <passenger>
              <firstName>SURYA</firstName>
              <type>ADT</type>
            </passenger>
          </travellerInformation>
        </passengerData>
        <enhancedPassengerData>
          <enhancedTravellerInformation>
            <travellerNameInfo>
              <quantity>1</quantity>
              <type>ADT</type>
            </travellerNameInfo>
            <otherPaxNamesDetails>
              <nameType>UN</nameType>
              <referenceName>Y</referenceName>
              <displayedName>Y</displayedName>
              <surname>DEV</surname>
              <givenName>SURYA</givenName>
            </otherPaxNamesDetails>
          </enhancedTravellerInformation>
        </enhancedPassengerData>
      </travellerInfo>
      <originDestinationDetails>
        <originDestination/>
        <itineraryInfo>
          <elementManagementItinerary>
            <reference>
              <qualifier>ST</qualifier>
              <number>1</number>
            </reference>
            <segmentName>AIR</segmentName>
            <lineNumber>2</lineNumber>
          </elementManagementItinerary>
          <travelProduct>
            <product>
              <depDate>140820</depDate>
              <depTime>0205</depTime>
              <arrDate>140820</arrDate>
              <arrTime>0705</arrTime>
            </product>
            <boardpointDetail>
              <cityCode>DEL</cityCode>
            </boardpointDetail>
            <offpointDetail>
              <cityCode>LHR</cityCode>
            </offpointDetail>
            <companyDetail>
              <identification>VS</identification>
            </companyDetail>
            <productDetails>
              <identification>303</identification>
              <classOfService>T</classOfService>
            </productDetails>
            <typeDetail>
              <detail>ET</detail>
            </typeDetail>
          </travelProduct>
          <itineraryMessageAction>
            <business>
              <function>1</function>
            </business>
          </itineraryMessageAction>
          <relatedProduct>
            <quantity>1</quantity>
            <status>HK</status>
          </relatedProduct>
          <flightDetail>
            <productDetails>
              <equipment>789</equipment>
              <numOfStops>0</numOfStops>
              <duration>0930</duration>
              <weekDay>5</weekDay>
            </productDetails>
            <departureInformation>
              <departTerminal>3</departTerminal>
            </departureInformation>
            <arrivalStationInfo>
              <terminal>3</terminal>
            </arrivalStationInfo>
            <mileageTimeDetails>
              <flightLegMileage>4191</flightLegMileage>
              <unitQualifier>M</unitQualifier>
            </mileageTimeDetails>
            <facilities>
              <entertainement>M</entertainement>
              <entertainementDescription>L</entertainementDescription>
            </facilities>
          </flightDetail>
          <cabinDetails>
            <cabinDetails>
              <classDesignator>M</classDesignator>
            </cabinDetails>
          </cabinDetails>
          <selectionDetails>
            <selection>
              <option>P2</option>
            </selection>
          </selectionDetails>
          <carbonDioxydeInfo>
            <carbonDioxydeAmount>
              <quantityDetails>
                <qualifier>COE</qualifier>
                <value>283.536460</value>
                <unit>KPP</unit>
              </quantityDetails>
            </carbonDioxydeAmount>
            <carbonDioxydeInfoSource>
              <freeTextDetails>
                <textSubjectQualifier>3</textSubjectQualifier>
                <source>S</source>
                <encoding>7</encoding>
              </freeTextDetails>
              <freeText>SOURCE:ICAO CARBON EMISSIONS CALCULATOR</freeText>
            </carbonDioxydeInfoSource>
          </carbonDioxydeInfo>
          <distributionMethod>
            <methodCode>E</methodCode>
          </distributionMethod>
          <legInfo>
            <markerLegInfo/>
            <legTravelProduct>
              <flightDate>
                <departureDate>140820</departureDate>
                <departureTime>0205</departureTime>
                <arrivalDate>140820</arrivalDate>
                <arrivalTime>0705</arrivalTime>
              </flightDate>
              <boardPointDetails>
                <trueLocationId>DEL</trueLocationId>
              </boardPointDetails>
              <offpointDetails>
                <trueLocationId>LHR</trueLocationId>
              </offpointDetails>
            </legTravelProduct>
            <interactiveFreeText>
              <freeTextQualification>
                <textSubjectQualifier>ACO</textSubjectQualifier>
              </freeTextQualification>
              <freeText>AIRCRAFT OWNER VIRGIN ATLANTIC</freeText>
            </interactiveFreeText>
          </legInfo>
          <markerRailTour/>
        </itineraryInfo>
        <itineraryInfo>
          <elementManagementItinerary>
            <reference>
              <qualifier>ST</qualifier>
              <number>2</number>
            </reference>
            <segmentName>AIR</segmentName>
            <lineNumber>3</lineNumber>
          </elementManagementItinerary>
          <travelProduct>
            <product>
              <depDate>140820</depDate>
              <depTime>0905</depTime>
              <arrDate>140820</arrDate>
              <arrTime>1155</arrTime>
            </product>
            <boardpointDetail>
              <cityCode>LHR</cityCode>
            </boardpointDetail>
            <offpointDetail>
              <cityCode>JFK</cityCode>
            </offpointDetail>
            <companyDetail>
              <identification>VS</identification>
            </companyDetail>
            <productDetails>
              <identification>3</identification>
              <classOfService>T</classOfService>
            </productDetails>
            <typeDetail>
              <detail>ET</detail>
            </typeDetail>
          </travelProduct>
          <itineraryMessageAction>
            <business>
              <function>1</function>
            </business>
          </itineraryMessageAction>
          <relatedProduct>
            <quantity>1</quantity>
            <status>HK</status>
          </relatedProduct>
          <elementsIndicators>
            <statusInformation>
              <indicator>TSA</indicator>
            </statusInformation>
          </elementsIndicators>
          <flightDetail>
            <productDetails>
              <equipment>333</equipment>
              <numOfStops>0</numOfStops>
              <duration>0750</duration>
              <weekDay>5</weekDay>
            </productDetails>
            <departureInformation>
              <departTerminal>3</departTerminal>
            </departureInformation>
            <arrivalStationInfo>
              <terminal>4</terminal>
            </arrivalStationInfo>
            <mileageTimeDetails>
              <flightLegMileage>3451</flightLegMileage>
              <unitQualifier>M</unitQualifier>
            </mileageTimeDetails>
            <facilities>
              <entertainement>M</entertainement>
              <entertainementDescription>L</entertainementDescription>
            </facilities>
          </flightDetail>
          <cabinDetails>
            <cabinDetails>
              <classDesignator>M</classDesignator>
            </cabinDetails>
          </cabinDetails>
          <selectionDetails>
            <selection>
              <option>P2</option>
            </selection>
          </selectionDetails>
          <carbonDioxydeInfo>
            <carbonDioxydeAmount>
              <quantityDetails>
                <qualifier>COE</qualifier>
                <value>335.445323</value>
                <unit>KPP</unit>
              </quantityDetails>
            </carbonDioxydeAmount>
            <carbonDioxydeInfoSource>
              <freeTextDetails>
                <textSubjectQualifier>3</textSubjectQualifier>
                <source>S</source>
                <encoding>7</encoding>
              </freeTextDetails>
              <freeText>SOURCE:ICAO CARBON EMISSIONS CALCULATOR</freeText>
            </carbonDioxydeInfoSource>
          </carbonDioxydeInfo>
          <distributionMethod>
            <methodCode>E</methodCode>
          </distributionMethod>
          <legInfo>
            <markerLegInfo/>
            <legTravelProduct>
              <flightDate>
                <departureDate>140820</departureDate>
                <departureTime>0905</departureTime>
                <arrivalDate>140820</arrivalDate>
                <arrivalTime>1155</arrivalTime>
              </flightDate>
              <boardPointDetails>
                <trueLocationId>LHR</trueLocationId>
              </boardPointDetails>
              <offpointDetails>
                <trueLocationId>JFK</trueLocationId>
              </offpointDetails>
            </legTravelProduct>
            <interactiveFreeText>
              <freeTextQualification>
                <textSubjectQualifier>ACO</textSubjectQualifier>
              </freeTextQualification>
              <freeText>AIRCRAFT OWNER VIRGIN ATLANTIC</freeText>
            </interactiveFreeText>
          </legInfo>
          <markerRailTour/>
        </itineraryInfo>
        <itineraryInfo>
          <elementManagementItinerary>
            <reference>
              <qualifier>ST</qualifier>
              <number>3</number>
            </reference>
            <segmentName>AIR</segmentName>
            <lineNumber>4</lineNumber>
          </elementManagementItinerary>
          <travelProduct>
            <product>
              <depDate>220920</depDate>
              <depTime>2001</depTime>
              <arrDate>230920</arrDate>
              <arrTime>0800</arrTime>
              <dayChangeIndicator>1</dayChangeIndicator>
            </product>
            <boardpointDetail>
              <cityCode>JFK</cityCode>
            </boardpointDetail>
            <offpointDetail>
              <cityCode>LHR</cityCode>
            </offpointDetail>
            <companyDetail>
              <identification>VS</identification>
            </companyDetail>
            <productDetails>
              <identification>138</identification>
              <classOfService>T</classOfService>
            </productDetails>
            <typeDetail>
              <detail>ET</detail>
            </typeDetail>
          </travelProduct>
          <itineraryMessageAction>
            <business>
              <function>1</function>
            </business>
          </itineraryMessageAction>
          <relatedProduct>
            <quantity>1</quantity>
            <status>HK</status>
          </relatedProduct>
          <elementsIndicators>
            <statusInformation>
              <indicator>TSA</indicator>
            </statusInformation>
          </elementsIndicators>
          <flightDetail>
            <productDetails>
              <equipment>789</equipment>
              <numOfStops>0</numOfStops>
              <duration>0659</duration>
              <weekDay>2</weekDay>
            </productDetails>
            <departureInformation>
              <departTerminal>4</departTerminal>
            </departureInformation>
            <arrivalStationInfo>
              <terminal>3</terminal>
            </arrivalStationInfo>
            <mileageTimeDetails>
              <flightLegMileage>3451</flightLegMileage>
              <unitQualifier>M</unitQualifier>
            </mileageTimeDetails>
            <facilities>
              <entertainement>M</entertainement>
              <entertainementDescription>D</entertainementDescription>
            </facilities>
          </flightDetail>
          <cabinDetails>
            <cabinDetails>
              <classDesignator>M</classDesignator>
            </cabinDetails>
          </cabinDetails>
          <selectionDetails>
            <selection>
              <option>P2</option>
            </selection>
          </selectionDetails>
          <carbonDioxydeInfo>
            <carbonDioxydeAmount>
              <quantityDetails>
                <qualifier>COE</qualifier>
                <value>335.463041</value>
                <unit>KPP</unit>
              </quantityDetails>
            </carbonDioxydeAmount>
            <carbonDioxydeInfoSource>
              <freeTextDetails>
                <textSubjectQualifier>3</textSubjectQualifier>
                <source>S</source>
                <encoding>7</encoding>
              </freeTextDetails>
              <freeText>SOURCE:ICAO CARBON EMISSIONS CALCULATOR</freeText>
            </carbonDioxydeInfoSource>
          </carbonDioxydeInfo>
          <distributionMethod>
            <methodCode>E</methodCode>
          </distributionMethod>
          <legInfo>
            <markerLegInfo/>
            <legTravelProduct>
              <flightDate>
                <departureDate>220920</departureDate>
                <departureTime>2001</departureTime>
                <arrivalDate>230920</arrivalDate>
                <arrivalTime>0800</arrivalTime>
              </flightDate>
              <boardPointDetails>
                <trueLocationId>JFK</trueLocationId>
              </boardPointDetails>
              <offpointDetails>
                <trueLocationId>LHR</trueLocationId>
              </offpointDetails>
            </legTravelProduct>
            <interactiveFreeText>
              <freeTextQualification>
                <textSubjectQualifier>ACO</textSubjectQualifier>
              </freeTextQualification>
              <freeText>AIRCRAFT OWNER VIRGIN ATLANTIC</freeText>
            </interactiveFreeText>
          </legInfo>
          <markerRailTour/>
        </itineraryInfo>
        <itineraryInfo>
          <elementManagementItinerary>
            <reference>
              <qualifier>ST</qualifier>
              <number>4</number>
            </reference>
            <segmentName>AIR</segmentName>
            <lineNumber>5</lineNumber>
          </elementManagementItinerary>
          <travelProduct>
            <product>
              <depDate>230920</depDate>
              <depTime>0925</depTime>
              <arrDate>230920</arrDate>
              <arrTime>2225</arrTime>
            </product>
            <boardpointDetail>
              <cityCode>LHR</cityCode>
            </boardpointDetail>
            <offpointDetail>
              <cityCode>DEL</cityCode>
            </offpointDetail>
            <companyDetail>
              <identification>VS</identification>
            </companyDetail>
            <productDetails>
              <identification>302</identification>
              <classOfService>T</classOfService>
            </productDetails>
            <typeDetail>
              <detail>ET</detail>
            </typeDetail>
          </travelProduct>
          <itineraryMessageAction>
            <business>
              <function>1</function>
            </business>
          </itineraryMessageAction>
          <relatedProduct>
            <quantity>1</quantity>
            <status>HK</status>
          </relatedProduct>
          <flightDetail>
            <productDetails>
              <equipment>789</equipment>
              <numOfStops>0</numOfStops>
              <duration>0830</duration>
              <weekDay>3</weekDay>
            </productDetails>
            <departureInformation>
              <departTerminal>3</departTerminal>
            </departureInformation>
            <arrivalStationInfo>
              <terminal>3</terminal>
            </arrivalStationInfo>
            <mileageTimeDetails>
              <flightLegMileage>4191</flightLegMileage>
              <unitQualifier>M</unitQualifier>
            </mileageTimeDetails>
            <facilities>
              <entertainement>M</entertainement>
              <entertainementDescription>L</entertainementDescription>
            </facilities>
          </flightDetail>
          <cabinDetails>
            <cabinDetails>
              <classDesignator>M</classDesignator>
            </cabinDetails>
          </cabinDetails>
          <selectionDetails>
            <selection>
              <option>P2</option>
            </selection>
          </selectionDetails>
          <carbonDioxydeInfo>
            <carbonDioxydeAmount>
              <quantityDetails>
                <qualifier>COE</qualifier>
                <value>283.466441</value>
                <unit>KPP</unit>
              </quantityDetails>
            </carbonDioxydeAmount>
            <carbonDioxydeInfoSource>
              <freeTextDetails>
                <textSubjectQualifier>3</textSubjectQualifier>
                <source>S</source>
                <encoding>7</encoding>
              </freeTextDetails>
              <freeText>SOURCE:ICAO CARBON EMISSIONS CALCULATOR</freeText>
            </carbonDioxydeInfoSource>
          </carbonDioxydeInfo>
          <distributionMethod>
            <methodCode>E</methodCode>
          </distributionMethod>
          <legInfo>
            <markerLegInfo/>
            <legTravelProduct>
              <flightDate>
                <departureDate>230920</departureDate>
                <departureTime>0925</departureTime>
                <arrivalDate>230920</arrivalDate>
                <arrivalTime>2230</arrivalTime>
              </flightDate>
              <boardPointDetails>
                <trueLocationId>LHR</trueLocationId>
              </boardPointDetails>
              <offpointDetails>
                <trueLocationId>DEL</trueLocationId>
              </offpointDetails>
            </legTravelProduct>
            <interactiveFreeText>
              <freeTextQualification>
                <textSubjectQualifier>ACO</textSubjectQualifier>
              </freeTextQualification>
              <freeText>AIRCRAFT OWNER VIRGIN ATLANTIC</freeText>
            </interactiveFreeText>
          </legInfo>
          <markerRailTour/>
        </itineraryInfo>
      </originDestinationDetails>
      <segmentGroupingInfo>
        <groupingCode>CNX</groupingCode>
        <marriageDetail>
          <tatooNum>1</tatooNum>
        </marriageDetail>
        <marriageDetail>
          <tatooNum>2</tatooNum>
        </marriageDetail>
      </segmentGroupingInfo>
      <segmentGroupingInfo>
        <groupingCode>CNX</groupingCode>
        <marriageDetail>
          <tatooNum>3</tatooNum>
        </marriageDetail>
        <marriageDetail>
          <tatooNum>4</tatooNum>
        </marriageDetail>
      </segmentGroupingInfo>
      <segmentGroupingInfo>
        <groupingCode>MIN</groupingCode>
        <marriageDetail>
          <marriageQualifier>D</marriageQualifier>
          <tatooNum>1</tatooNum>
        </marriageDetail>
        <marriageDetail>
          <marriageQualifier>D</marriageQualifier>
          <tatooNum>2</tatooNum>
        </marriageDetail>
      </segmentGroupingInfo>
      <segmentGroupingInfo>
        <groupingCode>MIN</groupingCode>
        <marriageDetail>
          <marriageQualifier>D</marriageQualifier>
          <tatooNum>3</tatooNum>
        </marriageDetail>
        <marriageDetail>
          <marriageQualifier>D</marriageQualifier>
          <tatooNum>4</tatooNum>
        </marriageDetail>
      </segmentGroupingInfo>
      <dataElementsMaster>
        <marker2/>
        <dataElementsIndiv>
          <elementManagementData>
            <reference>
              <qualifier>OT</qualifier>
              <number>6</number>
            </reference>
            <segmentName>AP</segmentName>
            <lineNumber>6</lineNumber>
          </elementManagementData>
          <otherDataFreetext>
            <freetextDetail>
              <subjectQualifier>3</subjectQualifier>
              <type>5</type>
            </freetextDetail>
            <longFreetext>YTO 647 545-0463 - SOFTWARE XPRTS, INC. - A</longFreetext>
          </otherDataFreetext>
        </dataElementsIndiv>
        <dataElementsIndiv>
          <elementManagementData>
            <reference>
              <qualifier>OT</qualifier>
              <number>7</number>
            </reference>
            <segmentName>TK</segmentName>
            <lineNumber>7</lineNumber>
          </elementManagementData>
          <ticketElement>
            <ticket>
              <indicator>OK</indicator>
              <date>150420</date>
              <officeId>YTOC421I9</officeId>
            </ticket>
          </ticketElement>
        </dataElementsIndiv>
        <dataElementsIndiv>
          <elementManagementData>
            <reference>
              <qualifier>OT</qualifier>
              <number>11</number>
            </reference>
            <segmentName>SSR</segmentName>
            <lineNumber>8</lineNumber>
          </elementManagementData>
          <serviceRequest>
            <ssr>
              <type>DOCS</type>
              <status>HK</status>
              <quantity>1</quantity>
              <companyId>VS</companyId>
              <freeText>////20OCT90/M//DEV/SURYA</freeText>
            </ssr>
          </serviceRequest>
          <referenceForDataElement>
            <reference>
              <qualifier>PT</qualifier>
              <number>2</number>
            </reference>
          </referenceForDataElement>
        </dataElementsIndiv>
        <dataElementsIndiv>
          <elementManagementData>
            <reference>
              <qualifier>OT</qualifier>
              <number>5</number>
            </reference>
            <segmentName>RM</segmentName>
            <lineNumber>9</lineNumber>
          </elementManagementData>
          <miscellaneousRemarks>
            <remarks>
              <type>RM</type>
              <freetext>NOTIFY PASSENGER PRIOR TO TICKET PURCHASE &amp; CHECK-IN: FEDERAL LAWS FORBID THE CARRIAGE OF HAZARDOUS MATERIALS - GGAMAUSHAZ</freetext>
            </remarks>
          </miscellaneousRemarks>
          <extendedRemark>
            <structuredRemark>
              <type>RM</type>
              <freetext>NOTIFY PASSENGER PRIOR TO TICKET PURCHASE &amp; CHECK-IN: FEDERAL LAWS FORBID THE CARRIAGE OF HAZARDOUS MATERIALS - GGAMAUSHAZ</freetext>
            </structuredRemark>
          </extendedRemark>
          <referenceForDataElement>
            <reference>
              <qualifier>ST</qualifier>
              <number>2</number>
            </reference>
            <reference>
              <qualifier>ST</qualifier>
              <number>3</number>
            </reference>
          </referenceForDataElement>
        </dataElementsIndiv>
        <dataElementsIndiv>
          <elementManagementData>
            <reference>
              <qualifier>OT</qualifier>
              <number>8</number>
            </reference>
            <segmentName>FE</segmentName>
            <lineNumber>10</lineNumber>
          </elementManagementData>
          <otherDataFreetext>
            <freetextDetail>
              <subjectQualifier>3</subjectQualifier>
              <type>10</type>
            </freetextDetail>
            <longFreetext>PAX CHNG FEE APPLIES / NONREF -BG:VS</longFreetext>
          </otherDataFreetext>
          <referenceForDataElement>
            <reference>
              <qualifier>ST</qualifier>
              <number>1</number>
            </reference>
            <reference>
              <qualifier>ST</qualifier>
              <number>2</number>
            </reference>
            <reference>
              <qualifier>ST</qualifier>
              <number>3</number>
            </reference>
            <reference>
              <qualifier>ST</qualifier>
              <number>4</number>
            </reference>
            <reference>
              <qualifier>PT</qualifier>
              <number>2</number>
            </reference>
          </referenceForDataElement>
        </dataElementsIndiv>
        <dataElementsIndiv>
          <elementManagementData>
            <reference>
              <qualifier>OT</qualifier>
              <number>10</number>
            </reference>
            <segmentName>FP</segmentName>
            <lineNumber>11</lineNumber>
          </elementManagementData>
          <otherDataFreetext>
            <freetextDetail>
              <subjectQualifier>3</subjectQualifier>
              <type>16</type>
            </freetextDetail>
            <longFreetext>CASH</longFreetext>
          </otherDataFreetext>
        </dataElementsIndiv>
        <dataElementsIndiv>
          <elementManagementData>
            <reference>
              <qualifier>OT</qualifier>
              <number>9</number>
            </reference>
            <segmentName>FV</segmentName>
            <lineNumber>12</lineNumber>
          </elementManagementData>
          <otherDataFreetext>
            <freetextDetail>
              <subjectQualifier>3</subjectQualifier>
              <type>P18</type>
            </freetextDetail>
            <longFreetext>PAX VS</longFreetext>
          </otherDataFreetext>
          <referenceForDataElement>
            <reference>
              <qualifier>ST</qualifier>
              <number>1</number>
            </reference>
            <reference>
              <qualifier>ST</qualifier>
              <number>2</number>
            </reference>
            <reference>
              <qualifier>ST</qualifier>
              <number>3</number>
            </reference>
            <reference>
              <qualifier>ST</qualifier>
              <number>4</number>
            </reference>
            <reference>
              <qualifier>PT</qualifier>
              <number>2</number>
            </reference>
          </referenceForDataElement>
        </dataElementsIndiv>
      </dataElementsMaster>
    </PNR_Reply>
  </soapenv:Body>
</soapenv:Envelope>
