<?xml version="1.0" encoding="UTF-8"?>
<soapenv:Envelope xmlns:soapenv="http://schemas.xmlsoap.org/soap/envelope/" xmlns:awsse="http://xml.amadeus.com/2010/06/Session_v3" xmlns:wsa="http://www.w3.org/2005/08/addressing">
  <soapenv:Header>
    <wsa:To>http://www.w3.org/2005/08/addressing/anonymous</wsa:To>
    <wsa:From>
      <wsa:Address>https://nodeD1.test.webservices.amadeus.com/1ASIWIBESXI</wsa:Address>
    </wsa:From>
    <wsa:Action>http://webservices.amadeus.com/PNRADD_17_1_1A</wsa:Action>
    <wsa:MessageID>urn:uuid:cc8d719d-d3f4-04c4-7152-6985335595b5</wsa:MessageID>
    <wsa:RelatesTo RelationshipType="http://www.w3.org/2005/08/addressing/reply">c6e16caa-d587-2689-6f86-7ae57661a676</wsa:RelatesTo>
    <awsse:Session TransactionStatusCode="InSeries">
      <awsse:SessionId>00QZ8M5XY2</awsse:SessionId>
      <awsse:SequenceNumber>6</awsse:SequenceNumber>
      <awsse:SecurityToken>1XP0T1XMSZHXVLNMYSY3YJGYP</awsse:SecurityToken>
    </awsse:Session>
  </soapenv:Header>
  <soapenv:Body>
    <PNR_Reply xmlns="http://xml.amadeus.com/PNRACC_17_1_1A">
      <generalErrorInfo>
        <errorOrWarningCodeDetails>
          <errorDetails>
            <errorCode>8111</errorCode>
            <errorCategory>EC</errorCategory>
            <errorCodeOwner>1A</errorCodeOwner>
          </errorDetails>
        </errorOrWarningCodeDetails>
        <errorWarningDescription>
          <freeTextDetails>
            <textSubjectQualifier>3</textSubjectQualifier>
            <source>M</source>
            <encoding>1</encoding>
          </freeTextDetails>
          <freeText>ERROR AT END OF TRANSACTION TIME</freeText>
          <freeText>ERROR AT EOT TIME                                                     </freeText>
          <freeText>WARNING: CHECK ARRIVAL/DEPARTURE - SEGMENT 4/5                        </freeText>
        </errorWarningDescription>
      </generalErrorInfo>
      <pnrHeader>
        <reservationInfo>
          <reservation>
            <companyId>1A</companyId>
          </reservation>
        </reservationInfo>
      </pnrHeader>
      <securityInformation>
        <responsibilityInformation>
          <typeOfPnrElement>RP</typeOfPnrElement>
          <officeId>YTOC421I9</officeId>
          <iataCode>00844325</iataCode>
        </responsibilityInformation>
        <queueingInformation>
          <queueingOfficeId>YTOC421I9</queueingOfficeId>
        </queueingInformation>
        <cityCode>YTO</cityCode>
      </securityInformation>
      <freetextData>
        <freetextDetail>
          <subjectQualifier>3</subjectQualifier>
          <type>P12</type>
        </freetextDetail>
        <longFreetext>--- TST MSC SFP ---</longFreetext>
      </freetextData>
      <pnrHeaderTag>
        <statusInformation>
          <indicator>TST</indicator>
        </statusInformation>
        <statusInformation>
          <indicator>MAR</indicator>
        </statusInformation>
        <statusInformation>
          <indicator>SFP</indicator>
        </statusInformation>
      </pnrHeaderTag>
      <sbrPOSDetails>
        <sbrUserIdentificationOwn>
          <originIdentification>
            <inHouseIdentification1> </inHouseIdentification1>
          </originIdentification>
        </sbrUserIdentificationOwn>
        <sbrSystemDetails>
          <deliveringSystem>
            <companyId> </companyId>
          </deliveringSystem>
        </sbrSystemDetails>
        <sbrPreferences>
          <userPreferences>
            <codedCountry> </codedCountry>
          </userPreferences>
        </sbrPreferences>
      </sbrPOSDetails>
      <sbrCreationPosDetails>
        <sbrUserIdentificationOwn>
          <originIdentification>
            <inHouseIdentification1> </inHouseIdentification1>
          </originIdentification>
        </sbrUserIdentificationOwn>
        <sbrSystemDetails>
          <deliveringSystem>
            <companyId> </companyId>
          </deliveringSystem>
        </sbrSystemDetails>
        <sbrPreferences>
          <userPreferences>
            <codedCountry> </codedCountry>
          </userPreferences>
        </sbrPreferences>
      </sbrCreationPosDetails>
      <sbrUpdatorPosDetails>
        <sbrUserIdentificationOwn>
          <originIdentification>
            <originatorId>00844325</originatorId>
            <inHouseIdentification1>YTOC421I9</inHouseIdentification1>
          </originIdentification>
          <originatorTypeCode>T</originatorTypeCode>
        </sbrUserIdentificationOwn>
        <sbrSystemDetails>
          <deliveringSystem>
            <companyId>1A</companyId>
            <locationId>YTO</locationId>
          </deliveringSystem>
        </sbrSystemDetails>
        <sbrPreferences>
          <userPreferences>
            <codedCountry>CA</codedCountry>
          </userPreferences>
        </sbrPreferences>
      </sbrUpdatorPosDetails>
      <travellerInfo>
        <elementManagementPassenger>
          <reference>
            <qualifier>PT</qualifier>
            <number>2</number>
          </reference>
          <segmentName>NM</segmentName>
          <lineNumber>1</lineNumber>
        </elementManagementPassenger>
        <passengerData>
          <travellerInformation>
            <traveller>
              <surname>DEV</surname>
              <quantity>1</quantity>
            </traveller>
            <passenger>
              <firstName>SURYA</firstName>
              <type>ADT</type>
            </passenger>
          </travellerInformation>
        </passengerData>
        <enhancedPassengerData>
          <enhancedTravellerInformation>
            <travellerNameInfo>
              <quantity>1</quantity>
              <type>ADT</type>
            </travellerNameInfo>
            <otherPaxNamesDetails>
              <nameType>UN</nameType>
              <referenceName>Y</referenceName>
              <displayedName>Y</displayedName>
              <surname>DEV</surname>
              <givenName>SURYA</givenName>
            </otherPaxNamesDetails>
          </enhancedTravellerInformation>
        </enhancedPassengerData>
      </travellerInfo>
      <originDestinationDetails>
        <originDestination/>
        <itineraryInfo>
          <elementManagementItinerary>
            <reference>
              <qualifier>ST</qualifier>
              <number>1</number>
            </reference>
            <segmentName>AIR</segmentName>
            <lineNumber>2</lineNumber>
          </elementManagementItinerary>
          <travelProduct>
            <product>
              <depDate>130820</depDate>
              <depTime>0945</depTime>
              <arrDate>130820</arrDate>
              <arrTime>1251</arrTime>
            </product>
            <boardpointDetail>
              <cityCode>SEA</cityCode>
            </boardpointDetail>
            <offpointDetail>
              <cityCode>SLC</cityCode>
            </offpointDetail>
            <companyDetail>
              <identification>DL</identification>
            </companyDetail>
            <productDetails>
              <identification>2124</identification>
              <classOfService>E</classOfService>
            </productDetails>
            <typeDetail>
              <detail>ET</detail>
            </typeDetail>
          </travelProduct>
          <itineraryMessageAction>
            <business>
              <function>1</function>
            </business>
          </itineraryMessageAction>
          <relatedProduct>
            <quantity>1</quantity>
            <status>HK</status>
          </relatedProduct>
          <elementsIndicators>
            <statusInformation>
              <indicator>TSA</indicator>
            </statusInformation>
          </elementsIndicators>
          <flightDetail>
            <productDetails>
              <equipment>738</equipment>
              <numOfStops>0</numOfStops>
              <duration>0206</duration>
              <weekDay>4</weekDay>
            </productDetails>
            <arrivalStationInfo>
              <terminal>2</terminal>
            </arrivalStationInfo>
            <mileageTimeDetails>
              <flightLegMileage>689</flightLegMileage>
              <unitQualifier>M</unitQualifier>
            </mileageTimeDetails>
            <facilities>
              <entertainement>M</entertainement>
              <entertainementDescription>N</entertainementDescription>
            </facilities>
          </flightDetail>
          <cabinDetails>
            <cabinDetails>
              <classDesignator>M</classDesignator>
            </cabinDetails>
          </cabinDetails>
          <selectionDetails>
            <selection>
              <option>P2</option>
            </selection>
          </selectionDetails>
          <carbonDioxydeInfo>
            <carbonDioxydeAmount>
              <quantityDetails>
                <qualifier>COE</qualifier>
                <value>115.832165</value>
                <unit>KPP</unit>
              </quantityDetails>
            </carbonDioxydeAmount>
            <carbonDioxydeInfoSource>
              <freeTextDetails>
                <textSubjectQualifier>3</textSubjectQualifier>
                <source>S</source>
                <encoding>7</encoding>
              </freeTextDetails>
              <freeText>SOURCE:ICAO CARBON EMISSIONS CALCULATOR</freeText>
            </carbonDioxydeInfoSource>
          </carbonDioxydeInfo>
          <itineraryfreeFormText>
            <freeTextQualification>
              <textSubjectQualifier>3</textSubjectQualifier>
            </freeTextQualification>
            <freeText>SEE RTSVC</freeText>
          </itineraryfreeFormText>
          <distributionMethod>
            <methodCode>E</methodCode>
          </distributionMethod>
          <legInfo>
            <markerLegInfo/>
            <legTravelProduct>
              <flightDate>
                <departureDate>130820</departureDate>
                <departureTime>0945</departureTime>
                <arrivalDate>130820</arrivalDate>
                <arrivalTime>1251</arrivalTime>
              </flightDate>
              <boardPointDetails>
                <trueLocationId>SEA</trueLocationId>
              </boardPointDetails>
              <offpointDetails>
                <trueLocationId>SLC</trueLocationId>
              </offpointDetails>
            </legTravelProduct>
            <interactiveFreeText>
              <freeTextQualification>
                <textSubjectQualifier>ACO</textSubjectQualifier>
              </freeTextQualification>
              <freeText>AIRCRAFT OWNER DELTA AIR LINES</freeText>
            </interactiveFreeText>
          </legInfo>
          <markerRailTour/>
        </itineraryInfo>
        <itineraryInfo>
          <elementManagementItinerary>
            <reference>
              <qualifier>ST</qualifier>
              <number>2</number>
            </reference>
            <segmentName>AIR</segmentName>
            <lineNumber>3</lineNumber>
          </elementManagementItinerary>
          <travelProduct>
            <product>
              <depDate>130820</depDate>
              <depTime>1345</depTime>
              <arrDate>130820</arrDate>
              <arrTime>2027</arrTime>
            </product>
            <boardpointDetail>
              <cityCode>SLC</cityCode>
            </boardpointDetail>
            <offpointDetail>
              <cityCode>MIA</cityCode>
            </offpointDetail>
            <companyDetail>
              <identification>DL</identification>
            </companyDetail>
            <productDetails>
              <identification>475</identification>
              <classOfService>E</classOfService>
            </productDetails>
            <typeDetail>
              <detail>ET</detail>
            </typeDetail>
          </travelProduct>
          <itineraryMessageAction>
            <business>
              <function>1</function>
            </business>
          </itineraryMessageAction>
          <relatedProduct>
            <quantity>1</quantity>
            <status>HK</status>
          </relatedProduct>
          <elementsIndicators>
            <statusInformation>
              <indicator>TSA</indicator>
            </statusInformation>
          </elementsIndicators>
          <flightDetail>
            <productDetails>
              <equipment>738</equipment>
              <numOfStops>0</numOfStops>
              <duration>0442</duration>
              <weekDay>4</weekDay>
            </productDetails>
            <departureInformation>
              <departTerminal>2</departTerminal>
            </departureInformation>
            <mileageTimeDetails>
              <flightLegMileage>2088</flightLegMileage>
              <unitQualifier>M</unitQualifier>
            </mileageTimeDetails>
            <facilities>
              <entertainement>M</entertainement>
              <entertainementDescription>F</entertainementDescription>
            </facilities>
          </flightDetail>
          <cabinDetails>
            <cabinDetails>
              <classDesignator>M</classDesignator>
            </cabinDetails>
          </cabinDetails>
          <selectionDetails>
            <selection>
              <option>P2</option>
            </selection>
          </selectionDetails>
          <carbonDioxydeInfo>
            <carbonDioxydeAmount>
              <quantityDetails>
                <qualifier>COE</qualifier>
                <value>250.954576</value>
                <unit>KPP</unit>
              </quantityDetails>
            </carbonDioxydeAmount>
            <carbonDioxydeInfoSource>
              <freeTextDetails>
                <textSubjectQualifier>3</textSubjectQualifier>
                <source>S</source>
                <encoding>7</encoding>
              </freeTextDetails>
              <freeText>SOURCE:ICAO CARBON EMISSIONS CALCULATOR</freeText>
            </carbonDioxydeInfoSource>
          </carbonDioxydeInfo>
          <itineraryfreeFormText>
            <freeTextQualification>
              <textSubjectQualifier>3</textSubjectQualifier>
            </freeTextQualification>
            <freeText>MOVIES</freeText>
            <freeText>SEE RTSVC</freeText>
          </itineraryfreeFormText>
          <distributionMethod>
            <methodCode>E</methodCode>
          </distributionMethod>
          <legInfo>
            <markerLegInfo/>
            <legTravelProduct>
              <flightDate>
                <departureDate>130820</departureDate>
                <departureTime>1345</departureTime>
                <arrivalDate>130820</arrivalDate>
                <arrivalTime>2027</arrivalTime>
              </flightDate>
              <boardPointDetails>
                <trueLocationId>SLC</trueLocationId>
              </boardPointDetails>
              <offpointDetails>
                <trueLocationId>MIA</trueLocationId>
              </offpointDetails>
            </legTravelProduct>
            <interactiveFreeText>
              <freeTextQualification>
                <textSubjectQualifier>ACO</textSubjectQualifier>
              </freeTextQualification>
              <freeText>AIRCRAFT OWNER DELTA AIR LINES</freeText>
            </interactiveFreeText>
          </legInfo>
          <markerRailTour/>
        </itineraryInfo>
        <itineraryInfo>
          <elementManagementItinerary>
            <reference>
              <qualifier>ST</qualifier>
              <number>3</number>
            </reference>
            <segmentName>AIR</segmentName>
            <lineNumber>4</lineNumber>
          </elementManagementItinerary>
          <travelProduct>
            <product>
              <depDate>220920</depDate>
              <depTime>0630</depTime>
              <arrDate>220920</arrDate>
              <arrTime>0825</arrTime>
            </product>
            <boardpointDetail>
              <cityCode>MIA</cityCode>
            </boardpointDetail>
            <offpointDetail>
              <cityCode>ATL</cityCode>
            </offpointDetail>
            <companyDetail>
              <identification>DL</identification>
            </companyDetail>
            <productDetails>
              <identification>940</identification>
              <classOfService>E</classOfService>
            </productDetails>
            <typeDetail>
              <detail>ET</detail>
            </typeDetail>
          </travelProduct>
          <itineraryMessageAction>
            <business>
              <function>1</function>
            </business>
          </itineraryMessageAction>
          <relatedProduct>
            <quantity>1</quantity>
            <status>HK</status>
          </relatedProduct>
          <elementsIndicators>
            <statusInformation>
              <indicator>TSA</indicator>
            </statusInformation>
          </elementsIndicators>
          <flightDetail>
            <productDetails>
              <equipment>321</equipment>
              <numOfStops>0</numOfStops>
              <duration>0155</duration>
              <weekDay>2</weekDay>
            </productDetails>
            <arrivalStationInfo>
              <terminal>S</terminal>
            </arrivalStationInfo>
            <mileageTimeDetails>
              <flightLegMileage>595</flightLegMileage>
              <unitQualifier>M</unitQualifier>
            </mileageTimeDetails>
          </flightDetail>
          <cabinDetails>
            <cabinDetails>
              <classDesignator>M</classDesignator>
            </cabinDetails>
          </cabinDetails>
          <selectionDetails>
            <selection>
              <option>P2</option>
            </selection>
          </selectionDetails>
          <carbonDioxydeInfo>
            <carbonDioxydeAmount>
              <quantityDetails>
                <qualifier>COE</qualifier>
                <value>107.591861</value>
                <unit>KPP</unit>
              </quantityDetails>
            </carbonDioxydeAmount>
            <carbonDioxydeInfoSource>
              <freeTextDetails>
                <textSubjectQualifier>3</textSubjectQualifier>
                <source>S</source>
                <encoding>7</encoding>
              </freeTextDetails>
              <freeText>SOURCE:ICAO CARBON EMISSIONS CALCULATOR</freeText>
            </carbonDioxydeInfoSource>
          </carbonDioxydeInfo>
          <itineraryfreeFormText>
            <freeTextQualification>
              <textSubjectQualifier>3</textSubjectQualifier>
            </freeTextQualification>
            <freeText>SEE RTSVC</freeText>
            <freeText>WARNING - CHECK TIMES</freeText>
          </itineraryfreeFormText>
          <distributionMethod>
            <methodCode>E</methodCode>
          </distributionMethod>
          <legInfo>
            <markerLegInfo/>
            <legTravelProduct>
              <flightDate>
                <departureDate>220920</departureDate>
                <departureTime>0530</departureTime>
                <arrivalDate>220920</arrivalDate>
                <arrivalTime>0720</arrivalTime>
              </flightDate>
              <boardPointDetails>
                <trueLocationId>MIA</trueLocationId>
              </boardPointDetails>
              <offpointDetails>
                <trueLocationId>ATL</trueLocationId>
              </offpointDetails>
            </legTravelProduct>
            <interactiveFreeText>
              <freeTextQualification>
                <textSubjectQualifier>ACO</textSubjectQualifier>
              </freeTextQualification>
              <freeText>AIRCRAFT OWNER DELTA AIR LINES</freeText>
            </interactiveFreeText>
          </legInfo>
          <markerRailTour/>
        </itineraryInfo>
        <itineraryInfo>
          <elementManagementItinerary>
            <reference>
              <qualifier>ST</qualifier>
              <number>4</number>
            </reference>
            <segmentName>AIR</segmentName>
            <lineNumber>5</lineNumber>
          </elementManagementItinerary>
          <travelProduct>
            <product>
              <depDate>220920</depDate>
              <depTime>0820</depTime>
              <arrDate>220920</arrDate>
              <arrTime>1039</arrTime>
            </product>
            <boardpointDetail>
              <cityCode>ATL</cityCode>
            </boardpointDetail>
            <offpointDetail>
              <cityCode>SEA</cityCode>
            </offpointDetail>
            <companyDetail>
              <identification>DL</identification>
            </companyDetail>
            <productDetails>
              <identification>609</identification>
              <classOfService>E</classOfService>
            </productDetails>
            <typeDetail>
              <detail>ET</detail>
            </typeDetail>
          </travelProduct>
          <itineraryMessageAction>
            <business>
              <function>1</function>
            </business>
          </itineraryMessageAction>
          <relatedProduct>
            <quantity>1</quantity>
            <status>HK</status>
          </relatedProduct>
          <elementsIndicators>
            <statusInformation>
              <indicator>TSA</indicator>
            </statusInformation>
          </elementsIndicators>
          <flightDetail>
            <productDetails>
              <equipment>757</equipment>
              <numOfStops>0</numOfStops>
              <duration>0519</duration>
              <weekDay>2</weekDay>
            </productDetails>
            <departureInformation>
              <departTerminal>S</departTerminal>
            </departureInformation>
            <mileageTimeDetails>
              <flightLegMileage>2182</flightLegMileage>
              <unitQualifier>M</unitQualifier>
            </mileageTimeDetails>
            <facilities>
              <entertainement>M</entertainement>
              <entertainementDescription>F</entertainementDescription>
            </facilities>
          </flightDetail>
          <cabinDetails>
            <cabinDetails>
              <classDesignator>M</classDesignator>
            </cabinDetails>
          </cabinDetails>
          <selectionDetails>
            <selection>
              <option>P2</option>
            </selection>
          </selectionDetails>
          <carbonDioxydeInfo>
            <carbonDioxydeAmount>
              <quantityDetails>
                <qualifier>COE</qualifier>
                <value>259.063599</value>
                <unit>KPP</unit>
              </quantityDetails>
            </carbonDioxydeAmount>
            <carbonDioxydeInfoSource>
              <freeTextDetails>
                <textSubjectQualifier>3</textSubjectQualifier>
                <source>S</source>
                <encoding>7</encoding>
              </freeTextDetails>
              <freeText>SOURCE:ICAO CARBON EMISSIONS CALCULATOR</freeText>
            </carbonDioxydeInfoSource>
          </carbonDioxydeInfo>
          <itineraryfreeFormText>
            <freeTextQualification>
              <textSubjectQualifier>3</textSubjectQualifier>
            </freeTextQualification>
            <freeText>SEE RTSVC</freeText>
            <freeText>WARNING - CHECK TIMES</freeText>
          </itineraryfreeFormText>
          <distributionMethod>
            <methodCode>E</methodCode>
          </distributionMethod>
          <legInfo>
            <markerLegInfo/>
            <legTravelProduct>
              <flightDate>
                <departureDate>220920</departureDate>
                <departureTime>0810</departureTime>
                <arrivalDate>220920</arrivalDate>
                <arrivalTime>1028</arrivalTime>
              </flightDate>
              <boardPointDetails>
                <trueLocationId>ATL</trueLocationId>
              </boardPointDetails>
              <offpointDetails>
                <trueLocationId>SEA</trueLocationId>
              </offpointDetails>
            </legTravelProduct>
            <interactiveFreeText>
              <freeTextQualification>
                <textSubjectQualifier>ACO</textSubjectQualifier>
              </freeTextQualification>
              <freeText>AIRCRAFT OWNER DELTA AIR LINES</freeText>
            </interactiveFreeText>
          </legInfo>
          <markerRailTour/>
        </itineraryInfo>
      </originDestinationDetails>
      <segmentGroupingInfo>
        <groupingCode>CNX</groupingCode>
        <marriageDetail>
          <tatooNum>1</tatooNum>
        </marriageDetail>
        <marriageDetail>
          <tatooNum>2</tatooNum>
        </marriageDetail>
      </segmentGroupingInfo>
      <segmentGroupingInfo>
        <groupingCode>CNX</groupingCode>
        <marriageDetail>
          <tatooNum>3</tatooNum>
        </marriageDetail>
        <marriageDetail>
          <tatooNum>4</tatooNum>
        </marriageDetail>
      </segmentGroupingInfo>
      <segmentGroupingInfo>
        <groupingCode>MIN</groupingCode>
        <marriageDetail>
          <marriageQualifier>D</marriageQualifier>
          <tatooNum>1</tatooNum>
        </marriageDetail>
        <marriageDetail>
          <marriageQualifier>D</marriageQualifier>
          <tatooNum>2</tatooNum>
        </marriageDetail>
      </segmentGroupingInfo>
      <dataElementsMaster>
        <marker2/>
        <dataElementsIndiv>
          <elementManagementData>
            <segmentName>RF</segmentName>
          </elementManagementData>
          <otherDataFreetext>
            <freetextDetail>
              <subjectQualifier>3</subjectQualifier>
              <type>P22</type>
            </freetextDetail>
            <longFreetext>AWSUI-NMC-CANADA/WSSXIIBE</longFreetext>
          </otherDataFreetext>
        </dataElementsIndiv>
        <dataElementsIndiv>
          <elementManagementData>
            <reference>
              <qualifier>OT</qualifier>
              <number>5</number>
            </reference>
            <segmentName>AP</segmentName>
            <lineNumber>6</lineNumber>
          </elementManagementData>
          <otherDataFreetext>
            <freetextDetail>
              <subjectQualifier>3</subjectQualifier>
              <type>5</type>
            </freetextDetail>
            <longFreetext>YTO 647 545-0463 - SOFTWARE XPRTS, INC. - A</longFreetext>
          </otherDataFreetext>
        </dataElementsIndiv>
        <dataElementsIndiv>
          <elementManagementData>
            <reference>
              <qualifier>OT</qualifier>
              <number>6</number>
            </reference>
            <segmentName>TK</segmentName>
            <lineNumber>7</lineNumber>
          </elementManagementData>
          <ticketElement>
            <ticket>
              <indicator>OK</indicator>
              <date>150420</date>
              <officeId>YTOC421I9</officeId>
            </ticket>
          </ticketElement>
        </dataElementsIndiv>
        <dataElementsIndiv>
          <elementManagementData>
            <reference>
              <qualifier>OT</qualifier>
              <number>10</number>
            </reference>
            <segmentName>SSR</segmentName>
            <lineNumber>8</lineNumber>
          </elementManagementData>
          <serviceRequest>
            <ssr>
              <type>DOCS</type>
              <status>HK</status>
              <quantity>1</quantity>
              <companyId>DL</companyId>
              <freeText>////16SEP85/M//DEV/SURYA</freeText>
            </ssr>
          </serviceRequest>
          <referenceForDataElement>
            <reference>
              <qualifier>PT</qualifier>
              <number>2</number>
            </reference>
          </referenceForDataElement>
        </dataElementsIndiv>
        <dataElementsIndiv>
          <elementManagementData>
            <reference>
              <qualifier>OT</qualifier>
              <number>4</number>
            </reference>
            <segmentName>RM</segmentName>
            <lineNumber>9</lineNumber>
          </elementManagementData>
          <miscellaneousRemarks>
            <remarks>
              <type>RM</type>
              <freetext>NOTIFY PASSENGER PRIOR TO TICKET PURCHASE &amp; CHECK-IN: FEDERAL LAWS FORBID THE CARRIAGE OF HAZARDOUS MATERIALS - GGAMAUSHAZ</freetext>
            </remarks>
          </miscellaneousRemarks>
          <extendedRemark>
            <structuredRemark>
              <type>RM</type>
              <freetext>NOTIFY PASSENGER PRIOR TO TICKET PURCHASE &amp; CHECK-IN: FEDERAL LAWS FORBID THE CARRIAGE OF HAZARDOUS MATERIALS - GGAMAUSHAZ</freetext>
            </structuredRemark>
          </extendedRemark>
          <referenceForDataElement>
            <reference>
              <qualifier>ST</qualifier>
              <number>1</number>
            </reference>
            <reference>
              <qualifier>ST</qualifier>
              <number>2</number>
            </reference>
            <reference>
              <qualifier>ST</qualifier>
              <number>3</number>
            </reference>
            <reference>
              <qualifier>ST</qualifier>
              <number>4</number>
            </reference>
          </referenceForDataElement>
        </dataElementsIndiv>
        <dataElementsIndiv>
          <elementManagementData>
            <reference>
              <qualifier>OT</qualifier>
              <number>7</number>
            </reference>
            <segmentName>FE</segmentName>
            <lineNumber>10</lineNumber>
          </elementManagementData>
          <otherDataFreetext>
            <freetextDetail>
              <subjectQualifier>3</subjectQualifier>
              <type>10</type>
            </freetextDetail>
            <longFreetext>PAX FARE RULES APPLY NONREF NOPRE RSVDSEAT -BG:DL</longFreetext>
          </otherDataFreetext>
          <referenceForDataElement>
            <reference>
              <qualifier>ST</qualifier>
              <number>1</number>
            </reference>
            <reference>
              <qualifier>ST</qualifier>
              <number>2</number>
            </reference>
            <reference>
              <qualifier>ST</qualifier>
              <number>3</number>
            </reference>
            <reference>
              <qualifier>ST</qualifier>
              <number>4</number>
            </reference>
            <reference>
              <qualifier>PT</qualifier>
              <number>2</number>
            </reference>
          </referenceForDataElement>
        </dataElementsIndiv>
        <dataElementsIndiv>
          <elementManagementData>
            <reference>
              <qualifier>OT</qualifier>
              <number>9</number>
            </reference>
            <segmentName>FP</segmentName>
            <lineNumber>11</lineNumber>
          </elementManagementData>
          <otherDataFreetext>
            <freetextDetail>
              <subjectQualifier>3</subjectQualifier>
              <type>16</type>
            </freetextDetail>
            <longFreetext>CASH</longFreetext>
          </otherDataFreetext>
        </dataElementsIndiv>
        <dataElementsIndiv>
          <elementManagementData>
            <reference>
              <qualifier>OT</qualifier>
              <number>8</number>
            </reference>
            <segmentName>FV</segmentName>
            <lineNumber>12</lineNumber>
          </elementManagementData>
          <otherDataFreetext>
            <freetextDetail>
              <subjectQualifier>3</subjectQualifier>
              <type>P18</type>
            </freetextDetail>
            <longFreetext>PAX DL</longFreetext>
          </otherDataFreetext>
          <referenceForDataElement>
            <reference>
              <qualifier>ST</qualifier>
              <number>1</number>
            </reference>
            <reference>
              <qualifier>ST</qualifier>
              <number>2</number>
            </reference>
            <reference>
              <qualifier>ST</qualifier>
              <number>3</number>
            </reference>
            <reference>
              <qualifier>ST</qualifier>
              <number>4</number>
            </reference>
            <reference>
              <qualifier>PT</qualifier>
              <number>2</number>
            </reference>
          </referenceForDataElement>
        </dataElementsIndiv>
      </dataElementsMaster>
    </PNR_Reply>
  </soapenv:Body>
</soapenv:Envelope>
