<?xml version="1.0" encoding="UTF-8"?>
<soapenv:Envelope xmlns:soapenv="http://schemas.xmlsoap.org/soap/envelope/" xmlns:awsse="http://xml.amadeus.com/2010/06/Session_v3" xmlns:wsa="http://www.w3.org/2005/08/addressing">
  <soapenv:Header>
    <wsa:To>http://www.w3.org/2005/08/addressing/anonymous</wsa:To>
    <wsa:From>
      <wsa:Address>https://nodeD1.test.webservices.amadeus.com/1ASIWIBESXI</wsa:Address>
    </wsa:From>
    <wsa:Action>http://webservices.amadeus.com/PNRADD_17_1_1A</wsa:Action>
    <wsa:MessageID>urn:uuid:e3dc02b4-765f-9724-a5bf-3d492c36e6bb</wsa:MessageID>
    <wsa:RelatesTo RelationshipType="http://www.w3.org/2005/08/addressing/reply">631212e5-98c4-5af5-0825-866a0f9e4a69</wsa:RelatesTo>
    <awsse:Session TransactionStatusCode="InSeries">
      <awsse:SessionId>01BH3QWW9A</awsse:SessionId>
      <awsse:SequenceNumber>6</awsse:SequenceNumber>
      <awsse:SecurityToken>84E1YGEC271YY9ORM01D96PR</awsse:SecurityToken>
    </awsse:Session>
  </soapenv:Header>
  <soapenv:Body>
    <PNR_Reply xmlns="http://xml.amadeus.com/PNRACC_17_1_1A">
      <pnrHeader>
        <reservationInfo>
          <reservation>
            <companyId>1A</companyId>
            <controlNumber>PM5PF6</controlNumber>
            <date>180420</date>
            <time>1113</time>
          </reservation>
        </reservationInfo>
      </pnrHeader>
      <securityInformation>
        <responsibilityInformation>
          <typeOfPnrElement>RP</typeOfPnrElement>
          <agentId>WSSU</agentId>
          <officeId>YTOC421I9</officeId>
          <iataCode>00844325</iataCode>
        </responsibilityInformation>
        <queueingInformation>
          <queueingOfficeId>YTOC421I9</queueingOfficeId>
        </queueingInformation>
        <cityCode>YTO</cityCode>
        <secondRpInformation>
          <creationOfficeId>YTOC421I9</creationOfficeId>
          <agentSignature>9999WS</agentSignature>
          <creationDate>180420</creationDate>
          <creatorIataCode>00844325</creatorIataCode>
          <creationTime>1113</creationTime>
        </secondRpInformation>
      </securityInformation>
      <freetextData>
        <freetextDetail>
          <subjectQualifier>3</subjectQualifier>
          <type>P12</type>
        </freetextDetail>
        <longFreetext>--- TST RLR SFP ---</longFreetext>
      </freetextData>
      <pnrHeaderTag>
        <statusInformation>
          <indicator>TST</indicator>
        </statusInformation>
        <statusInformation>
          <indicator>RLR</indicator>
        </statusInformation>
        <statusInformation>
          <indicator>SFP</indicator>
        </statusInformation>
      </pnrHeaderTag>
      <sbrPOSDetails>
        <sbrUserIdentificationOwn>
          <originIdentification>
            <originatorId>00844325</originatorId>
            <inHouseIdentification1>YTOC421I9</inHouseIdentification1>
          </originIdentification>
          <originatorTypeCode>T</originatorTypeCode>
        </sbrUserIdentificationOwn>
        <sbrSystemDetails>
          <deliveringSystem>
            <companyId>1A</companyId>
            <locationId>YTO</locationId>
          </deliveringSystem>
        </sbrSystemDetails>
        <sbrPreferences>
          <userPreferences>
            <codedCountry>CA</codedCountry>
          </userPreferences>
        </sbrPreferences>
      </sbrPOSDetails>
      <sbrCreationPosDetails>
        <sbrUserIdentificationOwn>
          <originIdentification>
            <originatorId>00844325</originatorId>
            <inHouseIdentification1>YTOC421I9</inHouseIdentification1>
          </originIdentification>
          <originatorTypeCode>T</originatorTypeCode>
        </sbrUserIdentificationOwn>
        <sbrSystemDetails>
          <deliveringSystem>
            <companyId>1A</companyId>
            <locationId>YTO</locationId>
          </deliveringSystem>
        </sbrSystemDetails>
        <sbrPreferences>
          <userPreferences>
            <codedCountry>CA</codedCountry>
          </userPreferences>
        </sbrPreferences>
      </sbrCreationPosDetails>
      <sbrUpdatorPosDetails>
        <sbrUserIdentificationOwn>
          <originIdentification>
            <originatorId>00844325</originatorId>
            <inHouseIdentification1>YTOC421I9</inHouseIdentification1>
          </originIdentification>
          <originatorTypeCode>T</originatorTypeCode>
        </sbrUserIdentificationOwn>
        <sbrSystemDetails>
          <deliveringSystem>
            <companyId>1A</companyId>
            <locationId>YTO</locationId>
          </deliveringSystem>
        </sbrSystemDetails>
        <sbrPreferences>
          <userPreferences>
            <codedCountry>CA</codedCountry>
          </userPreferences>
        </sbrPreferences>
      </sbrUpdatorPosDetails>
      <technicalData>
        <enveloppeNumberData>
          <sequenceDetails>
            <number>1</number>
          </sequenceDetails>
        </enveloppeNumberData>
        <lastTransmittedEnvelopeNumber>
          <currentRecord>0</currentRecord>
        </lastTransmittedEnvelopeNumber>
        <purgeDateData>
          <dateTime>
            <year>2020</year>
            <month>6</month>
            <day>29</day>
          </dateTime>
        </purgeDateData>
      </technicalData>
      <travellerInfo>
        <elementManagementPassenger>
          <reference>
            <qualifier>PT</qualifier>
            <number>4</number>
          </reference>
          <segmentName>NM</segmentName>
          <lineNumber>1</lineNumber>
        </elementManagementPassenger>
        <passengerData>
          <travellerInformation>
            <traveller>
              <surname>DEVI</surname>
              <quantity>1</quantity>
            </traveller>
            <passenger>
              <firstName>SRYA</firstName>
              <type>CHD</type>
            </passenger>
          </travellerInformation>
          <dateOfBirth>
            <dateAndTimeDetails>
              <qualifier>706</qualifier>
              <date>18062012</date>
            </dateAndTimeDetails>
          </dateOfBirth>
        </passengerData>
        <enhancedPassengerData>
          <enhancedTravellerInformation>
            <travellerNameInfo>
              <quantity>1</quantity>
              <type>CHD</type>
            </travellerNameInfo>
            <otherPaxNamesDetails>
              <nameType>UN</nameType>
              <referenceName>Y</referenceName>
              <displayedName>Y</displayedName>
              <surname>DEVI</surname>
              <givenName>SRYA</givenName>
            </otherPaxNamesDetails>
          </enhancedTravellerInformation>
          <dateOfBirthInEnhancedPaxData>
            <dateAndTimeDetails>
              <qualifier>706</qualifier>
              <date>18062012</date>
            </dateAndTimeDetails>
          </dateOfBirthInEnhancedPaxData>
        </enhancedPassengerData>
      </travellerInfo>
      <travellerInfo>
        <elementManagementPassenger>
          <reference>
            <qualifier>PT</qualifier>
            <number>3</number>
          </reference>
          <segmentName>NM</segmentName>
          <lineNumber>2</lineNumber>
        </elementManagementPassenger>
        <passengerData>
          <travellerInformation>
            <traveller>
              <surname>KUMARI</surname>
              <quantity>1</quantity>
            </traveller>
            <passenger>
              <firstName>SONAL</firstName>
              <type>ADT</type>
            </passenger>
          </travellerInformation>
        </passengerData>
        <enhancedPassengerData>
          <enhancedTravellerInformation>
            <travellerNameInfo>
              <quantity>1</quantity>
              <type>ADT</type>
            </travellerNameInfo>
            <otherPaxNamesDetails>
              <nameType>UN</nameType>
              <referenceName>Y</referenceName>
              <displayedName>Y</displayedName>
              <surname>KUMARI</surname>
              <givenName>SONAL</givenName>
            </otherPaxNamesDetails>
          </enhancedTravellerInformation>
        </enhancedPassengerData>
      </travellerInfo>
      <travellerInfo>
        <elementManagementPassenger>
          <reference>
            <qualifier>PT</qualifier>
            <number>2</number>
          </reference>
          <segmentName>NM</segmentName>
          <lineNumber>3</lineNumber>
        </elementManagementPassenger>
        <passengerData>
          <travellerInformation>
            <traveller>
              <surname>KUNWAR</surname>
              <quantity>1</quantity>
            </traveller>
            <passenger>
              <firstName>RAUSHAN</firstName>
              <type>ADT</type>
            </passenger>
          </travellerInformation>
        </passengerData>
        <enhancedPassengerData>
          <enhancedTravellerInformation>
            <travellerNameInfo>
              <quantity>1</quantity>
              <type>ADT</type>
            </travellerNameInfo>
            <otherPaxNamesDetails>
              <nameType>UN</nameType>
              <referenceName>Y</referenceName>
              <displayedName>Y</displayedName>
              <surname>KUNWAR</surname>
              <givenName>RAUSHAN</givenName>
            </otherPaxNamesDetails>
          </enhancedTravellerInformation>
        </enhancedPassengerData>
      </travellerInfo>
      <travellerInfo>
        <elementManagementPassenger>
          <reference>
            <qualifier>PT</qualifier>
            <number>5</number>
          </reference>
          <segmentName>NM</segmentName>
          <lineNumber>4</lineNumber>
        </elementManagementPassenger>
        <passengerData>
          <travellerInformation>
            <traveller>
              <surname>SRE</surname>
              <quantity>1</quantity>
            </traveller>
            <passenger>
              <firstName>SANJANA</firstName>
              <type>CHD</type>
            </passenger>
          </travellerInformation>
          <dateOfBirth>
            <dateAndTimeDetails>
              <qualifier>706</qualifier>
              <date>16102013</date>
            </dateAndTimeDetails>
          </dateOfBirth>
        </passengerData>
        <enhancedPassengerData>
          <enhancedTravellerInformation>
            <travellerNameInfo>
              <quantity>1</quantity>
              <type>CHD</type>
            </travellerNameInfo>
            <otherPaxNamesDetails>
              <nameType>UN</nameType>
              <referenceName>Y</referenceName>
              <displayedName>Y</displayedName>
              <surname>SRE</surname>
              <givenName>SANJANA</givenName>
            </otherPaxNamesDetails>
          </enhancedTravellerInformation>
          <dateOfBirthInEnhancedPaxData>
            <dateAndTimeDetails>
              <qualifier>706</qualifier>
              <date>16102013</date>
            </dateAndTimeDetails>
          </dateOfBirthInEnhancedPaxData>
        </enhancedPassengerData>
      </travellerInfo>
      <originDestinationDetails>
        <originDestination/>
        <itineraryInfo>
          <elementManagementItinerary>
            <reference>
              <qualifier>ST</qualifier>
              <number>1</number>
            </reference>
            <segmentName>AIR</segmentName>
            <lineNumber>5</lineNumber>
          </elementManagementItinerary>
          <travelProduct>
            <product>
              <depDate>210520</depDate>
              <depTime>0045</depTime>
              <arrDate>210520</arrDate>
              <arrTime>0600</arrTime>
            </product>
            <boardpointDetail>
              <cityCode>DEL</cityCode>
            </boardpointDetail>
            <offpointDetail>
              <cityCode>KBP</cityCode>
            </offpointDetail>
            <companyDetail>
              <identification>PS</identification>
            </companyDetail>
            <productDetails>
              <identification>392</identification>
              <classOfService>X</classOfService>
            </productDetails>
            <typeDetail>
              <detail>ET</detail>
            </typeDetail>
          </travelProduct>
          <itineraryMessageAction>
            <business>
              <function>1</function>
            </business>
          </itineraryMessageAction>
          <itineraryReservationInfo>
            <reservation>
              <companyId>PS</companyId>
              <controlNumber>PM5PF6</controlNumber>
            </reservation>
          </itineraryReservationInfo>
          <relatedProduct>
            <quantity>4</quantity>
            <status>HK</status>
          </relatedProduct>
          <flightDetail>
            <productDetails>
              <equipment>767</equipment>
              <numOfStops>0</numOfStops>
              <duration>0745</duration>
              <weekDay>4</weekDay>
            </productDetails>
            <departureInformation>
              <departTerminal>3</departTerminal>
            </departureInformation>
            <arrivalStationInfo>
              <terminal>D</terminal>
            </arrivalStationInfo>
            <mileageTimeDetails>
              <flightLegMileage>2829</flightLegMileage>
              <unitQualifier>M</unitQualifier>
            </mileageTimeDetails>
            <facilities>
              <entertainement>M</entertainement>
              <entertainementDescription>H</entertainementDescription>
            </facilities>
          </flightDetail>
          <cabinDetails>
            <cabinDetails>
              <classDesignator>M</classDesignator>
            </cabinDetails>
          </cabinDetails>
          <selectionDetails>
            <selection>
              <option>P2</option>
            </selection>
          </selectionDetails>
          <carbonDioxydeInfo>
            <carbonDioxydeAmount>
              <quantityDetails>
                <qualifier>COE</qualifier>
                <value>194.276189</value>
                <unit>KPP</unit>
              </quantityDetails>
            </carbonDioxydeAmount>
            <carbonDioxydeInfoSource>
              <freeTextDetails>
                <textSubjectQualifier>3</textSubjectQualifier>
                <source>S</source>
                <encoding>7</encoding>
              </freeTextDetails>
              <freeText>SOURCE:ICAO CARBON EMISSIONS CALCULATOR</freeText>
            </carbonDioxydeInfoSource>
          </carbonDioxydeInfo>
          <distributionMethod>
            <methodCode>E</methodCode>
          </distributionMethod>
          <legInfo>
            <markerLegInfo/>
            <legTravelProduct>
              <flightDate>
                <departureDate>210520</departureDate>
                <departureTime>0045</departureTime>
                <arrivalDate>210520</arrivalDate>
                <arrivalTime>0600</arrivalTime>
              </flightDate>
              <boardPointDetails>
                <trueLocationId>DEL</trueLocationId>
              </boardPointDetails>
              <offpointDetails>
                <trueLocationId>KBP</trueLocationId>
              </offpointDetails>
            </legTravelProduct>
            <interactiveFreeText>
              <freeTextQualification>
                <textSubjectQualifier>ACO</textSubjectQualifier>
              </freeTextQualification>
              <freeText>AIRCRAFT OWNER UIA</freeText>
            </interactiveFreeText>
          </legInfo>
          <markerRailTour/>
        </itineraryInfo>
        <itineraryInfo>
          <elementManagementItinerary>
            <reference>
              <qualifier>ST</qualifier>
              <number>2</number>
            </reference>
            <segmentName>AIR</segmentName>
            <lineNumber>6</lineNumber>
          </elementManagementItinerary>
          <travelProduct>
            <product>
              <depDate>210520</depDate>
              <depTime>1000</depTime>
              <arrDate>210520</arrDate>
              <arrTime>1255</arrTime>
            </product>
            <boardpointDetail>
              <cityCode>KBP</cityCode>
            </boardpointDetail>
            <offpointDetail>
              <cityCode>JFK</cityCode>
            </offpointDetail>
            <companyDetail>
              <identification>PS</identification>
            </companyDetail>
            <productDetails>
              <identification>231</identification>
              <classOfService>X</classOfService>
            </productDetails>
            <typeDetail>
              <detail>ET</detail>
            </typeDetail>
          </travelProduct>
          <itineraryMessageAction>
            <business>
              <function>1</function>
            </business>
          </itineraryMessageAction>
          <itineraryReservationInfo>
            <reservation>
              <companyId>PS</companyId>
              <controlNumber>PM5PF6</controlNumber>
            </reservation>
          </itineraryReservationInfo>
          <relatedProduct>
            <quantity>4</quantity>
            <status>HK</status>
          </relatedProduct>
          <elementsIndicators>
            <statusInformation>
              <indicator>TSA</indicator>
            </statusInformation>
          </elementsIndicators>
          <flightDetail>
            <productDetails>
              <equipment>777</equipment>
              <numOfStops>0</numOfStops>
              <duration>0955</duration>
              <weekDay>4</weekDay>
            </productDetails>
            <departureInformation>
              <departTerminal>D</departTerminal>
            </departureInformation>
            <arrivalStationInfo>
              <terminal>7</terminal>
            </arrivalStationInfo>
            <mileageTimeDetails>
              <flightLegMileage>4693</flightLegMileage>
              <unitQualifier>M</unitQualifier>
            </mileageTimeDetails>
            <facilities>
              <entertainement>M</entertainement>
              <entertainementDescription>H</entertainementDescription>
            </facilities>
          </flightDetail>
          <cabinDetails>
            <cabinDetails>
              <classDesignator>M</classDesignator>
            </cabinDetails>
          </cabinDetails>
          <selectionDetails>
            <selection>
              <option>P2</option>
            </selection>
          </selectionDetails>
          <carbonDioxydeInfo>
            <carbonDioxydeAmount>
              <quantityDetails>
                <qualifier>COE</qualifier>
                <value>447.341949</value>
                <unit>KPP</unit>
              </quantityDetails>
            </carbonDioxydeAmount>
            <carbonDioxydeInfoSource>
              <freeTextDetails>
                <textSubjectQualifier>3</textSubjectQualifier>
                <source>S</source>
                <encoding>7</encoding>
              </freeTextDetails>
              <freeText>SOURCE:ICAO CARBON EMISSIONS CALCULATOR</freeText>
            </carbonDioxydeInfoSource>
          </carbonDioxydeInfo>
          <distributionMethod>
            <methodCode>E</methodCode>
          </distributionMethod>
          <legInfo>
            <markerLegInfo/>
            <legTravelProduct>
              <flightDate>
                <departureDate>210520</departureDate>
                <departureTime>1000</departureTime>
                <arrivalDate>210520</arrivalDate>
                <arrivalTime>1255</arrivalTime>
              </flightDate>
              <boardPointDetails>
                <trueLocationId>KBP</trueLocationId>
              </boardPointDetails>
              <offpointDetails>
                <trueLocationId>JFK</trueLocationId>
              </offpointDetails>
            </legTravelProduct>
            <interactiveFreeText>
              <freeTextQualification>
                <textSubjectQualifier>ACO</textSubjectQualifier>
              </freeTextQualification>
              <freeText>AIRCRAFT OWNER UIA</freeText>
            </interactiveFreeText>
          </legInfo>
          <markerRailTour/>
        </itineraryInfo>
        <itineraryInfo>
          <elementManagementItinerary>
            <reference>
              <qualifier>ST</qualifier>
              <number>3</number>
            </reference>
            <segmentName>AIR</segmentName>
            <lineNumber>7</lineNumber>
          </elementManagementItinerary>
          <travelProduct>
            <product>
              <depDate>250620</depDate>
              <depTime>0030</depTime>
              <arrDate>250620</arrDate>
              <arrTime>1625</arrTime>
            </product>
            <boardpointDetail>
              <cityCode>JFK</cityCode>
            </boardpointDetail>
            <offpointDetail>
              <cityCode>KBP</cityCode>
            </offpointDetail>
            <companyDetail>
              <identification>PS</identification>
            </companyDetail>
            <productDetails>
              <identification>232</identification>
              <classOfService>N</classOfService>
            </productDetails>
            <typeDetail>
              <detail>ET</detail>
            </typeDetail>
          </travelProduct>
          <itineraryMessageAction>
            <business>
              <function>1</function>
            </business>
          </itineraryMessageAction>
          <itineraryReservationInfo>
            <reservation>
              <companyId>PS</companyId>
              <controlNumber>PM5PF6</controlNumber>
            </reservation>
          </itineraryReservationInfo>
          <relatedProduct>
            <quantity>4</quantity>
            <status>HK</status>
          </relatedProduct>
          <elementsIndicators>
            <statusInformation>
              <indicator>TSA</indicator>
            </statusInformation>
          </elementsIndicators>
          <flightDetail>
            <productDetails>
              <equipment>777</equipment>
              <numOfStops>0</numOfStops>
              <duration>0855</duration>
              <weekDay>4</weekDay>
            </productDetails>
            <departureInformation>
              <departTerminal>7</departTerminal>
            </departureInformation>
            <arrivalStationInfo>
              <terminal>D</terminal>
            </arrivalStationInfo>
            <mileageTimeDetails>
              <flightLegMileage>4693</flightLegMileage>
              <unitQualifier>M</unitQualifier>
            </mileageTimeDetails>
            <facilities>
              <entertainement>M</entertainement>
              <entertainementDescription>H</entertainementDescription>
            </facilities>
          </flightDetail>
          <cabinDetails>
            <cabinDetails>
              <classDesignator>M</classDesignator>
            </cabinDetails>
          </cabinDetails>
          <selectionDetails>
            <selection>
              <option>P2</option>
            </selection>
          </selectionDetails>
          <carbonDioxydeInfo>
            <carbonDioxydeAmount>
              <quantityDetails>
                <qualifier>COE</qualifier>
                <value>447.341949</value>
                <unit>KPP</unit>
              </quantityDetails>
            </carbonDioxydeAmount>
            <carbonDioxydeInfoSource>
              <freeTextDetails>
                <textSubjectQualifier>3</textSubjectQualifier>
                <source>S</source>
                <encoding>7</encoding>
              </freeTextDetails>
              <freeText>SOURCE:ICAO CARBON EMISSIONS CALCULATOR</freeText>
            </carbonDioxydeInfoSource>
          </carbonDioxydeInfo>
          <distributionMethod>
            <methodCode>E</methodCode>
          </distributionMethod>
          <legInfo>
            <markerLegInfo/>
            <legTravelProduct>
              <flightDate>
                <departureDate>250620</departureDate>
                <departureTime>0030</departureTime>
                <arrivalDate>250620</arrivalDate>
                <arrivalTime>1625</arrivalTime>
              </flightDate>
              <boardPointDetails>
                <trueLocationId>JFK</trueLocationId>
              </boardPointDetails>
              <offpointDetails>
                <trueLocationId>KBP</trueLocationId>
              </offpointDetails>
            </legTravelProduct>
            <interactiveFreeText>
              <freeTextQualification>
                <textSubjectQualifier>ACO</textSubjectQualifier>
              </freeTextQualification>
              <freeText>AIRCRAFT OWNER UIA</freeText>
            </interactiveFreeText>
          </legInfo>
          <markerRailTour/>
        </itineraryInfo>
        <itineraryInfo>
          <elementManagementItinerary>
            <reference>
              <qualifier>ST</qualifier>
              <number>4</number>
            </reference>
            <segmentName>AIR</segmentName>
            <lineNumber>8</lineNumber>
          </elementManagementItinerary>
          <travelProduct>
            <product>
              <depDate>250620</depDate>
              <depTime>2110</depTime>
              <arrDate>260620</arrDate>
              <arrTime>0620</arrTime>
              <dayChangeIndicator>1</dayChangeIndicator>
            </product>
            <boardpointDetail>
              <cityCode>KBP</cityCode>
            </boardpointDetail>
            <offpointDetail>
              <cityCode>DEL</cityCode>
            </offpointDetail>
            <companyDetail>
              <identification>PS</identification>
            </companyDetail>
            <productDetails>
              <identification>391</identification>
              <classOfService>N</classOfService>
            </productDetails>
            <typeDetail>
              <detail>ET</detail>
            </typeDetail>
          </travelProduct>
          <itineraryMessageAction>
            <business>
              <function>1</function>
            </business>
          </itineraryMessageAction>
          <itineraryReservationInfo>
            <reservation>
              <companyId>PS</companyId>
              <controlNumber>PM5PF6</controlNumber>
            </reservation>
          </itineraryReservationInfo>
          <relatedProduct>
            <quantity>4</quantity>
            <status>HK</status>
          </relatedProduct>
          <flightDetail>
            <productDetails>
              <equipment>767</equipment>
              <numOfStops>0</numOfStops>
              <duration>0640</duration>
              <weekDay>4</weekDay>
            </productDetails>
            <departureInformation>
              <departTerminal>D</departTerminal>
            </departureInformation>
            <arrivalStationInfo>
              <terminal>3</terminal>
            </arrivalStationInfo>
            <mileageTimeDetails>
              <flightLegMileage>2829</flightLegMileage>
              <unitQualifier>M</unitQualifier>
            </mileageTimeDetails>
            <facilities>
              <entertainement>M</entertainement>
              <entertainementDescription>H</entertainementDescription>
            </facilities>
          </flightDetail>
          <cabinDetails>
            <cabinDetails>
              <classDesignator>M</classDesignator>
            </cabinDetails>
          </cabinDetails>
          <selectionDetails>
            <selection>
              <option>P2</option>
            </selection>
          </selectionDetails>
          <carbonDioxydeInfo>
            <carbonDioxydeAmount>
              <quantityDetails>
                <qualifier>COE</qualifier>
                <value>196.006572</value>
                <unit>KPP</unit>
              </quantityDetails>
            </carbonDioxydeAmount>
            <carbonDioxydeInfoSource>
              <freeTextDetails>
                <textSubjectQualifier>3</textSubjectQualifier>
                <source>S</source>
                <encoding>7</encoding>
              </freeTextDetails>
              <freeText>SOURCE:ICAO CARBON EMISSIONS CALCULATOR</freeText>
            </carbonDioxydeInfoSource>
          </carbonDioxydeInfo>
          <distributionMethod>
            <methodCode>E</methodCode>
          </distributionMethod>
          <legInfo>
            <markerLegInfo/>
            <legTravelProduct>
              <flightDate>
                <departureDate>250620</departureDate>
                <departureTime>2110</departureTime>
                <arrivalDate>260620</arrivalDate>
                <arrivalTime>0620</arrivalTime>
              </flightDate>
              <boardPointDetails>
                <trueLocationId>KBP</trueLocationId>
              </boardPointDetails>
              <offpointDetails>
                <trueLocationId>DEL</trueLocationId>
              </offpointDetails>
            </legTravelProduct>
            <interactiveFreeText>
              <freeTextQualification>
                <textSubjectQualifier>ACO</textSubjectQualifier>
              </freeTextQualification>
              <freeText>AIRCRAFT OWNER UIA</freeText>
            </interactiveFreeText>
          </legInfo>
          <markerRailTour/>
        </itineraryInfo>
      </originDestinationDetails>
      <segmentGroupingInfo>
        <groupingCode>CNX</groupingCode>
        <marriageDetail>
          <tatooNum>1</tatooNum>
        </marriageDetail>
        <marriageDetail>
          <tatooNum>2</tatooNum>
        </marriageDetail>
      </segmentGroupingInfo>
      <segmentGroupingInfo>
        <groupingCode>CNX</groupingCode>
        <marriageDetail>
          <tatooNum>3</tatooNum>
        </marriageDetail>
        <marriageDetail>
          <tatooNum>4</tatooNum>
        </marriageDetail>
      </segmentGroupingInfo>
      <dataElementsMaster>
        <marker2/>
        <dataElementsIndiv>
          <elementManagementData>
            <reference>
              <qualifier>OT</qualifier>
              <number>22</number>
            </reference>
            <segmentName>AP</segmentName>
            <lineNumber>9</lineNumber>
          </elementManagementData>
          <otherDataFreetext>
            <freetextDetail>
              <subjectQualifier>3</subjectQualifier>
              <type>5</type>
            </freetextDetail>
            <longFreetext>YTO 647 545-0463 - SOFTWARE XPRTS, INC. - A</longFreetext>
          </otherDataFreetext>
        </dataElementsIndiv>
        <dataElementsIndiv>
          <elementManagementData>
            <reference>
              <qualifier>OT</qualifier>
              <number>23</number>
            </reference>
            <segmentName>TK</segmentName>
            <lineNumber>10</lineNumber>
          </elementManagementData>
          <ticketElement>
            <ticket>
              <indicator>OK</indicator>
              <date>180420</date>
              <officeId>YTOC421I9</officeId>
            </ticket>
          </ticketElement>
        </dataElementsIndiv>
        <dataElementsIndiv>
          <elementManagementData>
            <reference>
              <qualifier>OT</qualifier>
              <number>20</number>
            </reference>
            <segmentName>SSR</segmentName>
            <lineNumber>11</lineNumber>
          </elementManagementData>
          <serviceRequest>
            <ssr>
              <type>CHLD</type>
              <status>HK</status>
              <quantity>1</quantity>
              <companyId>PS</companyId>
              <freeText>18JUN12</freeText>
            </ssr>
          </serviceRequest>
          <referenceForDataElement>
            <reference>
              <qualifier>PT</qualifier>
              <number>4</number>
            </reference>
          </referenceForDataElement>
        </dataElementsIndiv>
        <dataElementsIndiv>
          <elementManagementData>
            <reference>
              <qualifier>OT</qualifier>
              <number>21</number>
            </reference>
            <segmentName>SSR</segmentName>
            <lineNumber>12</lineNumber>
          </elementManagementData>
          <serviceRequest>
            <ssr>
              <type>CHLD</type>
              <status>HK</status>
              <quantity>1</quantity>
              <companyId>PS</companyId>
              <freeText>16OCT13</freeText>
            </ssr>
          </serviceRequest>
          <referenceForDataElement>
            <reference>
              <qualifier>PT</qualifier>
              <number>5</number>
            </reference>
          </referenceForDataElement>
        </dataElementsIndiv>
        <dataElementsIndiv>
          <elementManagementData>
            <reference>
              <qualifier>OT</qualifier>
              <number>29</number>
            </reference>
            <segmentName>SSR</segmentName>
            <lineNumber>13</lineNumber>
          </elementManagementData>
          <serviceRequest>
            <ssr>
              <type>DOCS</type>
              <status>HK</status>
              <quantity>1</quantity>
              <companyId>PS</companyId>
              <freeText>////18JUN12/M//DEVI/SRYA</freeText>
            </ssr>
          </serviceRequest>
          <referenceForDataElement>
            <reference>
              <qualifier>PT</qualifier>
              <number>4</number>
            </reference>
          </referenceForDataElement>
        </dataElementsIndiv>
        <dataElementsIndiv>
          <elementManagementData>
            <reference>
              <qualifier>OT</qualifier>
              <number>30</number>
            </reference>
            <segmentName>SSR</segmentName>
            <lineNumber>14</lineNumber>
          </elementManagementData>
          <serviceRequest>
            <ssr>
              <type>DOCS</type>
              <status>HK</status>
              <quantity>1</quantity>
              <companyId>PS</companyId>
              <freeText>////02FEB85/F//KUMARI/SONAL</freeText>
            </ssr>
          </serviceRequest>
          <referenceForDataElement>
            <reference>
              <qualifier>PT</qualifier>
              <number>3</number>
            </reference>
          </referenceForDataElement>
        </dataElementsIndiv>
        <dataElementsIndiv>
          <elementManagementData>
            <reference>
              <qualifier>OT</qualifier>
              <number>31</number>
            </reference>
            <segmentName>SSR</segmentName>
            <lineNumber>15</lineNumber>
          </elementManagementData>
          <serviceRequest>
            <ssr>
              <type>DOCS</type>
              <status>HK</status>
              <quantity>1</quantity>
              <companyId>PS</companyId>
              <freeText>////18FEB87/M//KUNWAR/RAUSHAN</freeText>
            </ssr>
          </serviceRequest>
          <referenceForDataElement>
            <reference>
              <qualifier>PT</qualifier>
              <number>2</number>
            </reference>
          </referenceForDataElement>
        </dataElementsIndiv>
        <dataElementsIndiv>
          <elementManagementData>
            <reference>
              <qualifier>OT</qualifier>
              <number>32</number>
            </reference>
            <segmentName>SSR</segmentName>
            <lineNumber>16</lineNumber>
          </elementManagementData>
          <serviceRequest>
            <ssr>
              <type>DOCS</type>
              <status>HK</status>
              <quantity>1</quantity>
              <companyId>PS</companyId>
              <freeText>////16OCT13/F//SRE/SANJANA</freeText>
            </ssr>
          </serviceRequest>
          <referenceForDataElement>
            <reference>
              <qualifier>PT</qualifier>
              <number>5</number>
            </reference>
          </referenceForDataElement>
        </dataElementsIndiv>
        <dataElementsIndiv>
          <elementManagementData>
            <reference>
              <qualifier>OT</qualifier>
              <number>19</number>
            </reference>
            <segmentName>RM</segmentName>
            <lineNumber>17</lineNumber>
          </elementManagementData>
          <miscellaneousRemarks>
            <remarks>
              <type>RM</type>
              <freetext>NOTIFY PASSENGER PRIOR TO TICKET PURCHASE &amp; CHECK-IN: FEDERAL LAWS FORBID THE CARRIAGE OF HAZARDOUS MATERIALS - GGAMAUSHAZ</freetext>
            </remarks>
          </miscellaneousRemarks>
          <extendedRemark>
            <structuredRemark>
              <type>RM</type>
              <freetext>NOTIFY PASSENGER PRIOR TO TICKET PURCHASE &amp; CHECK-IN: FEDERAL LAWS FORBID THE CARRIAGE OF HAZARDOUS MATERIALS - GGAMAUSHAZ</freetext>
            </structuredRemark>
          </extendedRemark>
          <referenceForDataElement>
            <reference>
              <qualifier>ST</qualifier>
              <number>2</number>
            </reference>
            <reference>
              <qualifier>ST</qualifier>
              <number>3</number>
            </reference>
          </referenceForDataElement>
        </dataElementsIndiv>
        <dataElementsIndiv>
          <elementManagementData>
            <reference>
              <qualifier>OT</qualifier>
              <number>24</number>
            </reference>
            <segmentName>FE</segmentName>
            <lineNumber>18</lineNumber>
          </elementManagementData>
          <otherDataFreetext>
            <freetextDetail>
              <subjectQualifier>3</subjectQualifier>
              <type>10</type>
            </freetextDetail>
            <longFreetext>PAX NONEND/REF RSTR/RBK 150USD -BG:PS</longFreetext>
          </otherDataFreetext>
          <referenceForDataElement>
            <reference>
              <qualifier>ST</qualifier>
              <number>1</number>
            </reference>
            <reference>
              <qualifier>ST</qualifier>
              <number>2</number>
            </reference>
            <reference>
              <qualifier>ST</qualifier>
              <number>3</number>
            </reference>
            <reference>
              <qualifier>ST</qualifier>
              <number>4</number>
            </reference>
            <reference>
              <qualifier>PT</qualifier>
              <number>4</number>
            </reference>
            <reference>
              <qualifier>PT</qualifier>
              <number>5</number>
            </reference>
          </referenceForDataElement>
        </dataElementsIndiv>
        <dataElementsIndiv>
          <elementManagementData>
            <reference>
              <qualifier>OT</qualifier>
              <number>26</number>
            </reference>
            <segmentName>FE</segmentName>
            <lineNumber>19</lineNumber>
          </elementManagementData>
          <otherDataFreetext>
            <freetextDetail>
              <subjectQualifier>3</subjectQualifier>
              <type>10</type>
            </freetextDetail>
            <longFreetext>PAX NONEND/REF RSTR/RBK 150USD -BG:PS</longFreetext>
          </otherDataFreetext>
          <referenceForDataElement>
            <reference>
              <qualifier>ST</qualifier>
              <number>1</number>
            </reference>
            <reference>
              <qualifier>ST</qualifier>
              <number>2</number>
            </reference>
            <reference>
              <qualifier>ST</qualifier>
              <number>3</number>
            </reference>
            <reference>
              <qualifier>ST</qualifier>
              <number>4</number>
            </reference>
            <reference>
              <qualifier>PT</qualifier>
              <number>2</number>
            </reference>
            <reference>
              <qualifier>PT</qualifier>
              <number>3</number>
            </reference>
          </referenceForDataElement>
        </dataElementsIndiv>
        <dataElementsIndiv>
          <elementManagementData>
            <reference>
              <qualifier>OT</qualifier>
              <number>28</number>
            </reference>
            <segmentName>FP</segmentName>
            <lineNumber>20</lineNumber>
          </elementManagementData>
          <otherDataFreetext>
            <freetextDetail>
              <subjectQualifier>3</subjectQualifier>
              <type>16</type>
            </freetextDetail>
            <longFreetext>CASH</longFreetext>
          </otherDataFreetext>
        </dataElementsIndiv>
        <dataElementsIndiv>
          <elementManagementData>
            <reference>
              <qualifier>OT</qualifier>
              <number>25</number>
            </reference>
            <segmentName>FV</segmentName>
            <lineNumber>21</lineNumber>
          </elementManagementData>
          <otherDataFreetext>
            <freetextDetail>
              <subjectQualifier>3</subjectQualifier>
              <type>P18</type>
            </freetextDetail>
            <longFreetext>PAX PS</longFreetext>
          </otherDataFreetext>
          <referenceForDataElement>
            <reference>
              <qualifier>ST</qualifier>
              <number>1</number>
            </reference>
            <reference>
              <qualifier>ST</qualifier>
              <number>2</number>
            </reference>
            <reference>
              <qualifier>ST</qualifier>
              <number>3</number>
            </reference>
            <reference>
              <qualifier>ST</qualifier>
              <number>4</number>
            </reference>
            <reference>
              <qualifier>PT</qualifier>
              <number>4</number>
            </reference>
            <reference>
              <qualifier>PT</qualifier>
              <number>5</number>
            </reference>
          </referenceForDataElement>
        </dataElementsIndiv>
        <dataElementsIndiv>
          <elementManagementData>
            <reference>
              <qualifier>OT</qualifier>
              <number>27</number>
            </reference>
            <segmentName>FV</segmentName>
            <lineNumber>22</lineNumber>
          </elementManagementData>
          <otherDataFreetext>
            <freetextDetail>
              <subjectQualifier>3</subjectQualifier>
              <type>P18</type>
            </freetextDetail>
            <longFreetext>PAX PS</longFreetext>
          </otherDataFreetext>
          <referenceForDataElement>
            <reference>
              <qualifier>ST</qualifier>
              <number>1</number>
            </reference>
            <reference>
              <qualifier>ST</qualifier>
              <number>2</number>
            </reference>
            <reference>
              <qualifier>ST</qualifier>
              <number>3</number>
            </reference>
            <reference>
              <qualifier>ST</qualifier>
              <number>4</number>
            </reference>
            <reference>
              <qualifier>PT</qualifier>
              <number>2</number>
            </reference>
            <reference>
              <qualifier>PT</qualifier>
              <number>3</number>
            </reference>
          </referenceForDataElement>
        </dataElementsIndiv>
      </dataElementsMaster>
    </PNR_Reply>
  </soapenv:Body>
</soapenv:Envelope>
