<?xml version="1.0" encoding="UTF-8"?>
<soapenv:Envelope xmlns:soapenv="http://schemas.xmlsoap.org/soap/envelope/" xmlns:awsse="http://xml.amadeus.com/2010/06/Session_v3" xmlns:wsa="http://www.w3.org/2005/08/addressing">
  <soapenv:Header>
    <wsa:To>http://www.w3.org/2005/08/addressing/anonymous</wsa:To>
    <wsa:From>
      <wsa:Address>https://nodeD1.test.webservices.amadeus.com/1ASIWIBESXI</wsa:Address>
    </wsa:From>
    <wsa:Action>http://webservices.amadeus.com/ITAREQ_05_2_IA</wsa:Action>
    <wsa:MessageID>urn:uuid:7b090de8-f1be-7f04-416f-a9b2a583ae85</wsa:MessageID>
    <wsa:RelatesTo RelationshipType="http://www.w3.org/2005/08/addressing/reply">2112a8df-9f7b-f152-18ca-cba579a2f401</wsa:RelatesTo>
    <awsse:Session TransactionStatusCode="InSeries">
      <awsse:SessionId>01B7QCN0DO</awsse:SessionId>
      <awsse:SequenceNumber>1</awsse:SequenceNumber>
      <awsse:SecurityToken>1TGPRUNPEMEN92S6YXG1WA2GQT</awsse:SecurityToken>
    </awsse:Session>
  </soapenv:Header>
  <soapenv:Body>
    <Air_SellFromRecommendationReply xmlns="http://xml.amadeus.com/ITARES_05_2_IA">
      <message>
        <messageFunctionDetails>
          <messageFunction>183</messageFunction>
        </messageFunctionDetails>
      </message>
      <itineraryDetails>
        <originDestination>
          <origin>MIA</origin>
          <destination>JFK</destination>
        </originDestination>
        <segmentInformation>
          <flightDetails>
            <flightDate>
              <departureDate>050820</departureDate>
              <departureTime>0630</departureTime>
              <arrivalTime>0824</arrivalTime>
            </flightDate>
            <boardPointDetails>
              <trueLocationId>MIA</trueLocationId>
            </boardPointDetails>
            <offpointDetails>
              <trueLocationId>ATL</trueLocationId>
            </offpointDetails>
            <companyDetails>
              <marketingCompany>DL</marketingCompany>
            </companyDetails>
            <flightIdentification>
              <flightNumber>940</flightNumber>
              <bookingClass>E</bookingClass>
            </flightIdentification>
            <flightTypeDetails>
              <flightIndicator>ET</flightIndicator>
            </flightTypeDetails>
            <specialSegment>P</specialSegment>
          </flightDetails>
          <apdSegment>
            <legDetails>
              <equipment>321</equipment>
            </legDetails>
            <arrivalStationInfo>
              <terminal>S</terminal>
            </arrivalStationInfo>
          </apdSegment>
          <actionDetails>
            <quantity>2</quantity>
            <statusCode>OK</statusCode>
          </actionDetails>
        </segmentInformation>
        <segmentInformation>
          <flightDetails>
            <flightDate>
              <departureDate>050820</departureDate>
              <departureTime>0955</departureTime>
              <arrivalTime>1213</arrivalTime>
            </flightDate>
            <boardPointDetails>
              <trueLocationId>ATL</trueLocationId>
            </boardPointDetails>
            <offpointDetails>
              <trueLocationId>JFK</trueLocationId>
            </offpointDetails>
            <companyDetails>
              <marketingCompany>DL</marketingCompany>
            </companyDetails>
            <flightIdentification>
              <flightNumber>843</flightNumber>
              <bookingClass>E</bookingClass>
            </flightIdentification>
            <flightTypeDetails>
              <flightIndicator>ET</flightIndicator>
            </flightTypeDetails>
            <specialSegment>P</specialSegment>
          </flightDetails>
          <apdSegment>
            <legDetails>
              <equipment>739</equipment>
            </legDetails>
            <departureStationInfo>
              <terminal>S</terminal>
            </departureStationInfo>
            <arrivalStationInfo>
              <terminal>4</terminal>
            </arrivalStationInfo>
          </apdSegment>
          <actionDetails>
            <quantity>2</quantity>
            <statusCode>OK</statusCode>
          </actionDetails>
        </segmentInformation>
      </itineraryDetails>
      <itineraryDetails>
        <originDestination>
          <origin>JFK</origin>
          <destination>MIA</destination>
        </originDestination>
        <segmentInformation>
          <flightDetails>
            <flightDate>
              <departureDate>210820</departureDate>
              <departureTime>1229</departureTime>
              <arrivalTime>1437</arrivalTime>
            </flightDate>
            <boardPointDetails>
              <trueLocationId>JFK</trueLocationId>
            </boardPointDetails>
            <offpointDetails>
              <trueLocationId>DTW</trueLocationId>
            </offpointDetails>
            <companyDetails>
              <marketingCompany>DL</marketingCompany>
            </companyDetails>
            <flightIdentification>
              <flightNumber>4758</flightNumber>
              <bookingClass>E</bookingClass>
            </flightIdentification>
            <flightTypeDetails>
              <flightIndicator>ET</flightIndicator>
            </flightTypeDetails>
            <specialSegment>P</specialSegment>
          </flightDetails>
          <apdSegment>
            <legDetails>
              <equipment>CR9</equipment>
            </legDetails>
            <departureStationInfo>
              <terminal>4</terminal>
            </departureStationInfo>
            <arrivalStationInfo>
              <terminal>EM</terminal>
            </arrivalStationInfo>
          </apdSegment>
          <actionDetails>
            <quantity>2</quantity>
            <statusCode>OK</statusCode>
          </actionDetails>
        </segmentInformation>
        <segmentInformation>
          <flightDetails>
            <flightDate>
              <departureDate>210820</departureDate>
              <departureTime>1730</departureTime>
              <arrivalTime>2029</arrivalTime>
            </flightDate>
            <boardPointDetails>
              <trueLocationId>DTW</trueLocationId>
            </boardPointDetails>
            <offpointDetails>
              <trueLocationId>MIA</trueLocationId>
            </offpointDetails>
            <companyDetails>
              <marketingCompany>DL</marketingCompany>
            </companyDetails>
            <flightIdentification>
              <flightNumber>3025</flightNumber>
              <bookingClass>E</bookingClass>
            </flightIdentification>
            <flightTypeDetails>
              <flightIndicator>ET</flightIndicator>
            </flightTypeDetails>
            <specialSegment>P</specialSegment>
          </flightDetails>
          <apdSegment>
            <legDetails>
              <equipment>319</equipment>
            </legDetails>
            <departureStationInfo>
              <terminal>EM</terminal>
            </departureStationInfo>
          </apdSegment>
          <actionDetails>
            <quantity>2</quantity>
            <statusCode>OK</statusCode>
          </actionDetails>
        </segmentInformation>
      </itineraryDetails>
    </Air_SellFromRecommendationReply>
  </soapenv:Body>
</soapenv:Envelope>
