<?xml version="1.0" encoding="UTF-8"?>
<soapenv:Envelope xmlns:soapenv="http://schemas.xmlsoap.org/soap/envelope/" xmlns:awsse="http://xml.amadeus.com/2010/06/Session_v3" xmlns:wsa="http://www.w3.org/2005/08/addressing">
  <soapenv:Header>
    <wsa:To>http://www.w3.org/2005/08/addressing/anonymous</wsa:To>
    <wsa:From>
      <wsa:Address>https://nodeD1.test.webservices.amadeus.com/1ASIWIBESXI</wsa:Address>
    </wsa:From>
    <wsa:Action>http://webservices.amadeus.com/ITAREQ_05_2_IA</wsa:Action>
    <wsa:MessageID>urn:uuid:9fd407b0-6256-e484-b1a1-a5cca9a0ff14</wsa:MessageID>
    <wsa:RelatesTo RelationshipType="http://www.w3.org/2005/08/addressing/reply">27a28a9c-cedb-0882-2ccc-52908e4a18a3</wsa:RelatesTo>
    <awsse:Session TransactionStatusCode="InSeries">
      <awsse:SessionId>01BAOWB5DP</awsse:SessionId>
      <awsse:SequenceNumber>1</awsse:SequenceNumber>
      <awsse:SecurityToken>3MGZDF5BA1A0Z25XZB05JYYYQ5</awsse:SecurityToken>
    </awsse:Session>
  </soapenv:Header>
  <soapenv:Body>
    <Air_SellFromRecommendationReply xmlns="http://xml.amadeus.com/ITARES_05_2_IA">
      <message>
        <messageFunctionDetails>
          <messageFunction>183</messageFunction>
        </messageFunctionDetails>
      </message>
      <itineraryDetails>
        <originDestination>
          <origin>MIA</origin>
          <destination>SEA</destination>
        </originDestination>
        <segmentInformation>
          <flightDetails>
            <flightDate>
              <departureDate>200520</departureDate>
              <departureTime>0750</departureTime>
              <arrivalTime>1037</arrivalTime>
            </flightDate>
            <boardPointDetails>
              <trueLocationId>MIA</trueLocationId>
            </boardPointDetails>
            <offpointDetails>
              <trueLocationId>MSP</trueLocationId>
            </offpointDetails>
            <companyDetails>
              <marketingCompany>DL</marketingCompany>
            </companyDetails>
            <flightIdentification>
              <flightNumber>3035</flightNumber>
              <bookingClass>E</bookingClass>
            </flightIdentification>
            <flightTypeDetails>
              <flightIndicator>ET</flightIndicator>
            </flightTypeDetails>
            <specialSegment>P</specialSegment>
          </flightDetails>
          <apdSegment>
            <legDetails>
              <equipment>319</equipment>
            </legDetails>
            <arrivalStationInfo>
              <terminal>1</terminal>
            </arrivalStationInfo>
          </apdSegment>
          <actionDetails>
            <quantity>2</quantity>
            <statusCode>OK</statusCode>
          </actionDetails>
        </segmentInformation>
        <segmentInformation>
          <flightDetails>
            <flightDate>
              <departureDate>200520</departureDate>
              <departureTime>1120</departureTime>
              <arrivalTime>1302</arrivalTime>
            </flightDate>
            <boardPointDetails>
              <trueLocationId>MSP</trueLocationId>
            </boardPointDetails>
            <offpointDetails>
              <trueLocationId>SEA</trueLocationId>
            </offpointDetails>
            <companyDetails>
              <marketingCompany>DL</marketingCompany>
            </companyDetails>
            <flightIdentification>
              <flightNumber>1670</flightNumber>
              <bookingClass>E</bookingClass>
            </flightIdentification>
            <flightTypeDetails>
              <flightIndicator>ET</flightIndicator>
            </flightTypeDetails>
            <specialSegment>P</specialSegment>
          </flightDetails>
          <apdSegment>
            <legDetails>
              <equipment>752</equipment>
            </legDetails>
            <departureStationInfo>
              <terminal>1</terminal>
            </departureStationInfo>
          </apdSegment>
          <actionDetails>
            <quantity>2</quantity>
            <statusCode>OK</statusCode>
          </actionDetails>
        </segmentInformation>
      </itineraryDetails>
      <itineraryDetails>
        <originDestination>
          <origin>SEA</origin>
          <destination>MIA</destination>
        </originDestination>
        <segmentInformation>
          <flightDetails>
            <flightDate>
              <departureDate>230620</departureDate>
              <departureTime>0730</departureTime>
              <arrivalTime>1525</arrivalTime>
            </flightDate>
            <boardPointDetails>
              <trueLocationId>SEA</trueLocationId>
            </boardPointDetails>
            <offpointDetails>
              <trueLocationId>ATL</trueLocationId>
            </offpointDetails>
            <companyDetails>
              <marketingCompany>DL</marketingCompany>
            </companyDetails>
            <flightIdentification>
              <flightNumber>1870</flightNumber>
              <bookingClass>E</bookingClass>
            </flightIdentification>
            <flightTypeDetails>
              <flightIndicator>ET</flightIndicator>
            </flightTypeDetails>
            <specialSegment>P</specialSegment>
          </flightDetails>
          <apdSegment>
            <legDetails>
              <equipment>752</equipment>
            </legDetails>
            <arrivalStationInfo>
              <terminal>S</terminal>
            </arrivalStationInfo>
          </apdSegment>
          <actionDetails>
            <quantity>2</quantity>
            <statusCode>OK</statusCode>
          </actionDetails>
        </segmentInformation>
        <segmentInformation>
          <flightDetails>
            <flightDate>
              <departureDate>230620</departureDate>
              <departureTime>1610</departureTime>
              <arrivalTime>1810</arrivalTime>
            </flightDate>
            <boardPointDetails>
              <trueLocationId>ATL</trueLocationId>
            </boardPointDetails>
            <offpointDetails>
              <trueLocationId>MIA</trueLocationId>
            </offpointDetails>
            <companyDetails>
              <marketingCompany>DL</marketingCompany>
            </companyDetails>
            <flightIdentification>
              <flightNumber>2025</flightNumber>
              <bookingClass>E</bookingClass>
            </flightIdentification>
            <flightTypeDetails>
              <flightIndicator>ET</flightIndicator>
            </flightTypeDetails>
            <specialSegment>P</specialSegment>
          </flightDetails>
          <apdSegment>
            <legDetails>
              <equipment>321</equipment>
            </legDetails>
            <departureStationInfo>
              <terminal>S</terminal>
            </departureStationInfo>
          </apdSegment>
          <actionDetails>
            <quantity>2</quantity>
            <statusCode>OK</statusCode>
          </actionDetails>
        </segmentInformation>
      </itineraryDetails>
    </Air_SellFromRecommendationReply>
  </soapenv:Body>
</soapenv:Envelope>
