<?xml version="1.0" encoding="UTF-8"?>
<soapenv:Envelope xmlns:soapenv="http://schemas.xmlsoap.org/soap/envelope/" xmlns:awsse="http://xml.amadeus.com/2010/06/Session_v3" xmlns:wsa="http://www.w3.org/2005/08/addressing">
  <soapenv:Header>
    <wsa:To>http://www.w3.org/2005/08/addressing/anonymous</wsa:To>
    <wsa:From>
      <wsa:Address>https://nodeD1.test.webservices.amadeus.com/1ASIWIBESXI</wsa:Address>
    </wsa:From>
    <wsa:Action>http://webservices.amadeus.com/ITAREQ_05_2_IA</wsa:Action>
    <wsa:MessageID>urn:uuid:e6ad65e0-8d43-1764-b149-48891274fe07</wsa:MessageID>
    <wsa:RelatesTo RelationshipType="http://www.w3.org/2005/08/addressing/reply">76b499c8-45a8-7b94-2baa-cbbbf3509e95</wsa:RelatesTo>
    <awsse:Session TransactionStatusCode="InSeries">
      <awsse:SessionId>00QZ8M5XY2</awsse:SessionId>
      <awsse:SequenceNumber>1</awsse:SequenceNumber>
      <awsse:SecurityToken>1XP0T1XMSZHXVLNMYSY3YJGYP</awsse:SecurityToken>
    </awsse:Session>
  </soapenv:Header>
  <soapenv:Body>
    <Air_SellFromRecommendationReply xmlns="http://xml.amadeus.com/ITARES_05_2_IA">
      <message>
        <messageFunctionDetails>
          <messageFunction>183</messageFunction>
        </messageFunctionDetails>
      </message>
      <itineraryDetails>
        <originDestination>
          <origin>SEA</origin>
          <destination>MIA</destination>
        </originDestination>
        <segmentInformation>
          <flightDetails>
            <flightDate>
              <departureDate>130820</departureDate>
              <departureTime>0945</departureTime>
              <arrivalTime>1251</arrivalTime>
            </flightDate>
            <boardPointDetails>
              <trueLocationId>SEA</trueLocationId>
            </boardPointDetails>
            <offpointDetails>
              <trueLocationId>SLC</trueLocationId>
            </offpointDetails>
            <companyDetails>
              <marketingCompany>DL</marketingCompany>
            </companyDetails>
            <flightIdentification>
              <flightNumber>2124</flightNumber>
              <bookingClass>E</bookingClass>
            </flightIdentification>
            <flightTypeDetails>
              <flightIndicator>ET</flightIndicator>
            </flightTypeDetails>
            <specialSegment>P</specialSegment>
          </flightDetails>
          <apdSegment>
            <legDetails>
              <equipment>738</equipment>
            </legDetails>
            <arrivalStationInfo>
              <terminal>2</terminal>
            </arrivalStationInfo>
          </apdSegment>
          <actionDetails>
            <quantity>1</quantity>
            <statusCode>OK</statusCode>
          </actionDetails>
        </segmentInformation>
        <segmentInformation>
          <flightDetails>
            <flightDate>
              <departureDate>130820</departureDate>
              <departureTime>1345</departureTime>
              <arrivalTime>2027</arrivalTime>
            </flightDate>
            <boardPointDetails>
              <trueLocationId>SLC</trueLocationId>
            </boardPointDetails>
            <offpointDetails>
              <trueLocationId>MIA</trueLocationId>
            </offpointDetails>
            <companyDetails>
              <marketingCompany>DL</marketingCompany>
            </companyDetails>
            <flightIdentification>
              <flightNumber>475</flightNumber>
              <bookingClass>E</bookingClass>
            </flightIdentification>
            <flightTypeDetails>
              <flightIndicator>ET</flightIndicator>
            </flightTypeDetails>
            <specialSegment>P</specialSegment>
          </flightDetails>
          <apdSegment>
            <legDetails>
              <equipment>738</equipment>
            </legDetails>
            <departureStationInfo>
              <terminal>2</terminal>
            </departureStationInfo>
          </apdSegment>
          <actionDetails>
            <quantity>1</quantity>
            <statusCode>OK</statusCode>
          </actionDetails>
        </segmentInformation>
      </itineraryDetails>
      <itineraryDetails>
        <originDestination>
          <origin>MIA</origin>
          <destination>SEA</destination>
        </originDestination>
        <segmentInformation>
          <flightDetails>
            <flightDate>
              <departureDate>220920</departureDate>
              <departureTime>0630</departureTime>
              <arrivalTime>0825</arrivalTime>
            </flightDate>
            <boardPointDetails>
              <trueLocationId>MIA</trueLocationId>
            </boardPointDetails>
            <offpointDetails>
              <trueLocationId>ATL</trueLocationId>
            </offpointDetails>
            <companyDetails>
              <marketingCompany>DL</marketingCompany>
            </companyDetails>
            <flightIdentification>
              <flightNumber>940</flightNumber>
              <bookingClass>E</bookingClass>
            </flightIdentification>
            <flightTypeDetails>
              <flightIndicator>ET</flightIndicator>
            </flightTypeDetails>
            <specialSegment>P</specialSegment>
          </flightDetails>
          <apdSegment>
            <legDetails>
              <equipment>321</equipment>
            </legDetails>
            <arrivalStationInfo>
              <terminal>S</terminal>
            </arrivalStationInfo>
          </apdSegment>
          <actionDetails>
            <quantity>1</quantity>
            <statusCode>OK</statusCode>
          </actionDetails>
        </segmentInformation>
        <segmentInformation>
          <flightDetails>
            <flightDate>
              <departureDate>220920</departureDate>
              <departureTime>0820</departureTime>
              <arrivalTime>1039</arrivalTime>
            </flightDate>
            <boardPointDetails>
              <trueLocationId>ATL</trueLocationId>
            </boardPointDetails>
            <offpointDetails>
              <trueLocationId>SEA</trueLocationId>
            </offpointDetails>
            <companyDetails>
              <marketingCompany>DL</marketingCompany>
            </companyDetails>
            <flightIdentification>
              <flightNumber>609</flightNumber>
              <bookingClass>E</bookingClass>
            </flightIdentification>
            <flightTypeDetails>
              <flightIndicator>ET</flightIndicator>
            </flightTypeDetails>
            <specialSegment>P</specialSegment>
          </flightDetails>
          <apdSegment>
            <legDetails>
              <equipment>757</equipment>
            </legDetails>
            <departureStationInfo>
              <terminal>S</terminal>
            </departureStationInfo>
          </apdSegment>
          <actionDetails>
            <quantity>1</quantity>
            <statusCode>OK</statusCode>
          </actionDetails>
        </segmentInformation>
      </itineraryDetails>
    </Air_SellFromRecommendationReply>
  </soapenv:Body>
</soapenv:Envelope>
