<?xml version="1.0" encoding="UTF-8"?>
<soapenv:Envelope xmlns:soapenv="http://schemas.xmlsoap.org/soap/envelope/" xmlns:awsse="http://xml.amadeus.com/2010/06/Session_v3" xmlns:wsa="http://www.w3.org/2005/08/addressing">
  <soapenv:Header>
    <wsa:To>http://www.w3.org/2005/08/addressing/anonymous</wsa:To>
    <wsa:From>
      <wsa:Address>https://nodeD1.test.webservices.amadeus.com/1ASIWIBESXI</wsa:Address>
    </wsa:From>
    <wsa:Action>http://webservices.amadeus.com/ITAREQ_05_2_IA</wsa:Action>
    <wsa:MessageID>urn:uuid:524511e3-93ae-92a4-d9bf-e55b10c0c31a</wsa:MessageID>
    <wsa:RelatesTo RelationshipType="http://www.w3.org/2005/08/addressing/reply">a4e9bde1-6eb2-8739-d326-084a367bd9b5</wsa:RelatesTo>
    <awsse:Session TransactionStatusCode="InSeries">
      <awsse:SessionId>01BH3QWW9A</awsse:SessionId>
      <awsse:SequenceNumber>1</awsse:SequenceNumber>
      <awsse:SecurityToken>84E1YGEC271YY9ORM01D96PR</awsse:SecurityToken>
    </awsse:Session>
  </soapenv:Header>
  <soapenv:Body>
    <Air_SellFromRecommendationReply xmlns="http://xml.amadeus.com/ITARES_05_2_IA">
      <message>
        <messageFunctionDetails>
          <messageFunction>183</messageFunction>
        </messageFunctionDetails>
      </message>
      <itineraryDetails>
        <originDestination>
          <origin>DEL</origin>
          <destination>JFK</destination>
        </originDestination>
        <segmentInformation>
          <flightDetails>
            <flightDate>
              <departureDate>210520</departureDate>
              <departureTime>0045</departureTime>
              <arrivalTime>0600</arrivalTime>
            </flightDate>
            <boardPointDetails>
              <trueLocationId>DEL</trueLocationId>
            </boardPointDetails>
            <offpointDetails>
              <trueLocationId>KBP</trueLocationId>
            </offpointDetails>
            <companyDetails>
              <marketingCompany>PS</marketingCompany>
            </companyDetails>
            <flightIdentification>
              <flightNumber>392</flightNumber>
              <bookingClass>X</bookingClass>
            </flightIdentification>
            <flightTypeDetails>
              <flightIndicator>ET</flightIndicator>
            </flightTypeDetails>
            <specialSegment>P</specialSegment>
          </flightDetails>
          <apdSegment>
            <legDetails>
              <equipment>767</equipment>
            </legDetails>
            <departureStationInfo>
              <terminal>3</terminal>
            </departureStationInfo>
            <arrivalStationInfo>
              <terminal>D</terminal>
            </arrivalStationInfo>
          </apdSegment>
          <actionDetails>
            <quantity>4</quantity>
            <statusCode>OK</statusCode>
          </actionDetails>
        </segmentInformation>
        <segmentInformation>
          <flightDetails>
            <flightDate>
              <departureDate>210520</departureDate>
              <departureTime>1000</departureTime>
              <arrivalTime>1255</arrivalTime>
            </flightDate>
            <boardPointDetails>
              <trueLocationId>KBP</trueLocationId>
            </boardPointDetails>
            <offpointDetails>
              <trueLocationId>JFK</trueLocationId>
            </offpointDetails>
            <companyDetails>
              <marketingCompany>PS</marketingCompany>
            </companyDetails>
            <flightIdentification>
              <flightNumber>231</flightNumber>
              <bookingClass>X</bookingClass>
            </flightIdentification>
            <flightTypeDetails>
              <flightIndicator>ET</flightIndicator>
            </flightTypeDetails>
            <specialSegment>P</specialSegment>
          </flightDetails>
          <apdSegment>
            <legDetails>
              <equipment>777</equipment>
            </legDetails>
            <departureStationInfo>
              <terminal>D</terminal>
            </departureStationInfo>
            <arrivalStationInfo>
              <terminal>7</terminal>
            </arrivalStationInfo>
          </apdSegment>
          <actionDetails>
            <quantity>4</quantity>
            <statusCode>OK</statusCode>
          </actionDetails>
        </segmentInformation>
      </itineraryDetails>
      <itineraryDetails>
        <originDestination>
          <origin>JFK</origin>
          <destination>DEL</destination>
        </originDestination>
        <segmentInformation>
          <flightDetails>
            <flightDate>
              <departureDate>250620</departureDate>
              <departureTime>0030</departureTime>
              <arrivalTime>1625</arrivalTime>
            </flightDate>
            <boardPointDetails>
              <trueLocationId>JFK</trueLocationId>
            </boardPointDetails>
            <offpointDetails>
              <trueLocationId>KBP</trueLocationId>
            </offpointDetails>
            <companyDetails>
              <marketingCompany>PS</marketingCompany>
            </companyDetails>
            <flightIdentification>
              <flightNumber>232</flightNumber>
              <bookingClass>N</bookingClass>
            </flightIdentification>
            <flightTypeDetails>
              <flightIndicator>ET</flightIndicator>
            </flightTypeDetails>
            <specialSegment>P</specialSegment>
          </flightDetails>
          <apdSegment>
            <legDetails>
              <equipment>777</equipment>
            </legDetails>
            <departureStationInfo>
              <terminal>7</terminal>
            </departureStationInfo>
            <arrivalStationInfo>
              <terminal>D</terminal>
            </arrivalStationInfo>
          </apdSegment>
          <actionDetails>
            <quantity>4</quantity>
            <statusCode>OK</statusCode>
          </actionDetails>
        </segmentInformation>
        <segmentInformation>
          <flightDetails>
            <flightDate>
              <departureDate>250620</departureDate>
              <departureTime>2110</departureTime>
              <arrivalTime>0620</arrivalTime>
              <dateVariation>1</dateVariation>
            </flightDate>
            <boardPointDetails>
              <trueLocationId>KBP</trueLocationId>
            </boardPointDetails>
            <offpointDetails>
              <trueLocationId>DEL</trueLocationId>
            </offpointDetails>
            <companyDetails>
              <marketingCompany>PS</marketingCompany>
            </companyDetails>
            <flightIdentification>
              <flightNumber>391</flightNumber>
              <bookingClass>N</bookingClass>
            </flightIdentification>
            <flightTypeDetails>
              <flightIndicator>ET</flightIndicator>
            </flightTypeDetails>
            <specialSegment>P</specialSegment>
          </flightDetails>
          <apdSegment>
            <legDetails>
              <equipment>767</equipment>
            </legDetails>
            <departureStationInfo>
              <terminal>D</terminal>
            </departureStationInfo>
            <arrivalStationInfo>
              <terminal>3</terminal>
            </arrivalStationInfo>
          </apdSegment>
          <actionDetails>
            <quantity>4</quantity>
            <statusCode>OK</statusCode>
          </actionDetails>
        </segmentInformation>
      </itineraryDetails>
    </Air_SellFromRecommendationReply>
  </soapenv:Body>
</soapenv:Envelope>
