<?xml version="1.0" encoding="UTF-8"?>
<soapenv:Envelope xmlns:soapenv="http://schemas.xmlsoap.org/soap/envelope/" xmlns:awsse="http://xml.amadeus.com/2010/06/Session_v3" xmlns:wsa="http://www.w3.org/2005/08/addressing">
  <soapenv:Header>
    <wsa:To>http://www.w3.org/2005/08/addressing/anonymous</wsa:To>
    <wsa:From>
      <wsa:Address>https://nodeD1.test.webservices.amadeus.com/1ASIWIBESXI</wsa:Address>
    </wsa:From>
    <wsa:Action>http://webservices.amadeus.com/ITAREQ_05_2_IA</wsa:Action>
    <wsa:MessageID>urn:uuid:d7f5c0a1-cc92-0ff4-696f-cbb68f5bfd7e</wsa:MessageID>
    <wsa:RelatesTo RelationshipType="http://www.w3.org/2005/08/addressing/reply">f4f9e4e6-eb5d-f49c-8b07-c3c26a683bb3</wsa:RelatesTo>
    <awsse:Session TransactionStatusCode="InSeries">
      <awsse:SessionId>00R7MHVXHC</awsse:SessionId>
      <awsse:SequenceNumber>1</awsse:SequenceNumber>
      <awsse:SecurityToken>1J44LNIF3WMGU387FQDOB7C5UZ</awsse:SecurityToken>
    </awsse:Session>
  </soapenv:Header>
  <soapenv:Body>
    <Air_SellFromRecommendationReply xmlns="http://xml.amadeus.com/ITARES_05_2_IA">
      <message>
        <messageFunctionDetails>
          <messageFunction>183</messageFunction>
        </messageFunctionDetails>
      </message>
      <itineraryDetails>
        <originDestination>
          <origin>DEL</origin>
          <destination>JFK</destination>
        </originDestination>
        <segmentInformation>
          <flightDetails>
            <flightDate>
              <departureDate>130820</departureDate>
              <departureTime>0205</departureTime>
              <arrivalTime>0705</arrivalTime>
            </flightDate>
            <boardPointDetails>
              <trueLocationId>DEL</trueLocationId>
            </boardPointDetails>
            <offpointDetails>
              <trueLocationId>LHR</trueLocationId>
            </offpointDetails>
            <companyDetails>
              <marketingCompany>VS</marketingCompany>
            </companyDetails>
            <flightIdentification>
              <flightNumber>303</flightNumber>
              <bookingClass>T</bookingClass>
            </flightIdentification>
            <flightTypeDetails>
              <flightIndicator>ET</flightIndicator>
            </flightTypeDetails>
            <specialSegment>P</specialSegment>
          </flightDetails>
          <apdSegment>
            <legDetails>
              <equipment>789</equipment>
            </legDetails>
            <departureStationInfo>
              <terminal>3</terminal>
            </departureStationInfo>
            <arrivalStationInfo>
              <terminal>3</terminal>
            </arrivalStationInfo>
          </apdSegment>
          <actionDetails>
            <quantity>1</quantity>
            <statusCode>OK</statusCode>
          </actionDetails>
        </segmentInformation>
        <segmentInformation>
          <flightDetails>
            <flightDate>
              <departureDate>130820</departureDate>
              <departureTime>0905</departureTime>
              <arrivalTime>1155</arrivalTime>
            </flightDate>
            <boardPointDetails>
              <trueLocationId>LHR</trueLocationId>
            </boardPointDetails>
            <offpointDetails>
              <trueLocationId>JFK</trueLocationId>
            </offpointDetails>
            <companyDetails>
              <marketingCompany>VS</marketingCompany>
            </companyDetails>
            <flightIdentification>
              <flightNumber>3</flightNumber>
              <bookingClass>T</bookingClass>
            </flightIdentification>
            <flightTypeDetails>
              <flightIndicator>ET</flightIndicator>
            </flightTypeDetails>
            <specialSegment>P</specialSegment>
          </flightDetails>
          <apdSegment>
            <legDetails>
              <equipment>333</equipment>
            </legDetails>
            <departureStationInfo>
              <terminal>3</terminal>
            </departureStationInfo>
            <arrivalStationInfo>
              <terminal>4</terminal>
            </arrivalStationInfo>
          </apdSegment>
          <actionDetails>
            <quantity>1</quantity>
            <statusCode>OK</statusCode>
          </actionDetails>
        </segmentInformation>
      </itineraryDetails>
      <itineraryDetails>
        <originDestination>
          <origin>JFK</origin>
          <destination>DEL</destination>
        </originDestination>
        <segmentInformation>
          <flightDetails>
            <flightDate>
              <departureDate>290920</departureDate>
              <departureTime>2001</departureTime>
              <arrivalTime>0800</arrivalTime>
              <dateVariation>1</dateVariation>
            </flightDate>
            <boardPointDetails>
              <trueLocationId>JFK</trueLocationId>
            </boardPointDetails>
            <offpointDetails>
              <trueLocationId>LHR</trueLocationId>
            </offpointDetails>
            <companyDetails>
              <marketingCompany>VS</marketingCompany>
            </companyDetails>
            <flightIdentification>
              <flightNumber>138</flightNumber>
              <bookingClass>T</bookingClass>
            </flightIdentification>
            <flightTypeDetails>
              <flightIndicator>ET</flightIndicator>
            </flightTypeDetails>
            <specialSegment>P</specialSegment>
          </flightDetails>
          <apdSegment>
            <legDetails>
              <equipment>789</equipment>
            </legDetails>
            <departureStationInfo>
              <terminal>4</terminal>
            </departureStationInfo>
            <arrivalStationInfo>
              <terminal>3</terminal>
            </arrivalStationInfo>
          </apdSegment>
          <actionDetails>
            <quantity>1</quantity>
            <statusCode>OK</statusCode>
          </actionDetails>
        </segmentInformation>
        <segmentInformation>
          <flightDetails>
            <flightDate>
              <departureDate>300920</departureDate>
              <departureTime>0925</departureTime>
              <arrivalTime>2225</arrivalTime>
            </flightDate>
            <boardPointDetails>
              <trueLocationId>LHR</trueLocationId>
            </boardPointDetails>
            <offpointDetails>
              <trueLocationId>DEL</trueLocationId>
            </offpointDetails>
            <companyDetails>
              <marketingCompany>VS</marketingCompany>
            </companyDetails>
            <flightIdentification>
              <flightNumber>302</flightNumber>
              <bookingClass>T</bookingClass>
            </flightIdentification>
            <flightTypeDetails>
              <flightIndicator>ET</flightIndicator>
            </flightTypeDetails>
            <specialSegment>P</specialSegment>
          </flightDetails>
          <apdSegment>
            <legDetails>
              <equipment>789</equipment>
            </legDetails>
            <departureStationInfo>
              <terminal>3</terminal>
            </departureStationInfo>
            <arrivalStationInfo>
              <terminal>3</terminal>
            </arrivalStationInfo>
          </apdSegment>
          <actionDetails>
            <quantity>1</quantity>
            <statusCode>OK</statusCode>
          </actionDetails>
        </segmentInformation>
      </itineraryDetails>
    </Air_SellFromRecommendationReply>
  </soapenv:Body>
</soapenv:Envelope>
