<?xml version="1.0" encoding="UTF-8"?>
<soapenv:Envelope xmlns:soapenv="http://schemas.xmlsoap.org/soap/envelope/" xmlns:awsse="http://xml.amadeus.com/2010/06/Session_v3" xmlns:wsa="http://www.w3.org/2005/08/addressing">
  <soapenv:Header>
    <wsa:To>http://www.w3.org/2005/08/addressing/anonymous</wsa:To>
    <wsa:From>
      <wsa:Address>https://nodeD1.test.webservices.amadeus.com/1ASIWIBESXI</wsa:Address>
    </wsa:From>
    <wsa:Action>http://webservices.amadeus.com/ITAREQ_05_2_IA</wsa:Action>
    <wsa:MessageID>urn:uuid:1d3a2b5a-6b4f-a474-4d62-2ba96328ae22</wsa:MessageID>
    <wsa:RelatesTo RelationshipType="http://www.w3.org/2005/08/addressing/reply">d08ceb18-de66-0d4a-92d6-28dcab5fa8ca</wsa:RelatesTo>
    <awsse:Session TransactionStatusCode="InSeries">
      <awsse:SessionId>01B692SXTX</awsse:SessionId>
      <awsse:SequenceNumber>1</awsse:SequenceNumber>
      <awsse:SecurityToken>1JNZ5G5E302AE3GHYA5FYYVR1V</awsse:SecurityToken>
    </awsse:Session>
  </soapenv:Header>
  <soapenv:Body>
    <Air_SellFromRecommendationReply xmlns="http://xml.amadeus.com/ITARES_05_2_IA">
      <message>
        <messageFunctionDetails>
          <messageFunction>183</messageFunction>
        </messageFunctionDetails>
      </message>
      <itineraryDetails>
        <originDestination>
          <origin>MIA</origin>
          <destination>JFK</destination>
        </originDestination>
        <segmentInformation>
          <flightDetails>
            <flightDate>
              <departureDate>111120</departureDate>
              <departureTime>1241</departureTime>
              <arrivalTime>1530</arrivalTime>
            </flightDate>
            <boardPointDetails>
              <trueLocationId>MIA</trueLocationId>
            </boardPointDetails>
            <offpointDetails>
              <trueLocationId>JFK</trueLocationId>
            </offpointDetails>
            <companyDetails>
              <marketingCompany>AA</marketingCompany>
            </companyDetails>
            <flightIdentification>
              <flightNumber>2195</flightNumber>
              <bookingClass>G</bookingClass>
            </flightIdentification>
            <flightTypeDetails>
              <flightIndicator>ET</flightIndicator>
            </flightTypeDetails>
            <specialSegment>P</specialSegment>
          </flightDetails>
          <apdSegment>
            <legDetails>
              <equipment>738</equipment>
            </legDetails>
            <arrivalStationInfo>
              <terminal>8</terminal>
            </arrivalStationInfo>
          </apdSegment>
          <actionDetails>
            <quantity>2</quantity>
            <statusCode>OK</statusCode>
          </actionDetails>
        </segmentInformation>
      </itineraryDetails>
      <itineraryDetails>
        <originDestination>
          <origin>JFK</origin>
          <destination>MIA</destination>
        </originDestination>
        <segmentInformation>
          <flightDetails>
            <flightDate>
              <departureDate>241220</departureDate>
              <departureTime>1105</departureTime>
              <arrivalTime>1416</arrivalTime>
            </flightDate>
            <boardPointDetails>
              <trueLocationId>JFK</trueLocationId>
            </boardPointDetails>
            <offpointDetails>
              <trueLocationId>MIA</trueLocationId>
            </offpointDetails>
            <companyDetails>
              <marketingCompany>AA</marketingCompany>
            </companyDetails>
            <flightIdentification>
              <flightNumber>1099</flightNumber>
              <bookingClass>G</bookingClass>
            </flightIdentification>
            <flightTypeDetails>
              <flightIndicator>ET</flightIndicator>
            </flightTypeDetails>
            <specialSegment>P</specialSegment>
          </flightDetails>
          <apdSegment>
            <legDetails>
              <equipment>763</equipment>
            </legDetails>
            <departureStationInfo>
              <terminal>8</terminal>
            </departureStationInfo>
          </apdSegment>
          <actionDetails>
            <quantity>2</quantity>
            <statusCode>OK</statusCode>
          </actionDetails>
        </segmentInformation>
      </itineraryDetails>
    </Air_SellFromRecommendationReply>
  </soapenv:Body>
</soapenv:Envelope>
