<?xml version="1.0" encoding="UTF-8"?>
<soapenv:Envelope xmlns:soapenv="http://schemas.xmlsoap.org/soap/envelope/" xmlns:awsse="http://xml.amadeus.com/2010/06/Session_v3" xmlns:wsa="http://www.w3.org/2005/08/addressing">
  <soapenv:Header>
    <wsa:To>http://www.w3.org/2005/08/addressing/anonymous</wsa:To>
    <wsa:From>
      <wsa:Address>https://nodeD1.test.webservices.amadeus.com/1ASIWIBESXI</wsa:Address>
    </wsa:From>
    <wsa:Action>http://webservices.amadeus.com/ITAREQ_05_2_IA</wsa:Action>
    <wsa:MessageID>urn:uuid:54637486-73ba-d0e4-e151-0c1ea65a122f</wsa:MessageID>
    <wsa:RelatesTo RelationshipType="http://www.w3.org/2005/08/addressing/reply">a9ea5f36-52f4-6d90-0110-8eb78adf1004</wsa:RelatesTo>
    <awsse:Session TransactionStatusCode="InSeries">
      <awsse:SessionId>00R6MZBSLZ</awsse:SessionId>
      <awsse:SequenceNumber>1</awsse:SequenceNumber>
      <awsse:SecurityToken>2J7C8BH3R7URK3PSO41EMMSGFZ</awsse:SecurityToken>
    </awsse:Session>
  </soapenv:Header>
  <soapenv:Body>
    <Air_SellFromRecommendationReply xmlns="http://xml.amadeus.com/ITARES_05_2_IA">
      <message>
        <messageFunctionDetails>
          <messageFunction>183</messageFunction>
        </messageFunctionDetails>
      </message>
      <itineraryDetails>
        <originDestination>
          <origin>DEL</origin>
          <destination>MIA</destination>
        </originDestination>
        <segmentInformation>
          <flightDetails>
            <flightDate>
              <departureDate>200520</departureDate>
              <departureTime>0150</departureTime>
              <arrivalTime>0645</arrivalTime>
            </flightDate>
            <boardPointDetails>
              <trueLocationId>DEL</trueLocationId>
            </boardPointDetails>
            <offpointDetails>
              <trueLocationId>LHR</trueLocationId>
            </offpointDetails>
            <companyDetails>
              <marketingCompany>BA</marketingCompany>
            </companyDetails>
            <flightIdentification>
              <flightNumber>142</flightNumber>
              <bookingClass>N</bookingClass>
            </flightIdentification>
            <flightTypeDetails>
              <flightIndicator>ET</flightIndicator>
            </flightTypeDetails>
            <specialSegment>P</specialSegment>
          </flightDetails>
          <apdSegment>
            <legDetails>
              <equipment>744</equipment>
            </legDetails>
            <departureStationInfo>
              <terminal>3</terminal>
            </departureStationInfo>
            <arrivalStationInfo>
              <terminal>5</terminal>
            </arrivalStationInfo>
          </apdSegment>
          <actionDetails>
            <quantity>1</quantity>
            <statusCode>OK</statusCode>
          </actionDetails>
        </segmentInformation>
        <segmentInformation>
          <flightDetails>
            <flightDate>
              <departureDate>200520</departureDate>
              <departureTime>1340</departureTime>
              <arrivalTime>1805</arrivalTime>
            </flightDate>
            <boardPointDetails>
              <trueLocationId>LHR</trueLocationId>
            </boardPointDetails>
            <offpointDetails>
              <trueLocationId>MIA</trueLocationId>
            </offpointDetails>
            <companyDetails>
              <marketingCompany>BA</marketingCompany>
            </companyDetails>
            <flightIdentification>
              <flightNumber>209</flightNumber>
              <bookingClass>N</bookingClass>
            </flightIdentification>
            <flightTypeDetails>
              <flightIndicator>ET</flightIndicator>
            </flightTypeDetails>
            <specialSegment>P</specialSegment>
          </flightDetails>
          <apdSegment>
            <legDetails>
              <equipment>744</equipment>
            </legDetails>
            <departureStationInfo>
              <terminal>3</terminal>
            </departureStationInfo>
          </apdSegment>
          <actionDetails>
            <quantity>1</quantity>
            <statusCode>OK</statusCode>
          </actionDetails>
        </segmentInformation>
      </itineraryDetails>
      <itineraryDetails>
        <originDestination>
          <origin>MIA</origin>
          <destination>DEL</destination>
        </originDestination>
        <segmentInformation>
          <flightDetails>
            <flightDate>
              <departureDate>300620</departureDate>
              <departureTime>1835</departureTime>
              <arrivalTime>0810</arrivalTime>
              <dateVariation>1</dateVariation>
            </flightDate>
            <boardPointDetails>
              <trueLocationId>MIA</trueLocationId>
            </boardPointDetails>
            <offpointDetails>
              <trueLocationId>LHR</trueLocationId>
            </offpointDetails>
            <companyDetails>
              <marketingCompany>BA</marketingCompany>
            </companyDetails>
            <flightIdentification>
              <flightNumber>1529</flightNumber>
              <bookingClass>N</bookingClass>
            </flightIdentification>
            <flightTypeDetails>
              <flightIndicator>ET</flightIndicator>
            </flightTypeDetails>
            <specialSegment>P</specialSegment>
          </flightDetails>
          <apdSegment>
            <legDetails>
              <equipment>77W</equipment>
            </legDetails>
            <arrivalStationInfo>
              <terminal>3</terminal>
            </arrivalStationInfo>
          </apdSegment>
          <actionDetails>
            <quantity>1</quantity>
            <statusCode>OK</statusCode>
          </actionDetails>
        </segmentInformation>
        <segmentInformation>
          <flightDetails>
            <flightDate>
              <departureDate>010720</departureDate>
              <departureTime>1010</departureTime>
              <arrivalTime>2330</arrivalTime>
            </flightDate>
            <boardPointDetails>
              <trueLocationId>LHR</trueLocationId>
            </boardPointDetails>
            <offpointDetails>
              <trueLocationId>DEL</trueLocationId>
            </offpointDetails>
            <companyDetails>
              <marketingCompany>BA</marketingCompany>
            </companyDetails>
            <flightIdentification>
              <flightNumber>143</flightNumber>
              <bookingClass>N</bookingClass>
            </flightIdentification>
            <flightTypeDetails>
              <flightIndicator>ET</flightIndicator>
            </flightTypeDetails>
            <specialSegment>P</specialSegment>
          </flightDetails>
          <apdSegment>
            <legDetails>
              <equipment>744</equipment>
            </legDetails>
            <departureStationInfo>
              <terminal>5</terminal>
            </departureStationInfo>
            <arrivalStationInfo>
              <terminal>3</terminal>
            </arrivalStationInfo>
          </apdSegment>
          <actionDetails>
            <quantity>1</quantity>
            <statusCode>OK</statusCode>
          </actionDetails>
        </segmentInformation>
      </itineraryDetails>
    </Air_SellFromRecommendationReply>
  </soapenv:Body>
</soapenv:Envelope>
