<?xml version="1.0" encoding="UTF-8"?>
<soapenv:Envelope xmlns:soapenv="http://schemas.xmlsoap.org/soap/envelope/" xmlns:awsse="http://xml.amadeus.com/2010/06/Session_v3" xmlns:wsa="http://www.w3.org/2005/08/addressing">
  <soapenv:Header>
    <wsa:To>http://www.w3.org/2005/08/addressing/anonymous</wsa:To>
    <wsa:From>
      <wsa:Address>https://nodeD1.test.webservices.amadeus.com/1ASIWIBESXI</wsa:Address>
    </wsa:From>
    <wsa:Action>http://webservices.amadeus.com/TIPNRQ_18_1_1A</wsa:Action>
    <wsa:MessageID>urn:uuid:cc48c851-c91b-2e54-f5ae-bbf5b657ed07</wsa:MessageID>
    <wsa:RelatesTo RelationshipType="http://www.w3.org/2005/08/addressing/reply">827f3b08-67e0-09c3-f511-097faecdf13c</wsa:RelatesTo>
    <awsse:Session TransactionStatusCode="End">
      <awsse:SessionId>00QRU8ZLFB</awsse:SessionId>
      <awsse:SequenceNumber>1</awsse:SequenceNumber>
      <awsse:SecurityToken>E3O1ZXF9FZO31B34QJBEQYY8H</awsse:SecurityToken>
    </awsse:Session>
  </soapenv:Header>
  <soapenv:Body>
    <Fare_InformativePricingWithoutPNRReply xmlns="http://xml.amadeus.com/TIPNRR_18_1_1A">
      <messageDetails>
        <messageFunctionDetails>
          <businessFunction>1</businessFunction>
          <messageFunction>741</messageFunction>
          <responsibleAgency>1A</responsibleAgency>
        </messageFunctionDetails>
        <responseType>8</responseType>
      </messageDetails>
      <errorGroup>
        <errorOrWarningCodeDetails>
          <errorDetails>
            <errorCode>911</errorCode>
            <errorCategory>EC</errorCategory>
          </errorDetails>
        </errorOrWarningCodeDetails>
        <errorWarningDescription>
          <freeTextDetails>
            <textSubjectQualifier>3</textSubjectQualifier>
            <source>M</source>
            <encoding>1</encoding>
          </freeTextDetails>
          <freeText>NO FARE FOR BOOKING CODE-TRY OTHER PRICING OPTIONS</freeText>
        </errorWarningDescription>
      </errorGroup>
    </Fare_InformativePricingWithoutPNRReply>
  </soapenv:Body>
</soapenv:Envelope>
