<?xml version="1.0" encoding="UTF-8"?>
<soapenv:Envelope xmlns:soapenv="http://schemas.xmlsoap.org/soap/envelope/" xmlns:awsse="http://xml.amadeus.com/2010/06/Session_v3" xmlns:wsa="http://www.w3.org/2005/08/addressing">
  <soapenv:Header>
    <wsa:To>http://www.w3.org/2005/08/addressing/anonymous</wsa:To>
    <wsa:From>
      <wsa:Address>https://nodeD1.test.webservices.amadeus.com/1ASIWIBESXI</wsa:Address>
    </wsa:From>
    <wsa:Action>http://webservices.amadeus.com/TIPNRQ_18_1_1A</wsa:Action>
    <wsa:MessageID>urn:uuid:88315342-b5e1-2564-1592-918caa6f9773</wsa:MessageID>
    <wsa:RelatesTo RelationshipType="http://www.w3.org/2005/08/addressing/reply">ac366163-ab67-c186-9cf9-c1b630b1f8d5</wsa:RelatesTo>
    <awsse:Session TransactionStatusCode="End">
      <awsse:SessionId>01BM1BPD9N</awsse:SessionId>
      <awsse:SequenceNumber>1</awsse:SequenceNumber>
      <awsse:SecurityToken>2UYC67KZECPY739DYM9MGE4SHZ</awsse:SecurityToken>
    </awsse:Session>
  </soapenv:Header>
  <soapenv:Body>
    <Fare_InformativePricingWithoutPNRReply xmlns="http://xml.amadeus.com/TIPNRR_18_1_1A">
      <messageDetails>
        <messageFunctionDetails>
          <businessFunction>1</businessFunction>
          <messageFunction>741</messageFunction>
          <responsibleAgency>1A</responsibleAgency>
        </messageFunctionDetails>
        <responseType>A</responseType>
      </messageDetails>
      <mainGroup>
        <dummySegment/>
        <convertionRate>
          <conversionRateDetails>
            <rateType>USR</rateType>
            <dutyTaxFeeType>CA</dutyTaxFeeType>
          </conversionRateDetails>
        </convertionRate>
        <pricingGroupLevelGroup>
          <numberOfPax>
            <segmentControlDetails>
              <quantity>1</quantity>
              <numberOfUnits>1</numberOfUnits>
            </segmentControlDetails>
          </numberOfPax>
          <passengersID>
            <travellerDetails>
              <measurementValue>1</measurementValue>
            </travellerDetails>
          </passengersID>
          <fareInfoGroup>
            <emptySegment/>
            <pricingIndicators>
              <priceTariffType>I</priceTariffType>
              <productDateTimeDetails>
                <departureDate>190420</departureDate>
                <departureTime>2359</departureTime>
              </productDateTimeDetails>
              <companyDetails>
                <otherCompany>DL</otherCompany>
              </companyDetails>
            </pricingIndicators>
            <fareAmount>
              <monetaryDetails>
                <typeQualifier>B</typeQualifier>
                <amount>199.00</amount>
                <currency>USD</currency>
              </monetaryDetails>
              <otherMonetaryDetails>
                <typeQualifier>712</typeQualifier>
                <amount>223.70</amount>
                <currency>USD</currency>
              </otherMonetaryDetails>
            </fareAmount>
            <textData>
              <freeTextQualification>
                <textSubjectQualifier>4</textSubjectQualifier>
                <informationType>15</informationType>
              </freeTextQualification>
              <freeText>13AUG20MIA DL ATL53.00DL NYC68.00DL MIA78.00USD199.00END</freeText>
            </textData>
            <textData>
              <freeTextQualification>
                <textSubjectQualifier>1</textSubjectQualifier>
                <informationType>1P1</informationType>
              </freeTextQualification>
              <freeText>NON-REFUNDABLE</freeText>
            </textData>
            <textData>
              <freeTextQualification>
                <textSubjectQualifier>1</textSubjectQualifier>
                <informationType>10</informationType>
              </freeTextQualification>
              <freeText>FARE RULES APPLY NONREF NOPRE RSVDSEAT -BG:DL</freeText>
            </textData>
            <textData>
              <freeTextQualification>
                <textSubjectQualifier>1</textSubjectQualifier>
                <informationType>1A49</informationType>
              </freeTextQualification>
              <freeText> - SEE ADV PURCHASE</freeText>
            </textData>
            <textData>
              <freeTextQualification>
                <textSubjectQualifier>1</textSubjectQualifier>
                <informationType>1A0</informationType>
              </freeTextQualification>
              <freeText>FARE FAMILIES:    (ENTER FQFn FOR DETAILS, FXY FOR UPSELL)</freeText>
            </textData>
            <textData>
              <freeTextQualification>
                <textSubjectQualifier>1</textSubjectQualifier>
                <informationType>1A0</informationType>
              </freeTextQualification>
              <freeText>FARE FAMILY:FC1:1:BASICECON</freeText>
            </textData>
            <textData>
              <freeTextQualification>
                <textSubjectQualifier>1</textSubjectQualifier>
                <informationType>1A0</informationType>
              </freeTextQualification>
              <freeText>FARE FAMILY:FC2:2:BASICECON</freeText>
            </textData>
            <textData>
              <freeTextQualification>
                <textSubjectQualifier>1</textSubjectQualifier>
                <informationType>1A0</informationType>
              </freeTextQualification>
              <freeText>FARE FAMILY:FC3:3:BASICECON</freeText>
            </textData>
            <textData>
              <freeTextQualification>
                <textSubjectQualifier>1</textSubjectQualifier>
                <informationType>1A0</informationType>
              </freeTextQualification>
              <freeText>NO BAG INCLUDED FOR AT LEAST ONE FLIGHT</freeText>
            </textData>
            <textData>
              <freeTextQualification>
                <textSubjectQualifier>1</textSubjectQualifier>
                <informationType>1A0</informationType>
              </freeTextQualification>
              <freeText>** CROSS REF INTL TICKETS OR COLLECT TAXES **</freeText>
            </textData>
            <textData>
              <freeTextQualification>
                <textSubjectQualifier>1</textSubjectQualifier>
                <informationType>1A0</informationType>
              </freeTextQualification>
              <freeText>BG CXR: DL</freeText>
            </textData>
            <textData>
              <freeTextQualification>
                <textSubjectQualifier>1</textSubjectQualifier>
                <informationType>1A0</informationType>
              </freeTextQualification>
              <freeText>PRICED WITH VALIDATING CARRIER DL - REPRICE IF DIFFERENT VC</freeText>
            </textData>
            <textData>
              <freeTextQualification>
                <textSubjectQualifier>1</textSubjectQualifier>
                <informationType>1A0</informationType>
              </freeTextQualification>
              <freeText>18APR20 PER GAF REQUIREMENTS FARE NOT VALID UNTIL TICKETED</freeText>
            </textData>
            <offerReferences>
              <offerIdentifier>
                <uniqueOfferReference>SP2P-8386079816964019338-1-OI1-AI1</uniqueOfferReference>
              </offerIdentifier>
            </offerReferences>
            <surchargesGroup>
              <taxesAmount>
                <taxDetails>
                  <rate>11.20</rate>
                  <countryCode>AY</countryCode>
                  <type>SE</type>
                </taxDetails>
                <taxDetails>
                  <rate>13.50</rate>
                  <countryCode>XF</countryCode>
                </taxDetails>
              </taxesAmount>
              <pfcAmount>
                <monetaryDetails>
                  <typeQualifier>702</typeQualifier>
                  <amount>4.50</amount>
                  <location>MIA</location>
                </monetaryDetails>
                <otherMonetaryDetails>
                  <typeQualifier>702</typeQualifier>
                  <amount>4.50</amount>
                  <location>ATL</location>
                </otherMonetaryDetails>
                <otherMonetaryDetails>
                  <typeQualifier>702</typeQualifier>
                  <amount>4.50</amount>
                  <location>JFK</location>
                </otherMonetaryDetails>
              </pfcAmount>
            </surchargesGroup>
            <segmentLevelGroup>
              <segmentInformation>
                <flightDate>
                  <departureDate>130820</departureDate>
                </flightDate>
                <boardPointDetails>
                  <trueLocationId>MIA</trueLocationId>
                </boardPointDetails>
                <offpointDetails>
                  <trueLocationId>ATL</trueLocationId>
                </offpointDetails>
                <companyDetails>
                  <marketingCompany>DL</marketingCompany>
                </companyDetails>
                <flightIdentification>
                  <flightNumber>940</flightNumber>
                  <bookingClass>E</bookingClass>
                  <operationalSuffix>X</operationalSuffix>
                </flightIdentification>
                <itemNumber>1</itemNumber>
              </segmentInformation>
              <fareBasis>
                <additionalFareDetails>
                  <rateClass>XAVUA0BQ</rateClass>
                  <secondRateClass>E</secondRateClass>
                </additionalFareDetails>
              </fareBasis>
              <cabinGroup>
                <cabinSegment>
                  <bookingClassDetails>
                    <designator>E</designator>
                    <option>M</option>
                  </bookingClassDetails>
                </cabinSegment>
              </cabinGroup>
              <baggageAllowance>
                <baggageDetails>
                  <freeAllowance>0</freeAllowance>
                  <quantityCode>N</quantityCode>
                </baggageDetails>
              </baggageAllowance>
              <ptcSegment>
                <quantityDetails>
                  <numberOfUnit>1</numberOfUnit>
                  <unitQualifier>ADT</unitQualifier>
                </quantityDetails>
              </ptcSegment>
            </segmentLevelGroup>
            <segmentLevelGroup>
              <segmentInformation>
                <flightDate>
                  <departureDate>130820</departureDate>
                </flightDate>
                <boardPointDetails>
                  <trueLocationId>ATL</trueLocationId>
                </boardPointDetails>
                <offpointDetails>
                  <trueLocationId>JFK</trueLocationId>
                </offpointDetails>
                <companyDetails>
                  <marketingCompany>DL</marketingCompany>
                </companyDetails>
                <flightIdentification>
                  <flightNumber>843</flightNumber>
                  <bookingClass>E</bookingClass>
                  <operationalSuffix>X</operationalSuffix>
                </flightIdentification>
                <itemNumber>2</itemNumber>
              </segmentInformation>
              <fareBasis>
                <additionalFareDetails>
                  <rateClass>VAUNA0BQ</rateClass>
                  <secondRateClass>E</secondRateClass>
                </additionalFareDetails>
              </fareBasis>
              <cabinGroup>
                <cabinSegment>
                  <bookingClassDetails>
                    <designator>E</designator>
                    <option>M</option>
                  </bookingClassDetails>
                </cabinSegment>
              </cabinGroup>
              <baggageAllowance>
                <baggageDetails>
                  <freeAllowance>0</freeAllowance>
                  <quantityCode>N</quantityCode>
                </baggageDetails>
              </baggageAllowance>
              <ptcSegment>
                <quantityDetails>
                  <numberOfUnit>1</numberOfUnit>
                  <unitQualifier>ADT</unitQualifier>
                </quantityDetails>
              </ptcSegment>
            </segmentLevelGroup>
            <segmentLevelGroup>
              <segmentInformation>
                <flightDate>
                  <departureDate>290920</departureDate>
                </flightDate>
                <boardPointDetails>
                  <trueLocationId>JFK</trueLocationId>
                </boardPointDetails>
                <offpointDetails>
                  <trueLocationId>MIA</trueLocationId>
                </offpointDetails>
                <companyDetails>
                  <marketingCompany>DL</marketingCompany>
                </companyDetails>
                <flightIdentification>
                  <flightNumber>2190</flightNumber>
                  <bookingClass>E</bookingClass>
                  <operationalSuffix>X</operationalSuffix>
                </flightIdentification>
                <itemNumber>3</itemNumber>
              </segmentInformation>
              <fareBasis>
                <additionalFareDetails>
                  <rateClass>VAVNA0BQ</rateClass>
                  <secondRateClass>E</secondRateClass>
                </additionalFareDetails>
              </fareBasis>
              <cabinGroup>
                <cabinSegment>
                  <bookingClassDetails>
                    <designator>E</designator>
                    <option>M</option>
                  </bookingClassDetails>
                </cabinSegment>
              </cabinGroup>
              <baggageAllowance>
                <baggageDetails>
                  <freeAllowance>0</freeAllowance>
                  <quantityCode>N</quantityCode>
                </baggageDetails>
              </baggageAllowance>
              <ptcSegment>
                <quantityDetails>
                  <numberOfUnit>1</numberOfUnit>
                  <unitQualifier>ADT</unitQualifier>
                </quantityDetails>
              </ptcSegment>
            </segmentLevelGroup>
            <fareComponentDetailsGroup>
              <fareComponentID>
                <itemNumberDetails>
                  <number>1</number>
                  <type>FC</type>
                </itemNumberDetails>
              </fareComponentID>
              <marketFareComponent>
                <boardPointDetails>
                  <trueLocationId>MIA</trueLocationId>
                </boardPointDetails>
                <offpointDetails>
                  <trueLocationId>ATL</trueLocationId>
                </offpointDetails>
              </marketFareComponent>
              <monetaryInformation>
                <monetaryDetails>
                  <typeQualifier>TFC</typeQualifier>
                  <amount>53.00</amount>
                  <currency>USD</currency>
                </monetaryDetails>
              </monetaryInformation>
              <componentClassInfo>
                <fareBasisDetails>
                  <rateTariffClass>XAVUA0BQ</rateTariffClass>
                </fareBasisDetails>
              </componentClassInfo>
              <fareQualifiersDetail>
                <discountDetails>
                  <fareQualifier>BOR</fareQualifier>
                </discountDetails>
              </fareQualifiersDetail>
              <fareFamilyDetails>
                <fareFamilyname>BASICECON</fareFamilyname>
                <hierarchy>9999</hierarchy>
              </fareFamilyDetails>
              <fareFamilyOwner>
                <companyIdentification>
                  <otherCompany>DL</otherCompany>
                </companyIdentification>
              </fareFamilyOwner>
              <couponDetailsGroup>
                <productId>
                  <referenceDetails>
                    <type>ST</type>
                    <value>1</value>
                  </referenceDetails>
                </productId>
              </couponDetailsGroup>
            </fareComponentDetailsGroup>
            <fareComponentDetailsGroup>
              <fareComponentID>
                <itemNumberDetails>
                  <number>2</number>
                  <type>FC</type>
                </itemNumberDetails>
              </fareComponentID>
              <marketFareComponent>
                <boardPointDetails>
                  <trueLocationId>ATL</trueLocationId>
                </boardPointDetails>
                <offpointDetails>
                  <trueLocationId>NYC</trueLocationId>
                </offpointDetails>
              </marketFareComponent>
              <monetaryInformation>
                <monetaryDetails>
                  <typeQualifier>TFC</typeQualifier>
                  <amount>68.00</amount>
                  <currency>USD</currency>
                </monetaryDetails>
              </monetaryInformation>
              <componentClassInfo>
                <fareBasisDetails>
                  <rateTariffClass>VAUNA0BQ</rateTariffClass>
                </fareBasisDetails>
              </componentClassInfo>
              <fareQualifiersDetail>
                <discountDetails>
                  <fareQualifier>BOR</fareQualifier>
                </discountDetails>
              </fareQualifiersDetail>
              <fareFamilyDetails>
                <fareFamilyname>BASICECON</fareFamilyname>
                <hierarchy>9999</hierarchy>
              </fareFamilyDetails>
              <fareFamilyOwner>
                <companyIdentification>
                  <otherCompany>DL</otherCompany>
                </companyIdentification>
              </fareFamilyOwner>
              <couponDetailsGroup>
                <productId>
                  <referenceDetails>
                    <type>ST</type>
                    <value>2</value>
                  </referenceDetails>
                </productId>
              </couponDetailsGroup>
            </fareComponentDetailsGroup>
            <fareComponentDetailsGroup>
              <fareComponentID>
                <itemNumberDetails>
                  <number>3</number>
                  <type>FC</type>
                </itemNumberDetails>
              </fareComponentID>
              <marketFareComponent>
                <boardPointDetails>
                  <trueLocationId>NYC</trueLocationId>
                </boardPointDetails>
                <offpointDetails>
                  <trueLocationId>MIA</trueLocationId>
                </offpointDetails>
              </marketFareComponent>
              <monetaryInformation>
                <monetaryDetails>
                  <typeQualifier>TFC</typeQualifier>
                  <amount>78.00</amount>
                  <currency>USD</currency>
                </monetaryDetails>
              </monetaryInformation>
              <componentClassInfo>
                <fareBasisDetails>
                  <rateTariffClass>VAVNA0BQ</rateTariffClass>
                </fareBasisDetails>
              </componentClassInfo>
              <fareQualifiersDetail>
                <discountDetails>
                  <fareQualifier>BOR</fareQualifier>
                </discountDetails>
              </fareQualifiersDetail>
              <fareFamilyDetails>
                <fareFamilyname>BASICECON</fareFamilyname>
                <hierarchy>9999</hierarchy>
              </fareFamilyDetails>
              <fareFamilyOwner>
                <companyIdentification>
                  <otherCompany>DL</otherCompany>
                </companyIdentification>
              </fareFamilyOwner>
              <couponDetailsGroup>
                <productId>
                  <referenceDetails>
                    <type>ST</type>
                    <value>3</value>
                  </referenceDetails>
                </productId>
              </couponDetailsGroup>
            </fareComponentDetailsGroup>
          </fareInfoGroup>
        </pricingGroupLevelGroup>
      </mainGroup>
    </Fare_InformativePricingWithoutPNRReply>
  </soapenv:Body>
</soapenv:Envelope>
