<?xml version="1.0" encoding="UTF-8"?>
<soapenv:Envelope xmlns:soapenv="http://schemas.xmlsoap.org/soap/envelope/" xmlns:awsse="http://xml.amadeus.com/2010/06/Session_v3" xmlns:wsa="http://www.w3.org/2005/08/addressing">
  <soapenv:Header>
    <wsa:To>http://www.w3.org/2005/08/addressing/anonymous</wsa:To>
    <wsa:From>
      <wsa:Address>https://nodeD1.test.webservices.amadeus.com/1ASIWIBESXI</wsa:Address>
    </wsa:From>
    <wsa:Action>http://webservices.amadeus.com/TIPNRQ_18_1_1A</wsa:Action>
    <wsa:MessageID>urn:uuid:ae430a73-b0b8-0134-e5b0-7a00eeaddbcc</wsa:MessageID>
    <wsa:RelatesTo RelationshipType="http://www.w3.org/2005/08/addressing/reply">379f6b78-d3f8-fc87-5773-fded5c0b47ac</wsa:RelatesTo>
    <awsse:Session TransactionStatusCode="End">
      <awsse:SessionId>01BHLI716W</awsse:SessionId>
      <awsse:SequenceNumber>1</awsse:SequenceNumber>
      <awsse:SecurityToken>2AL7FEE0R2KUX279OMHRQOMWRK</awsse:SecurityToken>
    </awsse:Session>
  </soapenv:Header>
  <soapenv:Body>
    <Fare_InformativePricingWithoutPNRReply xmlns="http://xml.amadeus.com/TIPNRR_18_1_1A">
      <messageDetails>
        <messageFunctionDetails>
          <businessFunction>1</businessFunction>
          <messageFunction>741</messageFunction>
          <responsibleAgency>1A</responsibleAgency>
        </messageFunctionDetails>
        <responseType>A</responseType>
      </messageDetails>
      <mainGroup>
        <dummySegment/>
        <convertionRate>
          <conversionRateDetails>
            <rateType>BSR</rateType>
            <pricingAmount>0.013219</pricingAmount>
          </conversionRateDetails>
          <otherConvRateDetails>
            <rateType>USR</rateType>
            <dutyTaxFeeType>CA</dutyTaxFeeType>
          </otherConvRateDetails>
        </convertionRate>
        <generalIndicatorsGroup>
          <generalIndicators>
            <priceTicketDetails>
              <indicators>I</indicators>
            </priceTicketDetails>
          </generalIndicators>
        </generalIndicatorsGroup>
        <pricingGroupLevelGroup>
          <numberOfPax>
            <segmentControlDetails>
              <quantity>1</quantity>
              <numberOfUnits>1</numberOfUnits>
            </segmentControlDetails>
          </numberOfPax>
          <passengersID>
            <travellerDetails>
              <measurementValue>1</measurementValue>
            </travellerDetails>
          </passengersID>
          <fareInfoGroup>
            <emptySegment/>
            <pricingIndicators>
              <priceTariffType>I</priceTariffType>
              <productDateTimeDetails>
                <departureDate>210420</departureDate>
                <departureTime>846</departureTime>
              </productDateTimeDetails>
              <companyDetails>
                <otherCompany>VS</otherCompany>
              </companyDetails>
            </pricingIndicators>
            <fareAmount>
              <monetaryDetails>
                <typeQualifier>B</typeQualifier>
                <amount>15500</amount>
                <currency>INR</currency>
              </monetaryDetails>
              <otherMonetaryDetails>
                <typeQualifier>E</typeQualifier>
                <amount>205.00</amount>
                <currency>USD</currency>
              </otherMonetaryDetails>
              <otherMonetaryDetails>
                <typeQualifier>712</typeQualifier>
                <amount>919.35</amount>
                <currency>USD</currency>
              </otherMonetaryDetails>
            </fareAmount>
            <textData>
              <freeTextQualification>
                <textSubjectQualifier>4</textSubjectQualifier>
                <informationType>15</informationType>
              </freeTextQualification>
              <freeText>13AUG20DEL VS LON VS NYC M7750.00VS LON VS DEL M7750.00INR15500.00END</freeText>
            </textData>
            <textData>
              <freeTextQualification>
                <textSubjectQualifier>1</textSubjectQualifier>
                <informationType>1P1</informationType>
              </freeTextQualification>
              <freeText>NON-REFUNDABLE</freeText>
            </textData>
            <textData>
              <freeTextQualification>
                <textSubjectQualifier>1</textSubjectQualifier>
                <informationType>10</informationType>
              </freeTextQualification>
              <freeText>CHNG FEE APPLIES / NONREF -BG:VS</freeText>
            </textData>
            <textData>
              <freeTextQualification>
                <textSubjectQualifier>1</textSubjectQualifier>
                <informationType>1A49</informationType>
              </freeTextQualification>
              <freeText> - SEE ADV PURCHASE</freeText>
            </textData>
            <textData>
              <freeTextQualification>
                <textSubjectQualifier>1</textSubjectQualifier>
                <informationType>1A0</informationType>
              </freeTextQualification>
              <freeText>FARE FAMILIES:    (ENTER FQFn FOR DETAILS, FXY FOR UPSELL)</freeText>
            </textData>
            <textData>
              <freeTextQualification>
                <textSubjectQualifier>1</textSubjectQualifier>
                <informationType>1A0</informationType>
              </freeTextQualification>
              <freeText>FARE FAMILY:FC1:1-2:LIGHT</freeText>
            </textData>
            <textData>
              <freeTextQualification>
                <textSubjectQualifier>1</textSubjectQualifier>
                <informationType>1A0</informationType>
              </freeTextQualification>
              <freeText>FARE FAMILY:FC2:3-4:LIGHT</freeText>
            </textData>
            <textData>
              <freeTextQualification>
                <textSubjectQualifier>1</textSubjectQualifier>
                <informationType>1A0</informationType>
              </freeTextQualification>
              <freeText>NO BAG INCLUDED FOR AT LEAST ONE FLIGHT</freeText>
            </textData>
            <textData>
              <freeTextQualification>
                <textSubjectQualifier>1</textSubjectQualifier>
                <informationType>1A0</informationType>
              </freeTextQualification>
              <freeText>TICKET STOCK RESTRICTION</freeText>
            </textData>
            <textData>
              <freeTextQualification>
                <textSubjectQualifier>1</textSubjectQualifier>
                <informationType>1A0</informationType>
              </freeTextQualification>
              <freeText>BG CXR: VS</freeText>
            </textData>
            <textData>
              <freeTextQualification>
                <textSubjectQualifier>1</textSubjectQualifier>
                <informationType>1A0</informationType>
              </freeTextQualification>
              <freeText>PRICED WITH VALIDATING CARRIER VS - REPRICE IF DIFFERENT VC</freeText>
            </textData>
            <textData>
              <freeTextQualification>
                <textSubjectQualifier>1</textSubjectQualifier>
                <informationType>1A0</informationType>
              </freeTextQualification>
              <freeText>18APR20 PER GAF REQUIREMENTS FARE NOT VALID UNTIL TICKETED</freeText>
            </textData>
            <offerReferences>
              <offerIdentifier>
                <uniqueOfferReference>SP3P-16004965802162225994-1-OI1-AI1</uniqueOfferReference>
              </offerIdentifier>
            </offerReferences>
            <surchargesGroup>
              <taxesAmount>
                <taxDetails>
                  <rate>3.96</rate>
                  <countryCode>XA</countryCode>
                  <type>CO</type>
                </taxDetails>
                <taxDetails>
                  <rate>7.00</rate>
                  <countryCode>XY</countryCode>
                  <type>CR</type>
                </taxDetails>
                <taxDetails>
                  <rate>5.89</rate>
                  <countryCode>YC</countryCode>
                  <type>AE</type>
                </taxDetails>
                <taxDetails>
                  <rate>372.00</rate>
                  <countryCode>YQ</countryCode>
                  <type>AD</type>
                </taxDetails>
                <taxDetails>
                  <rate>28.85</rate>
                  <countryCode>K3</countryCode>
                  <type>SA</type>
                </taxDetails>
                <taxDetails>
                  <rate>5.72</rate>
                  <countryCode>P2</countryCode>
                  <type>AF</type>
                </taxDetails>
                <taxDetails>
                  <rate>2.60</rate>
                  <countryCode>WO</countryCode>
                  <type>MU</type>
                </taxDetails>
                <taxDetails>
                  <rate>198.88</rate>
                  <countryCode>GB</countryCode>
                  <type>AD</type>
                </taxDetails>
                <taxDetails>
                  <rate>79.35</rate>
                  <countryCode>UB</countryCode>
                  <type>AS</type>
                </taxDetails>
                <taxDetails>
                  <rate>5.60</rate>
                  <countryCode>AY</countryCode>
                  <type>SE</type>
                </taxDetails>
                <taxDetails>
                  <rate>4.50</rate>
                  <countryCode>XF</countryCode>
                </taxDetails>
              </taxesAmount>
              <pfcAmount>
                <monetaryDetails>
                  <typeQualifier>702</typeQualifier>
                  <amount>4.50</amount>
                  <location>JFK</location>
                </monetaryDetails>
              </pfcAmount>
            </surchargesGroup>
            <segmentLevelGroup>
              <segmentInformation>
                <flightDate>
                  <departureDate>130820</departureDate>
                </flightDate>
                <boardPointDetails>
                  <trueLocationId>DEL</trueLocationId>
                </boardPointDetails>
                <offpointDetails>
                  <trueLocationId>LHR</trueLocationId>
                </offpointDetails>
                <companyDetails>
                  <marketingCompany>VS</marketingCompany>
                </companyDetails>
                <flightIdentification>
                  <flightNumber>303</flightNumber>
                  <bookingClass>T</bookingClass>
                  <operationalSuffix>X</operationalSuffix>
                </flightIdentification>
                <itemNumber>1</itemNumber>
              </segmentInformation>
              <additionalInformation>
                <productDateTimeDetails>
                  <departureDate>130820</departureDate>
                  <arrivalDate>130820</arrivalDate>
                </productDateTimeDetails>
              </additionalInformation>
              <fareBasis>
                <additionalFareDetails>
                  <rateClass>OJSP0ABN</rateClass>
                  <secondRateClass>T</secondRateClass>
                </additionalFareDetails>
              </fareBasis>
              <cabinGroup>
                <cabinSegment>
                  <bookingClassDetails>
                    <designator>T</designator>
                    <option>M</option>
                  </bookingClassDetails>
                </cabinSegment>
              </cabinGroup>
              <baggageAllowance>
                <baggageDetails>
                  <freeAllowance>0</freeAllowance>
                  <quantityCode>N</quantityCode>
                </baggageDetails>
              </baggageAllowance>
              <ptcSegment>
                <quantityDetails>
                  <numberOfUnit>1</numberOfUnit>
                  <unitQualifier>ADT</unitQualifier>
                </quantityDetails>
              </ptcSegment>
            </segmentLevelGroup>
            <segmentLevelGroup>
              <segmentInformation>
                <flightDate>
                  <departureDate>130820</departureDate>
                </flightDate>
                <boardPointDetails>
                  <trueLocationId>LGW</trueLocationId>
                </boardPointDetails>
                <offpointDetails>
                  <trueLocationId>JFK</trueLocationId>
                </offpointDetails>
                <companyDetails>
                  <marketingCompany>VS</marketingCompany>
                </companyDetails>
                <flightIdentification>
                  <flightNumber>193</flightNumber>
                  <bookingClass>T</bookingClass>
                  <operationalSuffix>X</operationalSuffix>
                </flightIdentification>
                <itemNumber>2</itemNumber>
              </segmentInformation>
              <additionalInformation>
                <productDateTimeDetails>
                  <departureDate>130820</departureDate>
                  <arrivalDate>130820</arrivalDate>
                </productDateTimeDetails>
              </additionalInformation>
              <fareBasis>
                <additionalFareDetails>
                  <rateClass>OJSP0ABN</rateClass>
                  <secondRateClass>T</secondRateClass>
                </additionalFareDetails>
              </fareBasis>
              <cabinGroup>
                <cabinSegment>
                  <bookingClassDetails>
                    <designator>T</designator>
                    <option>M</option>
                  </bookingClassDetails>
                </cabinSegment>
              </cabinGroup>
              <baggageAllowance>
                <baggageDetails>
                  <freeAllowance>0</freeAllowance>
                  <quantityCode>N</quantityCode>
                </baggageDetails>
              </baggageAllowance>
              <ptcSegment>
                <quantityDetails>
                  <numberOfUnit>1</numberOfUnit>
                  <unitQualifier>ADT</unitQualifier>
                </quantityDetails>
              </ptcSegment>
            </segmentLevelGroup>
            <segmentLevelGroup>
              <segmentInformation>
                <flightDate>
                  <departureDate>290920</departureDate>
                </flightDate>
                <boardPointDetails>
                  <trueLocationId>JFK</trueLocationId>
                </boardPointDetails>
                <offpointDetails>
                  <trueLocationId>LHR</trueLocationId>
                </offpointDetails>
                <companyDetails>
                  <marketingCompany>VS</marketingCompany>
                </companyDetails>
                <flightIdentification>
                  <flightNumber>138</flightNumber>
                  <bookingClass>T</bookingClass>
                  <operationalSuffix>X</operationalSuffix>
                </flightIdentification>
                <itemNumber>3</itemNumber>
              </segmentInformation>
              <additionalInformation>
                <productDateTimeDetails>
                  <departureDate>290920</departureDate>
                  <arrivalDate>290920</arrivalDate>
                </productDateTimeDetails>
              </additionalInformation>
              <fareBasis>
                <additionalFareDetails>
                  <rateClass>OJSP0ABN</rateClass>
                  <secondRateClass>T</secondRateClass>
                </additionalFareDetails>
              </fareBasis>
              <cabinGroup>
                <cabinSegment>
                  <bookingClassDetails>
                    <designator>T</designator>
                    <option>M</option>
                  </bookingClassDetails>
                </cabinSegment>
              </cabinGroup>
              <baggageAllowance>
                <baggageDetails>
                  <freeAllowance>0</freeAllowance>
                  <quantityCode>N</quantityCode>
                </baggageDetails>
              </baggageAllowance>
              <ptcSegment>
                <quantityDetails>
                  <numberOfUnit>1</numberOfUnit>
                  <unitQualifier>ADT</unitQualifier>
                </quantityDetails>
              </ptcSegment>
            </segmentLevelGroup>
            <segmentLevelGroup>
              <segmentInformation>
                <flightDate>
                  <departureDate>300920</departureDate>
                </flightDate>
                <boardPointDetails>
                  <trueLocationId>LHR</trueLocationId>
                </boardPointDetails>
                <offpointDetails>
                  <trueLocationId>DEL</trueLocationId>
                </offpointDetails>
                <companyDetails>
                  <marketingCompany>VS</marketingCompany>
                </companyDetails>
                <flightIdentification>
                  <flightNumber>302</flightNumber>
                  <bookingClass>T</bookingClass>
                  <operationalSuffix>X</operationalSuffix>
                </flightIdentification>
                <itemNumber>4</itemNumber>
              </segmentInformation>
              <additionalInformation>
                <productDateTimeDetails>
                  <departureDate>300920</departureDate>
                  <arrivalDate>300920</arrivalDate>
                </productDateTimeDetails>
              </additionalInformation>
              <fareBasis>
                <additionalFareDetails>
                  <rateClass>OJSP0ABN</rateClass>
                  <secondRateClass>T</secondRateClass>
                </additionalFareDetails>
              </fareBasis>
              <cabinGroup>
                <cabinSegment>
                  <bookingClassDetails>
                    <designator>T</designator>
                    <option>M</option>
                  </bookingClassDetails>
                </cabinSegment>
              </cabinGroup>
              <baggageAllowance>
                <baggageDetails>
                  <freeAllowance>0</freeAllowance>
                  <quantityCode>N</quantityCode>
                </baggageDetails>
              </baggageAllowance>
              <ptcSegment>
                <quantityDetails>
                  <numberOfUnit>1</numberOfUnit>
                  <unitQualifier>ADT</unitQualifier>
                </quantityDetails>
              </ptcSegment>
            </segmentLevelGroup>
            <fareComponentDetailsGroup>
              <fareComponentID>
                <itemNumberDetails>
                  <number>1</number>
                  <type>FC</type>
                </itemNumberDetails>
              </fareComponentID>
              <marketFareComponent>
                <boardPointDetails>
                  <trueLocationId>DEL</trueLocationId>
                </boardPointDetails>
                <offpointDetails>
                  <trueLocationId>NYC</trueLocationId>
                </offpointDetails>
              </marketFareComponent>
              <monetaryInformation>
                <monetaryDetails>
                  <typeQualifier>TFC</typeQualifier>
                  <amount>7750.00</amount>
                  <currency>INR</currency>
                </monetaryDetails>
              </monetaryInformation>
              <componentClassInfo>
                <fareBasisDetails>
                  <rateTariffClass>OJSP0ABN</rateTariffClass>
                </fareBasisDetails>
              </componentClassInfo>
              <fareQualifiersDetail>
                <discountDetails>
                  <fareQualifier>763</fareQualifier>
                </discountDetails>
              </fareQualifiersDetail>
              <fareFamilyDetails>
                <fareFamilyname>LIGHT</fareFamilyname>
                <hierarchy>9999</hierarchy>
              </fareFamilyDetails>
              <fareFamilyOwner>
                <companyIdentification>
                  <otherCompany>VS</otherCompany>
                </companyIdentification>
              </fareFamilyOwner>
              <couponDetailsGroup>
                <productId>
                  <referenceDetails>
                    <type>ST</type>
                    <value>1</value>
                  </referenceDetails>
                </productId>
              </couponDetailsGroup>
              <couponDetailsGroup>
                <productId>
                  <referenceDetails>
                    <type>ST</type>
                    <value>2</value>
                  </referenceDetails>
                </productId>
              </couponDetailsGroup>
            </fareComponentDetailsGroup>
            <fareComponentDetailsGroup>
              <fareComponentID>
                <itemNumberDetails>
                  <number>2</number>
                  <type>FC</type>
                </itemNumberDetails>
              </fareComponentID>
              <marketFareComponent>
                <boardPointDetails>
                  <trueLocationId>NYC</trueLocationId>
                </boardPointDetails>
                <offpointDetails>
                  <trueLocationId>DEL</trueLocationId>
                </offpointDetails>
              </marketFareComponent>
              <monetaryInformation>
                <monetaryDetails>
                  <typeQualifier>TFC</typeQualifier>
                  <amount>7750.00</amount>
                  <currency>INR</currency>
                </monetaryDetails>
              </monetaryInformation>
              <componentClassInfo>
                <fareBasisDetails>
                  <rateTariffClass>OJSP0ABN</rateTariffClass>
                </fareBasisDetails>
              </componentClassInfo>
              <fareQualifiersDetail>
                <discountDetails>
                  <fareQualifier>763</fareQualifier>
                </discountDetails>
              </fareQualifiersDetail>
              <fareFamilyDetails>
                <fareFamilyname>LIGHT</fareFamilyname>
                <hierarchy>9999</hierarchy>
              </fareFamilyDetails>
              <fareFamilyOwner>
                <companyIdentification>
                  <otherCompany>VS</otherCompany>
                </companyIdentification>
              </fareFamilyOwner>
              <couponDetailsGroup>
                <productId>
                  <referenceDetails>
                    <type>ST</type>
                    <value>3</value>
                  </referenceDetails>
                </productId>
              </couponDetailsGroup>
              <couponDetailsGroup>
                <productId>
                  <referenceDetails>
                    <type>ST</type>
                    <value>4</value>
                  </referenceDetails>
                </productId>
              </couponDetailsGroup>
            </fareComponentDetailsGroup>
          </fareInfoGroup>
        </pricingGroupLevelGroup>
      </mainGroup>
    </Fare_InformativePricingWithoutPNRReply>
  </soapenv:Body>
</soapenv:Envelope>
