<?xml version="1.0" encoding="UTF-8"?>
<soapenv:Envelope xmlns:soapenv="http://schemas.xmlsoap.org/soap/envelope/" xmlns:awsse="http://xml.amadeus.com/2010/06/Session_v3" xmlns:wsa="http://www.w3.org/2005/08/addressing">
  <soapenv:Header>
    <wsa:To>http://www.w3.org/2005/08/addressing/anonymous</wsa:To>
    <wsa:From>
      <wsa:Address>https://nodeD1.test.webservices.amadeus.com/1ASIWIBESXI</wsa:Address>
    </wsa:From>
    <wsa:Action>http://webservices.amadeus.com/TIPNRQ_18_1_1A</wsa:Action>
    <wsa:MessageID>urn:uuid:55527456-3dc5-b104-4900-3b00e482090e</wsa:MessageID>
    <wsa:RelatesTo RelationshipType="http://www.w3.org/2005/08/addressing/reply">4b0c9188-300b-5c99-e6a8-75fe6aa13212</wsa:RelatesTo>
    <awsse:Session TransactionStatusCode="End">
      <awsse:SessionId>00R36ODKFS</awsse:SessionId>
      <awsse:SequenceNumber>1</awsse:SequenceNumber>
      <awsse:SecurityToken>2H8DV9F8K2OX21PZQ0Q8CGP2GH</awsse:SecurityToken>
    </awsse:Session>
  </soapenv:Header>
  <soapenv:Body>
    <Fare_InformativePricingWithoutPNRReply xmlns="http://xml.amadeus.com/TIPNRR_18_1_1A">
      <messageDetails>
        <messageFunctionDetails>
          <businessFunction>1</businessFunction>
          <messageFunction>741</messageFunction>
          <responsibleAgency>1A</responsibleAgency>
        </messageFunctionDetails>
        <responseType>A</responseType>
      </messageDetails>
      <mainGroup>
        <dummySegment/>
        <convertionRate>
          <conversionRateDetails>
            <rateType>BSR</rateType>
            <pricingAmount>0.013219</pricingAmount>
          </conversionRateDetails>
          <otherConvRateDetails>
            <rateType>USR</rateType>
            <pricingAmount>73.903510</pricingAmount>
            <dutyTaxFeeType>CA</dutyTaxFeeType>
          </otherConvRateDetails>
        </convertionRate>
        <generalIndicatorsGroup>
          <generalIndicators>
            <priceTicketDetails>
              <indicators>I</indicators>
            </priceTicketDetails>
          </generalIndicators>
        </generalIndicatorsGroup>
        <pricingGroupLevelGroup>
          <numberOfPax>
            <segmentControlDetails>
              <quantity>1</quantity>
              <numberOfUnits>2</numberOfUnits>
            </segmentControlDetails>
          </numberOfPax>
          <passengersID>
            <travellerDetails>
              <measurementValue>1</measurementValue>
            </travellerDetails>
            <travellerDetails>
              <measurementValue>2</measurementValue>
            </travellerDetails>
          </passengersID>
          <fareInfoGroup>
            <emptySegment/>
            <pricingIndicators>
              <priceTariffType>I</priceTariffType>
              <productDateTimeDetails>
                <departureDate>210520</departureDate>
              </productDateTimeDetails>
              <companyDetails>
                <otherCompany>PS</otherCompany>
              </companyDetails>
            </pricingIndicators>
            <fareAmount>
              <monetaryDetails>
                <typeQualifier>B</typeQualifier>
                <amount>31845</amount>
                <currency>INR</currency>
              </monetaryDetails>
              <otherMonetaryDetails>
                <typeQualifier>E</typeQualifier>
                <amount>421.00</amount>
                <currency>USD</currency>
              </otherMonetaryDetails>
              <otherMonetaryDetails>
                <typeQualifier>712</typeQualifier>
                <amount>872.52</amount>
                <currency>USD</currency>
              </otherMonetaryDetails>
            </fareAmount>
            <textData>
              <freeTextQualification>
                <textSubjectQualifier>4</textSubjectQualifier>
                <informationType>15</informationType>
              </freeTextQualification>
              <freeText>21MAY20DEL PS IEV PS NYC178.61PS IEV PS DEL202.29 1S50.00NUC430.90END </freeText>
              <freeText>ROE73.903510</freeText>
            </textData>
            <textData>
              <freeTextQualification>
                <textSubjectQualifier>1</textSubjectQualifier>
                <informationType>1P2</informationType>
              </freeTextQualification>
              <freeText>NON-REFUNDABLE</freeText>
            </textData>
            <textData>
              <freeTextQualification>
                <textSubjectQualifier>1</textSubjectQualifier>
                <informationType>10</informationType>
              </freeTextQualification>
              <freeText>NONEND/REF RSTR/RBK 150USD -BG:PS</freeText>
            </textData>
            <textData>
              <freeTextQualification>
                <textSubjectQualifier>1</textSubjectQualifier>
                <informationType>1A49</informationType>
              </freeTextQualification>
              <freeText> - DATE OF ORIGIN</freeText>
            </textData>
            <textData>
              <freeTextQualification>
                <textSubjectQualifier>1</textSubjectQualifier>
                <informationType>1A0</informationType>
              </freeTextQualification>
              <freeText>FARE FAMILIES:    (ENTER FQFn FOR DETAILS, FXY FOR UPSELL)</freeText>
            </textData>
            <textData>
              <freeTextQualification>
                <textSubjectQualifier>1</textSubjectQualifier>
                <informationType>1A0</informationType>
              </freeTextQualification>
              <freeText>FARE FAMILY:FC1:1-2:LITE</freeText>
            </textData>
            <textData>
              <freeTextQualification>
                <textSubjectQualifier>1</textSubjectQualifier>
                <informationType>1A0</informationType>
              </freeTextQualification>
              <freeText>FARE FAMILY:FC2:3-4:LITE</freeText>
            </textData>
            <textData>
              <freeTextQualification>
                <textSubjectQualifier>1</textSubjectQualifier>
                <informationType>1A0</informationType>
              </freeTextQualification>
              <freeText>TICKET STOCK RESTRICTION</freeText>
            </textData>
            <textData>
              <freeTextQualification>
                <textSubjectQualifier>1</textSubjectQualifier>
                <informationType>1A0</informationType>
              </freeTextQualification>
              <freeText>BG CXR: PS</freeText>
            </textData>
            <textData>
              <freeTextQualification>
                <textSubjectQualifier>1</textSubjectQualifier>
                <informationType>1A0</informationType>
              </freeTextQualification>
              <freeText>PRICED WITH VALIDATING CARRIER PS - REPRICE IF DIFFERENT VC</freeText>
            </textData>
            <textData>
              <freeTextQualification>
                <textSubjectQualifier>1</textSubjectQualifier>
                <informationType>1A0</informationType>
              </freeTextQualification>
              <freeText>18APR20 PER GAF REQUIREMENTS FARE NOT VALID UNTIL TICKETED</freeText>
            </textData>
            <offerReferences>
              <offerIdentifier>
                <uniqueOfferReference>SP1P-10802235760656231460-1-OI1-AI1</uniqueOfferReference>
              </offerIdentifier>
            </offerReferences>
            <surchargesGroup>
              <taxesAmount>
                <taxDetails>
                  <rate>3.96</rate>
                  <countryCode>XA</countryCode>
                  <type>CO</type>
                </taxDetails>
                <taxDetails>
                  <rate>7.00</rate>
                  <countryCode>XY</countryCode>
                  <type>CR</type>
                </taxDetails>
                <taxDetails>
                  <rate>5.89</rate>
                  <countryCode>YC</countryCode>
                  <type>AE</type>
                </taxDetails>
                <taxDetails>
                  <rate>24.00</rate>
                  <countryCode>YQ</countryCode>
                  <type>AD</type>
                </taxDetails>
                <taxDetails>
                  <rate>320.00</rate>
                  <countryCode>YR</countryCode>
                  <type>VB</type>
                </taxDetails>
                <taxDetails>
                  <rate>38.25</rate>
                  <countryCode>K3</countryCode>
                  <type>SA</type>
                </taxDetails>
                <taxDetails>
                  <rate>5.72</rate>
                  <countryCode>P2</countryCode>
                  <type>AF</type>
                </taxDetails>
                <taxDetails>
                  <rate>2.60</rate>
                  <countryCode>WO</countryCode>
                  <type>MU</type>
                </taxDetails>
                <taxDetails>
                  <rate>8.00</rate>
                  <countryCode>UA</countryCode>
                  <type>SE</type>
                </taxDetails>
                <taxDetails>
                  <rate>26.00</rate>
                  <countryCode>YK</countryCode>
                  <type>AE</type>
                </taxDetails>
                <taxDetails>
                  <rate>5.60</rate>
                  <countryCode>AY</countryCode>
                  <type>SE</type>
                </taxDetails>
                <taxDetails>
                  <rate>4.50</rate>
                  <countryCode>XF</countryCode>
                </taxDetails>
              </taxesAmount>
              <pfcAmount>
                <monetaryDetails>
                  <typeQualifier>702</typeQualifier>
                  <amount>4.50</amount>
                  <location>JFK</location>
                </monetaryDetails>
              </pfcAmount>
            </surchargesGroup>
            <segmentLevelGroup>
              <segmentInformation>
                <flightDate>
                  <departureDate>210520</departureDate>
                </flightDate>
                <boardPointDetails>
                  <trueLocationId>DEL</trueLocationId>
                </boardPointDetails>
                <offpointDetails>
                  <trueLocationId>KBP</trueLocationId>
                </offpointDetails>
                <companyDetails>
                  <marketingCompany>PS</marketingCompany>
                </companyDetails>
                <flightIdentification>
                  <flightNumber>392</flightNumber>
                  <bookingClass>X</bookingClass>
                  <operationalSuffix>X</operationalSuffix>
                </flightIdentification>
                <itemNumber>1</itemNumber>
              </segmentInformation>
              <additionalInformation>
                <productDateTimeDetails>
                  <departureDate>210520</departureDate>
                  <arrivalDate>210520</arrivalDate>
                </productDateTimeDetails>
              </additionalInformation>
              <fareBasis>
                <additionalFareDetails>
                  <rateClass>XO02EEF5</rateClass>
                  <secondRateClass>X</secondRateClass>
                </additionalFareDetails>
              </fareBasis>
              <cabinGroup>
                <cabinSegment>
                  <bookingClassDetails>
                    <designator>X</designator>
                    <option>M</option>
                  </bookingClassDetails>
                </cabinSegment>
              </cabinGroup>
              <baggageAllowance>
                <baggageDetails>
                  <freeAllowance>2</freeAllowance>
                  <quantityCode>N</quantityCode>
                </baggageDetails>
              </baggageAllowance>
              <ptcSegment>
                <quantityDetails>
                  <numberOfUnit>1</numberOfUnit>
                  <unitQualifier>ADT</unitQualifier>
                </quantityDetails>
              </ptcSegment>
            </segmentLevelGroup>
            <segmentLevelGroup>
              <segmentInformation>
                <flightDate>
                  <departureDate>210520</departureDate>
                </flightDate>
                <boardPointDetails>
                  <trueLocationId>KBP</trueLocationId>
                </boardPointDetails>
                <offpointDetails>
                  <trueLocationId>JFK</trueLocationId>
                </offpointDetails>
                <companyDetails>
                  <marketingCompany>PS</marketingCompany>
                </companyDetails>
                <flightIdentification>
                  <flightNumber>231</flightNumber>
                  <bookingClass>X</bookingClass>
                  <operationalSuffix>X</operationalSuffix>
                </flightIdentification>
                <itemNumber>2</itemNumber>
              </segmentInformation>
              <additionalInformation>
                <productDateTimeDetails>
                  <departureDate>210520</departureDate>
                  <arrivalDate>210520</arrivalDate>
                </productDateTimeDetails>
              </additionalInformation>
              <fareBasis>
                <additionalFareDetails>
                  <rateClass>XO02EEF5</rateClass>
                  <secondRateClass>X</secondRateClass>
                </additionalFareDetails>
              </fareBasis>
              <cabinGroup>
                <cabinSegment>
                  <bookingClassDetails>
                    <designator>X</designator>
                    <option>M</option>
                  </bookingClassDetails>
                </cabinSegment>
              </cabinGroup>
              <baggageAllowance>
                <baggageDetails>
                  <freeAllowance>2</freeAllowance>
                  <quantityCode>N</quantityCode>
                </baggageDetails>
              </baggageAllowance>
              <ptcSegment>
                <quantityDetails>
                  <numberOfUnit>1</numberOfUnit>
                  <unitQualifier>ADT</unitQualifier>
                </quantityDetails>
              </ptcSegment>
            </segmentLevelGroup>
            <segmentLevelGroup>
              <segmentInformation>
                <flightDate>
                  <departureDate>250620</departureDate>
                </flightDate>
                <boardPointDetails>
                  <trueLocationId>JFK</trueLocationId>
                </boardPointDetails>
                <offpointDetails>
                  <trueLocationId>KBP</trueLocationId>
                </offpointDetails>
                <companyDetails>
                  <marketingCompany>PS</marketingCompany>
                </companyDetails>
                <flightIdentification>
                  <flightNumber>232</flightNumber>
                  <bookingClass>N</bookingClass>
                  <operationalSuffix>X</operationalSuffix>
                </flightIdentification>
                <itemNumber>3</itemNumber>
              </segmentInformation>
              <additionalInformation>
                <productDateTimeDetails>
                  <departureDate>250620</departureDate>
                  <arrivalDate>250620</arrivalDate>
                </productDateTimeDetails>
              </additionalInformation>
              <fareBasis>
                <additionalFareDetails>
                  <rateClass>NO02EEF5</rateClass>
                  <secondRateClass>N</secondRateClass>
                </additionalFareDetails>
              </fareBasis>
              <cabinGroup>
                <cabinSegment>
                  <bookingClassDetails>
                    <designator>N</designator>
                    <option>M</option>
                  </bookingClassDetails>
                </cabinSegment>
              </cabinGroup>
              <baggageAllowance>
                <baggageDetails>
                  <freeAllowance>2</freeAllowance>
                  <quantityCode>N</quantityCode>
                </baggageDetails>
              </baggageAllowance>
              <ptcSegment>
                <quantityDetails>
                  <numberOfUnit>1</numberOfUnit>
                  <unitQualifier>ADT</unitQualifier>
                </quantityDetails>
              </ptcSegment>
            </segmentLevelGroup>
            <segmentLevelGroup>
              <segmentInformation>
                <flightDate>
                  <departureDate>250620</departureDate>
                </flightDate>
                <boardPointDetails>
                  <trueLocationId>KBP</trueLocationId>
                </boardPointDetails>
                <offpointDetails>
                  <trueLocationId>DEL</trueLocationId>
                </offpointDetails>
                <companyDetails>
                  <marketingCompany>PS</marketingCompany>
                </companyDetails>
                <flightIdentification>
                  <flightNumber>391</flightNumber>
                  <bookingClass>N</bookingClass>
                  <operationalSuffix>X</operationalSuffix>
                </flightIdentification>
                <itemNumber>4</itemNumber>
              </segmentInformation>
              <additionalInformation>
                <productDateTimeDetails>
                  <departureDate>250620</departureDate>
                  <arrivalDate>250620</arrivalDate>
                </productDateTimeDetails>
              </additionalInformation>
              <fareBasis>
                <additionalFareDetails>
                  <rateClass>NO02EEF5</rateClass>
                  <secondRateClass>N</secondRateClass>
                </additionalFareDetails>
              </fareBasis>
              <cabinGroup>
                <cabinSegment>
                  <bookingClassDetails>
                    <designator>N</designator>
                    <option>M</option>
                  </bookingClassDetails>
                </cabinSegment>
              </cabinGroup>
              <baggageAllowance>
                <baggageDetails>
                  <freeAllowance>2</freeAllowance>
                  <quantityCode>N</quantityCode>
                </baggageDetails>
              </baggageAllowance>
              <ptcSegment>
                <quantityDetails>
                  <numberOfUnit>1</numberOfUnit>
                  <unitQualifier>ADT</unitQualifier>
                </quantityDetails>
              </ptcSegment>
            </segmentLevelGroup>
            <fareComponentDetailsGroup>
              <fareComponentID>
                <itemNumberDetails>
                  <number>1</number>
                  <type>FC</type>
                </itemNumberDetails>
              </fareComponentID>
              <marketFareComponent>
                <boardPointDetails>
                  <trueLocationId>DEL</trueLocationId>
                </boardPointDetails>
                <offpointDetails>
                  <trueLocationId>NYC</trueLocationId>
                </offpointDetails>
              </marketFareComponent>
              <monetaryInformation>
                <monetaryDetails>
                  <typeQualifier>TFC</typeQualifier>
                  <amount>178.61</amount>
                  <currency>NUC</currency>
                </monetaryDetails>
              </monetaryInformation>
              <componentClassInfo>
                <fareBasisDetails>
                  <rateTariffClass>XO02EEF5</rateTariffClass>
                </fareBasisDetails>
              </componentClassInfo>
              <fareQualifiersDetail>
                <discountDetails>
                  <fareQualifier>763</fareQualifier>
                </discountDetails>
              </fareQualifiersDetail>
              <fareFamilyDetails>
                <fareFamilyname>LITE</fareFamilyname>
                <hierarchy>6995</hierarchy>
              </fareFamilyDetails>
              <fareFamilyOwner>
                <companyIdentification>
                  <otherCompany>PS</otherCompany>
                </companyIdentification>
              </fareFamilyOwner>
              <couponDetailsGroup>
                <productId>
                  <referenceDetails>
                    <type>ST</type>
                    <value>1</value>
                  </referenceDetails>
                </productId>
              </couponDetailsGroup>
              <couponDetailsGroup>
                <productId>
                  <referenceDetails>
                    <type>ST</type>
                    <value>2</value>
                  </referenceDetails>
                </productId>
              </couponDetailsGroup>
            </fareComponentDetailsGroup>
            <fareComponentDetailsGroup>
              <fareComponentID>
                <itemNumberDetails>
                  <number>2</number>
                  <type>FC</type>
                </itemNumberDetails>
              </fareComponentID>
              <marketFareComponent>
                <boardPointDetails>
                  <trueLocationId>NYC</trueLocationId>
                </boardPointDetails>
                <offpointDetails>
                  <trueLocationId>DEL</trueLocationId>
                </offpointDetails>
              </marketFareComponent>
              <monetaryInformation>
                <monetaryDetails>
                  <typeQualifier>TFC</typeQualifier>
                  <amount>202.29</amount>
                  <currency>NUC</currency>
                </monetaryDetails>
              </monetaryInformation>
              <componentClassInfo>
                <fareBasisDetails>
                  <rateTariffClass>NO02EEF5</rateTariffClass>
                </fareBasisDetails>
              </componentClassInfo>
              <fareQualifiersDetail>
                <discountDetails>
                  <fareQualifier>763</fareQualifier>
                </discountDetails>
              </fareQualifiersDetail>
              <fareFamilyDetails>
                <fareFamilyname>LITE</fareFamilyname>
                <hierarchy>6995</hierarchy>
              </fareFamilyDetails>
              <fareFamilyOwner>
                <companyIdentification>
                  <otherCompany>PS</otherCompany>
                </companyIdentification>
              </fareFamilyOwner>
              <couponDetailsGroup>
                <productId>
                  <referenceDetails>
                    <type>ST</type>
                    <value>3</value>
                  </referenceDetails>
                </productId>
              </couponDetailsGroup>
              <couponDetailsGroup>
                <productId>
                  <referenceDetails>
                    <type>ST</type>
                    <value>4</value>
                  </referenceDetails>
                </productId>
              </couponDetailsGroup>
            </fareComponentDetailsGroup>
          </fareInfoGroup>
        </pricingGroupLevelGroup>
        <pricingGroupLevelGroup>
          <numberOfPax>
            <segmentControlDetails>
              <quantity>2</quantity>
              <numberOfUnits>2</numberOfUnits>
            </segmentControlDetails>
          </numberOfPax>
          <passengersID>
            <travellerDetails>
              <measurementValue>3</measurementValue>
            </travellerDetails>
            <travellerDetails>
              <measurementValue>4</measurementValue>
            </travellerDetails>
          </passengersID>
          <fareInfoGroup>
            <emptySegment/>
            <pricingIndicators>
              <priceTariffType>I</priceTariffType>
              <productDateTimeDetails>
                <departureDate>210520</departureDate>
              </productDateTimeDetails>
              <companyDetails>
                <otherCompany>PS</otherCompany>
              </companyDetails>
            </pricingIndicators>
            <fareAmount>
              <monetaryDetails>
                <typeQualifier>B</typeQualifier>
                <amount>24810</amount>
                <currency>INR</currency>
              </monetaryDetails>
              <otherMonetaryDetails>
                <typeQualifier>E</typeQualifier>
                <amount>328.00</amount>
                <currency>USD</currency>
              </otherMonetaryDetails>
              <otherMonetaryDetails>
                <typeQualifier>712</typeQualifier>
                <amount>774.87</amount>
                <currency>USD</currency>
              </otherMonetaryDetails>
            </fareAmount>
            <textData>
              <freeTextQualification>
                <textSubjectQualifier>4</textSubjectQualifier>
                <informationType>15</informationType>
              </freeTextQualification>
              <freeText>21MAY20DEL PS IEV PS NYC133.95PS IEV PS DEL151.71 1S50.00NUC335.66END </freeText>
              <freeText>ROE73.903510</freeText>
            </textData>
            <textData>
              <freeTextQualification>
                <textSubjectQualifier>1</textSubjectQualifier>
                <informationType>1P2</informationType>
              </freeTextQualification>
              <freeText>NON-REFUNDABLE</freeText>
            </textData>
            <textData>
              <freeTextQualification>
                <textSubjectQualifier>1</textSubjectQualifier>
                <informationType>10</informationType>
              </freeTextQualification>
              <freeText>NONEND/REF RSTR/RBK 150USD -BG:PS</freeText>
            </textData>
            <textData>
              <freeTextQualification>
                <textSubjectQualifier>1</textSubjectQualifier>
                <informationType>1A49</informationType>
              </freeTextQualification>
              <freeText> - DATE OF ORIGIN</freeText>
            </textData>
            <textData>
              <freeTextQualification>
                <textSubjectQualifier>1</textSubjectQualifier>
                <informationType>1A0</informationType>
              </freeTextQualification>
              <freeText>FARE FAMILIES:    (ENTER FQFn FOR DETAILS, FXY FOR UPSELL)</freeText>
            </textData>
            <textData>
              <freeTextQualification>
                <textSubjectQualifier>1</textSubjectQualifier>
                <informationType>1A0</informationType>
              </freeTextQualification>
              <freeText>FARE FAMILY:FC1:1-2:LITE</freeText>
            </textData>
            <textData>
              <freeTextQualification>
                <textSubjectQualifier>1</textSubjectQualifier>
                <informationType>1A0</informationType>
              </freeTextQualification>
              <freeText>FARE FAMILY:FC2:3-4:LITE</freeText>
            </textData>
            <textData>
              <freeTextQualification>
                <textSubjectQualifier>1</textSubjectQualifier>
                <informationType>1A0</informationType>
              </freeTextQualification>
              <freeText>TICKET STOCK RESTRICTION</freeText>
            </textData>
            <textData>
              <freeTextQualification>
                <textSubjectQualifier>1</textSubjectQualifier>
                <informationType>1A0</informationType>
              </freeTextQualification>
              <freeText>BG CXR: PS</freeText>
            </textData>
            <textData>
              <freeTextQualification>
                <textSubjectQualifier>1</textSubjectQualifier>
                <informationType>1A0</informationType>
              </freeTextQualification>
              <freeText>PRICED WITH VALIDATING CARRIER PS - REPRICE IF DIFFERENT VC</freeText>
            </textData>
            <textData>
              <freeTextQualification>
                <textSubjectQualifier>1</textSubjectQualifier>
                <informationType>1A0</informationType>
              </freeTextQualification>
              <freeText>18APR20 PER GAF REQUIREMENTS FARE NOT VALID UNTIL TICKETED</freeText>
            </textData>
            <offerReferences>
              <offerIdentifier>
                <uniqueOfferReference>SP1P-10802235760656231460-1-OI1-AI2</uniqueOfferReference>
              </offerIdentifier>
            </offerReferences>
            <surchargesGroup>
              <taxesAmount>
                <taxDetails>
                  <rate>3.96</rate>
                  <countryCode>XA</countryCode>
                  <type>CO</type>
                </taxDetails>
                <taxDetails>
                  <rate>7.00</rate>
                  <countryCode>XY</countryCode>
                  <type>CR</type>
                </taxDetails>
                <taxDetails>
                  <rate>5.89</rate>
                  <countryCode>YC</countryCode>
                  <type>AE</type>
                </taxDetails>
                <taxDetails>
                  <rate>24.00</rate>
                  <countryCode>YQ</countryCode>
                  <type>AD</type>
                </taxDetails>
                <taxDetails>
                  <rate>320.00</rate>
                  <countryCode>YR</countryCode>
                  <type>VB</type>
                </taxDetails>
                <taxDetails>
                  <rate>33.60</rate>
                  <countryCode>K3</countryCode>
                  <type>SA</type>
                </taxDetails>
                <taxDetails>
                  <rate>5.72</rate>
                  <countryCode>P2</countryCode>
                  <type>AF</type>
                </taxDetails>
                <taxDetails>
                  <rate>2.60</rate>
                  <countryCode>WO</countryCode>
                  <type>MU</type>
                </taxDetails>
                <taxDetails>
                  <rate>8.00</rate>
                  <countryCode>UA</countryCode>
                  <type>SE</type>
                </taxDetails>
                <taxDetails>
                  <rate>26.00</rate>
                  <countryCode>YK</countryCode>
                  <type>AE</type>
                </taxDetails>
                <taxDetails>
                  <rate>5.60</rate>
                  <countryCode>AY</countryCode>
                  <type>SE</type>
                </taxDetails>
                <taxDetails>
                  <rate>4.50</rate>
                  <countryCode>XF</countryCode>
                </taxDetails>
              </taxesAmount>
              <pfcAmount>
                <monetaryDetails>
                  <typeQualifier>702</typeQualifier>
                  <amount>4.50</amount>
                  <location>JFK</location>
                </monetaryDetails>
              </pfcAmount>
            </surchargesGroup>
            <segmentLevelGroup>
              <segmentInformation>
                <flightDate>
                  <departureDate>210520</departureDate>
                </flightDate>
                <boardPointDetails>
                  <trueLocationId>DEL</trueLocationId>
                </boardPointDetails>
                <offpointDetails>
                  <trueLocationId>KBP</trueLocationId>
                </offpointDetails>
                <companyDetails>
                  <marketingCompany>PS</marketingCompany>
                </companyDetails>
                <flightIdentification>
                  <flightNumber>392</flightNumber>
                  <bookingClass>X</bookingClass>
                  <operationalSuffix>X</operationalSuffix>
                </flightIdentification>
                <itemNumber>1</itemNumber>
              </segmentInformation>
              <additionalInformation>
                <productDateTimeDetails>
                  <departureDate>210520</departureDate>
                  <arrivalDate>210520</arrivalDate>
                </productDateTimeDetails>
                <idNumber>CH25</idNumber>
              </additionalInformation>
              <fareBasis>
                <additionalFareDetails>
                  <rateClass>XO02EEF5</rateClass>
                  <secondRateClass>X</secondRateClass>
                </additionalFareDetails>
              </fareBasis>
              <cabinGroup>
                <cabinSegment>
                  <bookingClassDetails>
                    <designator>X</designator>
                    <option>M</option>
                  </bookingClassDetails>
                </cabinSegment>
              </cabinGroup>
              <baggageAllowance>
                <baggageDetails>
                  <freeAllowance>2</freeAllowance>
                  <quantityCode>N</quantityCode>
                </baggageDetails>
              </baggageAllowance>
              <ptcSegment>
                <quantityDetails>
                  <numberOfUnit>1</numberOfUnit>
                  <unitQualifier>CNN</unitQualifier>
                </quantityDetails>
              </ptcSegment>
            </segmentLevelGroup>
            <segmentLevelGroup>
              <segmentInformation>
                <flightDate>
                  <departureDate>210520</departureDate>
                </flightDate>
                <boardPointDetails>
                  <trueLocationId>KBP</trueLocationId>
                </boardPointDetails>
                <offpointDetails>
                  <trueLocationId>JFK</trueLocationId>
                </offpointDetails>
                <companyDetails>
                  <marketingCompany>PS</marketingCompany>
                </companyDetails>
                <flightIdentification>
                  <flightNumber>231</flightNumber>
                  <bookingClass>X</bookingClass>
                  <operationalSuffix>X</operationalSuffix>
                </flightIdentification>
                <itemNumber>2</itemNumber>
              </segmentInformation>
              <additionalInformation>
                <productDateTimeDetails>
                  <departureDate>210520</departureDate>
                  <arrivalDate>210520</arrivalDate>
                </productDateTimeDetails>
                <idNumber>CH25</idNumber>
              </additionalInformation>
              <fareBasis>
                <additionalFareDetails>
                  <rateClass>XO02EEF5</rateClass>
                  <secondRateClass>X</secondRateClass>
                </additionalFareDetails>
              </fareBasis>
              <cabinGroup>
                <cabinSegment>
                  <bookingClassDetails>
                    <designator>X</designator>
                    <option>M</option>
                  </bookingClassDetails>
                </cabinSegment>
              </cabinGroup>
              <baggageAllowance>
                <baggageDetails>
                  <freeAllowance>2</freeAllowance>
                  <quantityCode>N</quantityCode>
                </baggageDetails>
              </baggageAllowance>
              <ptcSegment>
                <quantityDetails>
                  <numberOfUnit>1</numberOfUnit>
                  <unitQualifier>CNN</unitQualifier>
                </quantityDetails>
              </ptcSegment>
            </segmentLevelGroup>
            <segmentLevelGroup>
              <segmentInformation>
                <flightDate>
                  <departureDate>250620</departureDate>
                </flightDate>
                <boardPointDetails>
                  <trueLocationId>JFK</trueLocationId>
                </boardPointDetails>
                <offpointDetails>
                  <trueLocationId>KBP</trueLocationId>
                </offpointDetails>
                <companyDetails>
                  <marketingCompany>PS</marketingCompany>
                </companyDetails>
                <flightIdentification>
                  <flightNumber>232</flightNumber>
                  <bookingClass>N</bookingClass>
                  <operationalSuffix>X</operationalSuffix>
                </flightIdentification>
                <itemNumber>3</itemNumber>
              </segmentInformation>
              <additionalInformation>
                <productDateTimeDetails>
                  <departureDate>250620</departureDate>
                  <arrivalDate>250620</arrivalDate>
                </productDateTimeDetails>
                <idNumber>CH25</idNumber>
              </additionalInformation>
              <fareBasis>
                <additionalFareDetails>
                  <rateClass>NO02EEF5</rateClass>
                  <secondRateClass>N</secondRateClass>
                </additionalFareDetails>
              </fareBasis>
              <cabinGroup>
                <cabinSegment>
                  <bookingClassDetails>
                    <designator>N</designator>
                    <option>M</option>
                  </bookingClassDetails>
                </cabinSegment>
              </cabinGroup>
              <baggageAllowance>
                <baggageDetails>
                  <freeAllowance>2</freeAllowance>
                  <quantityCode>N</quantityCode>
                </baggageDetails>
              </baggageAllowance>
              <ptcSegment>
                <quantityDetails>
                  <numberOfUnit>1</numberOfUnit>
                  <unitQualifier>CNN</unitQualifier>
                </quantityDetails>
              </ptcSegment>
            </segmentLevelGroup>
            <segmentLevelGroup>
              <segmentInformation>
                <flightDate>
                  <departureDate>250620</departureDate>
                </flightDate>
                <boardPointDetails>
                  <trueLocationId>KBP</trueLocationId>
                </boardPointDetails>
                <offpointDetails>
                  <trueLocationId>DEL</trueLocationId>
                </offpointDetails>
                <companyDetails>
                  <marketingCompany>PS</marketingCompany>
                </companyDetails>
                <flightIdentification>
                  <flightNumber>391</flightNumber>
                  <bookingClass>N</bookingClass>
                  <operationalSuffix>X</operationalSuffix>
                </flightIdentification>
                <itemNumber>4</itemNumber>
              </segmentInformation>
              <additionalInformation>
                <productDateTimeDetails>
                  <departureDate>250620</departureDate>
                  <arrivalDate>250620</arrivalDate>
                </productDateTimeDetails>
                <idNumber>CH25</idNumber>
              </additionalInformation>
              <fareBasis>
                <additionalFareDetails>
                  <rateClass>NO02EEF5</rateClass>
                  <secondRateClass>N</secondRateClass>
                </additionalFareDetails>
              </fareBasis>
              <cabinGroup>
                <cabinSegment>
                  <bookingClassDetails>
                    <designator>N</designator>
                    <option>M</option>
                  </bookingClassDetails>
                </cabinSegment>
              </cabinGroup>
              <baggageAllowance>
                <baggageDetails>
                  <freeAllowance>2</freeAllowance>
                  <quantityCode>N</quantityCode>
                </baggageDetails>
              </baggageAllowance>
              <ptcSegment>
                <quantityDetails>
                  <numberOfUnit>1</numberOfUnit>
                  <unitQualifier>CNN</unitQualifier>
                </quantityDetails>
              </ptcSegment>
            </segmentLevelGroup>
            <fareComponentDetailsGroup>
              <fareComponentID>
                <itemNumberDetails>
                  <number>1</number>
                  <type>FC</type>
                </itemNumberDetails>
              </fareComponentID>
              <marketFareComponent>
                <boardPointDetails>
                  <trueLocationId>DEL</trueLocationId>
                </boardPointDetails>
                <offpointDetails>
                  <trueLocationId>NYC</trueLocationId>
                </offpointDetails>
              </marketFareComponent>
              <monetaryInformation>
                <monetaryDetails>
                  <typeQualifier>TFC</typeQualifier>
                  <amount>133.95</amount>
                  <currency>NUC</currency>
                </monetaryDetails>
              </monetaryInformation>
              <componentClassInfo>
                <fareBasisDetails>
                  <rateTariffClass>XO02EEF5</rateTariffClass>
                  <otherRateTariffClass>CH25</otherRateTariffClass>
                </fareBasisDetails>
              </componentClassInfo>
              <fareQualifiersDetail>
                <discountDetails>
                  <fareQualifier>763</fareQualifier>
                </discountDetails>
              </fareQualifiersDetail>
              <fareFamilyDetails>
                <fareFamilyname>LITE</fareFamilyname>
                <hierarchy>6995</hierarchy>
              </fareFamilyDetails>
              <fareFamilyOwner>
                <companyIdentification>
                  <otherCompany>PS</otherCompany>
                </companyIdentification>
              </fareFamilyOwner>
              <couponDetailsGroup>
                <productId>
                  <referenceDetails>
                    <type>ST</type>
                    <value>1</value>
                  </referenceDetails>
                </productId>
              </couponDetailsGroup>
              <couponDetailsGroup>
                <productId>
                  <referenceDetails>
                    <type>ST</type>
                    <value>2</value>
                  </referenceDetails>
                </productId>
              </couponDetailsGroup>
            </fareComponentDetailsGroup>
            <fareComponentDetailsGroup>
              <fareComponentID>
                <itemNumberDetails>
                  <number>2</number>
                  <type>FC</type>
                </itemNumberDetails>
              </fareComponentID>
              <marketFareComponent>
                <boardPointDetails>
                  <trueLocationId>NYC</trueLocationId>
                </boardPointDetails>
                <offpointDetails>
                  <trueLocationId>DEL</trueLocationId>
                </offpointDetails>
              </marketFareComponent>
              <monetaryInformation>
                <monetaryDetails>
                  <typeQualifier>TFC</typeQualifier>
                  <amount>151.71</amount>
                  <currency>NUC</currency>
                </monetaryDetails>
              </monetaryInformation>
              <componentClassInfo>
                <fareBasisDetails>
                  <rateTariffClass>NO02EEF5</rateTariffClass>
                  <otherRateTariffClass>CH25</otherRateTariffClass>
                </fareBasisDetails>
              </componentClassInfo>
              <fareQualifiersDetail>
                <discountDetails>
                  <fareQualifier>763</fareQualifier>
                </discountDetails>
              </fareQualifiersDetail>
              <fareFamilyDetails>
                <fareFamilyname>LITE</fareFamilyname>
                <hierarchy>6995</hierarchy>
              </fareFamilyDetails>
              <fareFamilyOwner>
                <companyIdentification>
                  <otherCompany>PS</otherCompany>
                </companyIdentification>
              </fareFamilyOwner>
              <couponDetailsGroup>
                <productId>
                  <referenceDetails>
                    <type>ST</type>
                    <value>3</value>
                  </referenceDetails>
                </productId>
              </couponDetailsGroup>
              <couponDetailsGroup>
                <productId>
                  <referenceDetails>
                    <type>ST</type>
                    <value>4</value>
                  </referenceDetails>
                </productId>
              </couponDetailsGroup>
            </fareComponentDetailsGroup>
          </fareInfoGroup>
        </pricingGroupLevelGroup>
      </mainGroup>
    </Fare_InformativePricingWithoutPNRReply>
  </soapenv:Body>
</soapenv:Envelope>
