<?xml version="1.0" encoding="UTF-8"?>
<soapenv:Envelope xmlns:soapenv="http://schemas.xmlsoap.org/soap/envelope/" xmlns:awsse="http://xml.amadeus.com/2010/06/Session_v3" xmlns:wsa="http://www.w3.org/2005/08/addressing">
  <soapenv:Header>
    <wsa:To>http://www.w3.org/2005/08/addressing/anonymous</wsa:To>
    <wsa:From>
      <wsa:Address>https://nodeD1.test.webservices.amadeus.com/1ASIWIBESXI</wsa:Address>
    </wsa:From>
    <wsa:Action>http://webservices.amadeus.com/TIPNRQ_18_1_1A</wsa:Action>
    <wsa:MessageID>urn:uuid:675dbcc0-dcc1-3ef4-7509-c96e6fc4dcb4</wsa:MessageID>
    <wsa:RelatesTo RelationshipType="http://www.w3.org/2005/08/addressing/reply">60caf08a-f362-b3c7-72ad-7839823c9b57</wsa:RelatesTo>
    <awsse:Session TransactionStatusCode="End">
      <awsse:SessionId>01B5RBIXC3</awsse:SessionId>
      <awsse:SequenceNumber>1</awsse:SequenceNumber>
      <awsse:SecurityToken>3G0E7GUE3DIKI0TEUOU2NY2E</awsse:SecurityToken>
    </awsse:Session>
  </soapenv:Header>
  <soapenv:Body>
    <Fare_InformativePricingWithoutPNRReply xmlns="http://xml.amadeus.com/TIPNRR_18_1_1A">
      <messageDetails>
        <messageFunctionDetails>
          <businessFunction>1</businessFunction>
          <messageFunction>741</messageFunction>
          <responsibleAgency>1A</responsibleAgency>
        </messageFunctionDetails>
        <responseType>A</responseType>
      </messageDetails>
      <mainGroup>
        <dummySegment/>
        <convertionRate>
          <conversionRateDetails>
            <rateType>USR</rateType>
            <dutyTaxFeeType>CA</dutyTaxFeeType>
          </conversionRateDetails>
        </convertionRate>
        <pricingGroupLevelGroup>
          <numberOfPax>
            <segmentControlDetails>
              <quantity>1</quantity>
              <numberOfUnits>1</numberOfUnits>
            </segmentControlDetails>
          </numberOfPax>
          <passengersID>
            <travellerDetails>
              <measurementValue>1</measurementValue>
            </travellerDetails>
          </passengersID>
          <fareInfoGroup>
            <emptySegment/>
            <pricingIndicators>
              <priceTicketDetails>
                <indicators>717</indicators>
              </priceTicketDetails>
              <priceTariffType>I</priceTariffType>
              <productDateTimeDetails>
                <departureDate>160420</departureDate>
                <departureTime>2359</departureTime>
              </productDateTimeDetails>
              <companyDetails>
                <otherCompany>AA</otherCompany>
              </companyDetails>
            </pricingIndicators>
            <fareAmount>
              <monetaryDetails>
                <typeQualifier>B</typeQualifier>
                <amount>186.00</amount>
                <currency>USD</currency>
              </monetaryDetails>
              <otherMonetaryDetails>
                <typeQualifier>712</typeQualifier>
                <amount>206.20</amount>
                <currency>USD</currency>
              </otherMonetaryDetails>
            </fareAmount>
            <textData>
              <freeTextQualification>
                <textSubjectQualifier>4</textSubjectQualifier>
                <informationType>15</informationType>
              </freeTextQualification>
              <freeText>11NOV20MIA AA NYC93.00AA MIA93.00USD186.00END</freeText>
            </textData>
            <textData>
              <freeTextQualification>
                <textSubjectQualifier>1</textSubjectQualifier>
                <informationType>10</informationType>
              </freeTextQualification>
              <freeText>/C1-2 NONREF/SVCCHGPLUSFAREDIF/ CXL BY FLT TIME OR NOVALUE -BG:AA</freeText>
            </textData>
            <textData>
              <freeTextQualification>
                <textSubjectQualifier>1</textSubjectQualifier>
                <informationType>1A49</informationType>
              </freeTextQualification>
              <freeText> - SEE ADV PURCHASE</freeText>
            </textData>
            <textData>
              <freeTextQualification>
                <textSubjectQualifier>1</textSubjectQualifier>
                <informationType>1A0</informationType>
              </freeTextQualification>
              <freeText>FARE FAMILIES:    (ENTER FQFn FOR DETAILS, FXY FOR UPSELL)</freeText>
            </textData>
            <textData>
              <freeTextQualification>
                <textSubjectQualifier>1</textSubjectQualifier>
                <informationType>1A0</informationType>
              </freeTextQualification>
              <freeText>FARE FAMILY:FC1:1:MAIN</freeText>
            </textData>
            <textData>
              <freeTextQualification>
                <textSubjectQualifier>1</textSubjectQualifier>
                <informationType>1A0</informationType>
              </freeTextQualification>
              <freeText>FARE FAMILY:FC2:2:MAIN</freeText>
            </textData>
            <textData>
              <freeTextQualification>
                <textSubjectQualifier>1</textSubjectQualifier>
                <informationType>1A0</informationType>
              </freeTextQualification>
              <freeText>FARE VALID FOR E TICKET ONLY</freeText>
            </textData>
            <textData>
              <freeTextQualification>
                <textSubjectQualifier>1</textSubjectQualifier>
                <informationType>1A0</informationType>
              </freeTextQualification>
              <freeText>NO BAG INCLUDED FOR AT LEAST ONE FLIGHT</freeText>
            </textData>
            <textData>
              <freeTextQualification>
                <textSubjectQualifier>1</textSubjectQualifier>
                <informationType>1A0</informationType>
              </freeTextQualification>
              <freeText>** CROSS REF INTL TICKETS OR COLLECT TAXES **</freeText>
            </textData>
            <textData>
              <freeTextQualification>
                <textSubjectQualifier>1</textSubjectQualifier>
                <informationType>1A0</informationType>
              </freeTextQualification>
              <freeText>BG CXR: AA</freeText>
            </textData>
            <textData>
              <freeTextQualification>
                <textSubjectQualifier>1</textSubjectQualifier>
                <informationType>1A0</informationType>
              </freeTextQualification>
              <freeText>PRICED WITH VALIDATING CARRIER AA - REPRICE IF DIFFERENT VC</freeText>
            </textData>
            <textData>
              <freeTextQualification>
                <textSubjectQualifier>1</textSubjectQualifier>
                <informationType>1A0</informationType>
              </freeTextQualification>
              <freeText>15APR20 PER GAF REQUIREMENTS FARE NOT VALID UNTIL TICKETED</freeText>
            </textData>
            <offerReferences>
              <offerIdentifier>
                <uniqueOfferReference>SP2P-12947000435038891002-1-OI1-AI1</uniqueOfferReference>
              </offerIdentifier>
            </offerReferences>
            <surchargesGroup>
              <taxesAmount>
                <taxDetails>
                  <rate>11.20</rate>
                  <countryCode>AY</countryCode>
                  <type>SE</type>
                </taxDetails>
                <taxDetails>
                  <rate>9.00</rate>
                  <countryCode>XF</countryCode>
                </taxDetails>
              </taxesAmount>
              <pfcAmount>
                <monetaryDetails>
                  <typeQualifier>702</typeQualifier>
                  <amount>4.50</amount>
                  <location>MIA</location>
                </monetaryDetails>
                <otherMonetaryDetails>
                  <typeQualifier>702</typeQualifier>
                  <amount>4.50</amount>
                  <location>JFK</location>
                </otherMonetaryDetails>
              </pfcAmount>
            </surchargesGroup>
            <segmentLevelGroup>
              <segmentInformation>
                <flightDate>
                  <departureDate>111120</departureDate>
                </flightDate>
                <boardPointDetails>
                  <trueLocationId>MIA</trueLocationId>
                </boardPointDetails>
                <offpointDetails>
                  <trueLocationId>JFK</trueLocationId>
                </offpointDetails>
                <companyDetails>
                  <marketingCompany>AA</marketingCompany>
                </companyDetails>
                <flightIdentification>
                  <flightNumber>2195</flightNumber>
                  <bookingClass>G</bookingClass>
                  <operationalSuffix>X</operationalSuffix>
                </flightIdentification>
                <itemNumber>1</itemNumber>
              </segmentInformation>
              <fareBasis>
                <additionalFareDetails>
                  <rateClass>GVAHZNM3</rateClass>
                  <secondRateClass>G</secondRateClass>
                </additionalFareDetails>
              </fareBasis>
              <cabinGroup>
                <cabinSegment>
                  <bookingClassDetails>
                    <designator>G</designator>
                    <option>M</option>
                  </bookingClassDetails>
                </cabinSegment>
              </cabinGroup>
              <baggageAllowance>
                <baggageDetails>
                  <freeAllowance>0</freeAllowance>
                  <quantityCode>N</quantityCode>
                </baggageDetails>
              </baggageAllowance>
              <ptcSegment>
                <quantityDetails>
                  <numberOfUnit>1</numberOfUnit>
                  <unitQualifier>ADT</unitQualifier>
                </quantityDetails>
              </ptcSegment>
            </segmentLevelGroup>
            <segmentLevelGroup>
              <segmentInformation>
                <flightDate>
                  <departureDate>241220</departureDate>
                </flightDate>
                <boardPointDetails>
                  <trueLocationId>JFK</trueLocationId>
                </boardPointDetails>
                <offpointDetails>
                  <trueLocationId>MIA</trueLocationId>
                </offpointDetails>
                <companyDetails>
                  <marketingCompany>AA</marketingCompany>
                </companyDetails>
                <flightIdentification>
                  <flightNumber>1099</flightNumber>
                  <bookingClass>G</bookingClass>
                  <operationalSuffix>X</operationalSuffix>
                </flightIdentification>
                <itemNumber>2</itemNumber>
              </segmentInformation>
              <fareBasis>
                <additionalFareDetails>
                  <rateClass>GVAHZNM3</rateClass>
                  <secondRateClass>G</secondRateClass>
                </additionalFareDetails>
              </fareBasis>
              <cabinGroup>
                <cabinSegment>
                  <bookingClassDetails>
                    <designator>G</designator>
                    <option>M</option>
                  </bookingClassDetails>
                </cabinSegment>
              </cabinGroup>
              <baggageAllowance>
                <baggageDetails>
                  <freeAllowance>0</freeAllowance>
                  <quantityCode>N</quantityCode>
                </baggageDetails>
              </baggageAllowance>
              <ptcSegment>
                <quantityDetails>
                  <numberOfUnit>1</numberOfUnit>
                  <unitQualifier>ADT</unitQualifier>
                </quantityDetails>
              </ptcSegment>
            </segmentLevelGroup>
            <fareComponentDetailsGroup>
              <fareComponentID>
                <itemNumberDetails>
                  <number>1</number>
                  <type>FC</type>
                </itemNumberDetails>
              </fareComponentID>
              <marketFareComponent>
                <boardPointDetails>
                  <trueLocationId>MIA</trueLocationId>
                </boardPointDetails>
                <offpointDetails>
                  <trueLocationId>NYC</trueLocationId>
                </offpointDetails>
              </marketFareComponent>
              <monetaryInformation>
                <monetaryDetails>
                  <typeQualifier>TFC</typeQualifier>
                  <amount>93.00</amount>
                  <currency>USD</currency>
                </monetaryDetails>
              </monetaryInformation>
              <componentClassInfo>
                <fareBasisDetails>
                  <rateTariffClass>GVAHZNM3</rateTariffClass>
                </fareBasisDetails>
              </componentClassInfo>
              <fareQualifiersDetail>
                <discountDetails>
                  <fareQualifier>BOR</fareQualifier>
                </discountDetails>
              </fareQualifiersDetail>
              <fareFamilyDetails>
                <fareFamilyname>MAIN</fareFamilyname>
                <hierarchy>9998</hierarchy>
              </fareFamilyDetails>
              <fareFamilyOwner>
                <companyIdentification>
                  <otherCompany>AA</otherCompany>
                </companyIdentification>
              </fareFamilyOwner>
              <couponDetailsGroup>
                <productId>
                  <referenceDetails>
                    <type>ST</type>
                    <value>1</value>
                  </referenceDetails>
                </productId>
              </couponDetailsGroup>
            </fareComponentDetailsGroup>
            <fareComponentDetailsGroup>
              <fareComponentID>
                <itemNumberDetails>
                  <number>2</number>
                  <type>FC</type>
                </itemNumberDetails>
              </fareComponentID>
              <marketFareComponent>
                <boardPointDetails>
                  <trueLocationId>NYC</trueLocationId>
                </boardPointDetails>
                <offpointDetails>
                  <trueLocationId>MIA</trueLocationId>
                </offpointDetails>
              </marketFareComponent>
              <monetaryInformation>
                <monetaryDetails>
                  <typeQualifier>TFC</typeQualifier>
                  <amount>93.00</amount>
                  <currency>USD</currency>
                </monetaryDetails>
              </monetaryInformation>
              <componentClassInfo>
                <fareBasisDetails>
                  <rateTariffClass>GVAHZNM3</rateTariffClass>
                </fareBasisDetails>
              </componentClassInfo>
              <fareQualifiersDetail>
                <discountDetails>
                  <fareQualifier>BOR</fareQualifier>
                </discountDetails>
              </fareQualifiersDetail>
              <fareFamilyDetails>
                <fareFamilyname>MAIN</fareFamilyname>
                <hierarchy>9998</hierarchy>
              </fareFamilyDetails>
              <fareFamilyOwner>
                <companyIdentification>
                  <otherCompany>AA</otherCompany>
                </companyIdentification>
              </fareFamilyOwner>
              <couponDetailsGroup>
                <productId>
                  <referenceDetails>
                    <type>ST</type>
                    <value>2</value>
                  </referenceDetails>
                </productId>
              </couponDetailsGroup>
            </fareComponentDetailsGroup>
          </fareInfoGroup>
        </pricingGroupLevelGroup>
        <pricingGroupLevelGroup>
          <numberOfPax>
            <segmentControlDetails>
              <quantity>2</quantity>
              <numberOfUnits>1</numberOfUnits>
            </segmentControlDetails>
          </numberOfPax>
          <passengersID>
            <travellerDetails>
              <measurementValue>2</measurementValue>
            </travellerDetails>
          </passengersID>
          <fareInfoGroup>
            <emptySegment/>
            <pricingIndicators>
              <priceTicketDetails>
                <indicators>717</indicators>
              </priceTicketDetails>
              <priceTariffType>I</priceTariffType>
              <productDateTimeDetails>
                <departureDate>160420</departureDate>
                <departureTime>2359</departureTime>
              </productDateTimeDetails>
              <companyDetails>
                <otherCompany>AA</otherCompany>
              </companyDetails>
            </pricingIndicators>
            <fareAmount>
              <monetaryDetails>
                <typeQualifier>B</typeQualifier>
                <amount>186.00</amount>
                <currency>USD</currency>
              </monetaryDetails>
              <otherMonetaryDetails>
                <typeQualifier>712</typeQualifier>
                <amount>206.20</amount>
                <currency>USD</currency>
              </otherMonetaryDetails>
            </fareAmount>
            <textData>
              <freeTextQualification>
                <textSubjectQualifier>4</textSubjectQualifier>
                <informationType>15</informationType>
              </freeTextQualification>
              <freeText>11NOV20MIA AA NYC93.00AA MIA93.00USD186.00END</freeText>
            </textData>
            <textData>
              <freeTextQualification>
                <textSubjectQualifier>1</textSubjectQualifier>
                <informationType>10</informationType>
              </freeTextQualification>
              <freeText>/C1-2 NONREF/SVCCHGPLUSFAREDIF/ CXL BY FLT TIME OR NOVALUE -BG:AA</freeText>
            </textData>
            <textData>
              <freeTextQualification>
                <textSubjectQualifier>1</textSubjectQualifier>
                <informationType>1A49</informationType>
              </freeTextQualification>
              <freeText> - SEE ADV PURCHASE</freeText>
            </textData>
            <textData>
              <freeTextQualification>
                <textSubjectQualifier>1</textSubjectQualifier>
                <informationType>1A5</informationType>
              </freeTextQualification>
              <freeText>FARE FAMILIES:    (ENTER FQFn FOR DETAILS, FXY FOR UPSELL)</freeText>
            </textData>
            <textData>
              <freeTextQualification>
                <textSubjectQualifier>1</textSubjectQualifier>
                <informationType>1A5</informationType>
              </freeTextQualification>
              <freeText>FARE FAMILY:FC1:1:MAIN</freeText>
            </textData>
            <textData>
              <freeTextQualification>
                <textSubjectQualifier>1</textSubjectQualifier>
                <informationType>1A5</informationType>
              </freeTextQualification>
              <freeText>FARE FAMILY:FC2:2:MAIN</freeText>
            </textData>
            <textData>
              <freeTextQualification>
                <textSubjectQualifier>1</textSubjectQualifier>
                <informationType>1A5</informationType>
              </freeTextQualification>
              <freeText>FARE VALID FOR E TICKET ONLY</freeText>
            </textData>
            <textData>
              <freeTextQualification>
                <textSubjectQualifier>1</textSubjectQualifier>
                <informationType>1A5</informationType>
              </freeTextQualification>
              <freeText>NO BAG INCLUDED FOR AT LEAST ONE FLIGHT</freeText>
            </textData>
            <textData>
              <freeTextQualification>
                <textSubjectQualifier>1</textSubjectQualifier>
                <informationType>1A5</informationType>
              </freeTextQualification>
              <freeText>NOT FARED AT PASSENGER TYPE REQUESTED *5*</freeText>
            </textData>
            <textData>
              <freeTextQualification>
                <textSubjectQualifier>1</textSubjectQualifier>
                <informationType>1A5</informationType>
              </freeTextQualification>
              <freeText>** CROSS REF INTL TICKETS OR COLLECT TAXES **</freeText>
            </textData>
            <textData>
              <freeTextQualification>
                <textSubjectQualifier>1</textSubjectQualifier>
                <informationType>1A5</informationType>
              </freeTextQualification>
              <freeText>BG CXR: AA</freeText>
            </textData>
            <textData>
              <freeTextQualification>
                <textSubjectQualifier>1</textSubjectQualifier>
                <informationType>1A5</informationType>
              </freeTextQualification>
              <freeText>PRICED WITH VALIDATING CARRIER AA - REPRICE IF DIFFERENT VC</freeText>
            </textData>
            <textData>
              <freeTextQualification>
                <textSubjectQualifier>1</textSubjectQualifier>
                <informationType>1A5</informationType>
              </freeTextQualification>
              <freeText>15APR20 PER GAF REQUIREMENTS FARE NOT VALID UNTIL TICKETED</freeText>
            </textData>
            <offerReferences>
              <offerIdentifier>
                <uniqueOfferReference>SP2P-12947000435038891002-1-OI1-AI2</uniqueOfferReference>
              </offerIdentifier>
            </offerReferences>
            <surchargesGroup>
              <taxesAmount>
                <taxDetails>
                  <rate>11.20</rate>
                  <countryCode>AY</countryCode>
                  <type>SE</type>
                </taxDetails>
                <taxDetails>
                  <rate>9.00</rate>
                  <countryCode>XF</countryCode>
                </taxDetails>
              </taxesAmount>
              <pfcAmount>
                <monetaryDetails>
                  <typeQualifier>702</typeQualifier>
                  <amount>4.50</amount>
                  <location>MIA</location>
                </monetaryDetails>
                <otherMonetaryDetails>
                  <typeQualifier>702</typeQualifier>
                  <amount>4.50</amount>
                  <location>JFK</location>
                </otherMonetaryDetails>
              </pfcAmount>
            </surchargesGroup>
            <segmentLevelGroup>
              <segmentInformation>
                <flightDate>
                  <departureDate>111120</departureDate>
                </flightDate>
                <boardPointDetails>
                  <trueLocationId>MIA</trueLocationId>
                </boardPointDetails>
                <offpointDetails>
                  <trueLocationId>JFK</trueLocationId>
                </offpointDetails>
                <companyDetails>
                  <marketingCompany>AA</marketingCompany>
                </companyDetails>
                <flightIdentification>
                  <flightNumber>2195</flightNumber>
                  <bookingClass>G</bookingClass>
                  <operationalSuffix>X</operationalSuffix>
                </flightIdentification>
                <itemNumber>1</itemNumber>
              </segmentInformation>
              <fareBasis>
                <additionalFareDetails>
                  <rateClass>GVAHZNM3</rateClass>
                  <secondRateClass>G</secondRateClass>
                </additionalFareDetails>
              </fareBasis>
              <cabinGroup>
                <cabinSegment>
                  <bookingClassDetails>
                    <designator>G</designator>
                    <option>M</option>
                  </bookingClassDetails>
                </cabinSegment>
              </cabinGroup>
              <baggageAllowance>
                <baggageDetails>
                  <freeAllowance>0</freeAllowance>
                  <quantityCode>N</quantityCode>
                </baggageDetails>
              </baggageAllowance>
              <ptcSegment>
                <quantityDetails>
                  <numberOfUnit>1</numberOfUnit>
                  <unitQualifier>ADT</unitQualifier>
                </quantityDetails>
              </ptcSegment>
            </segmentLevelGroup>
            <segmentLevelGroup>
              <segmentInformation>
                <flightDate>
                  <departureDate>241220</departureDate>
                </flightDate>
                <boardPointDetails>
                  <trueLocationId>JFK</trueLocationId>
                </boardPointDetails>
                <offpointDetails>
                  <trueLocationId>MIA</trueLocationId>
                </offpointDetails>
                <companyDetails>
                  <marketingCompany>AA</marketingCompany>
                </companyDetails>
                <flightIdentification>
                  <flightNumber>1099</flightNumber>
                  <bookingClass>G</bookingClass>
                  <operationalSuffix>X</operationalSuffix>
                </flightIdentification>
                <itemNumber>2</itemNumber>
              </segmentInformation>
              <fareBasis>
                <additionalFareDetails>
                  <rateClass>GVAHZNM3</rateClass>
                  <secondRateClass>G</secondRateClass>
                </additionalFareDetails>
              </fareBasis>
              <cabinGroup>
                <cabinSegment>
                  <bookingClassDetails>
                    <designator>G</designator>
                    <option>M</option>
                  </bookingClassDetails>
                </cabinSegment>
              </cabinGroup>
              <baggageAllowance>
                <baggageDetails>
                  <freeAllowance>0</freeAllowance>
                  <quantityCode>N</quantityCode>
                </baggageDetails>
              </baggageAllowance>
              <ptcSegment>
                <quantityDetails>
                  <numberOfUnit>1</numberOfUnit>
                  <unitQualifier>ADT</unitQualifier>
                </quantityDetails>
              </ptcSegment>
            </segmentLevelGroup>
            <fareComponentDetailsGroup>
              <fareComponentID>
                <itemNumberDetails>
                  <number>1</number>
                  <type>FC</type>
                </itemNumberDetails>
              </fareComponentID>
              <marketFareComponent>
                <boardPointDetails>
                  <trueLocationId>MIA</trueLocationId>
                </boardPointDetails>
                <offpointDetails>
                  <trueLocationId>NYC</trueLocationId>
                </offpointDetails>
              </marketFareComponent>
              <monetaryInformation>
                <monetaryDetails>
                  <typeQualifier>TFC</typeQualifier>
                  <amount>93.00</amount>
                  <currency>USD</currency>
                </monetaryDetails>
              </monetaryInformation>
              <componentClassInfo>
                <fareBasisDetails>
                  <rateTariffClass>GVAHZNM3</rateTariffClass>
                </fareBasisDetails>
              </componentClassInfo>
              <fareQualifiersDetail>
                <discountDetails>
                  <fareQualifier>BOR</fareQualifier>
                </discountDetails>
              </fareQualifiersDetail>
              <fareFamilyDetails>
                <fareFamilyname>MAIN</fareFamilyname>
                <hierarchy>9998</hierarchy>
              </fareFamilyDetails>
              <fareFamilyOwner>
                <companyIdentification>
                  <otherCompany>AA</otherCompany>
                </companyIdentification>
              </fareFamilyOwner>
              <couponDetailsGroup>
                <productId>
                  <referenceDetails>
                    <type>ST</type>
                    <value>1</value>
                  </referenceDetails>
                </productId>
              </couponDetailsGroup>
            </fareComponentDetailsGroup>
            <fareComponentDetailsGroup>
              <fareComponentID>
                <itemNumberDetails>
                  <number>2</number>
                  <type>FC</type>
                </itemNumberDetails>
              </fareComponentID>
              <marketFareComponent>
                <boardPointDetails>
                  <trueLocationId>NYC</trueLocationId>
                </boardPointDetails>
                <offpointDetails>
                  <trueLocationId>MIA</trueLocationId>
                </offpointDetails>
              </marketFareComponent>
              <monetaryInformation>
                <monetaryDetails>
                  <typeQualifier>TFC</typeQualifier>
                  <amount>93.00</amount>
                  <currency>USD</currency>
                </monetaryDetails>
              </monetaryInformation>
              <componentClassInfo>
                <fareBasisDetails>
                  <rateTariffClass>GVAHZNM3</rateTariffClass>
                </fareBasisDetails>
              </componentClassInfo>
              <fareQualifiersDetail>
                <discountDetails>
                  <fareQualifier>BOR</fareQualifier>
                </discountDetails>
              </fareQualifiersDetail>
              <fareFamilyDetails>
                <fareFamilyname>MAIN</fareFamilyname>
                <hierarchy>9998</hierarchy>
              </fareFamilyDetails>
              <fareFamilyOwner>
                <companyIdentification>
                  <otherCompany>AA</otherCompany>
                </companyIdentification>
              </fareFamilyOwner>
              <couponDetailsGroup>
                <productId>
                  <referenceDetails>
                    <type>ST</type>
                    <value>2</value>
                  </referenceDetails>
                </productId>
              </couponDetailsGroup>
            </fareComponentDetailsGroup>
          </fareInfoGroup>
        </pricingGroupLevelGroup>
      </mainGroup>
    </Fare_InformativePricingWithoutPNRReply>
  </soapenv:Body>
</soapenv:Envelope>
