<?xml version="1.0" encoding="UTF-8"?>
<soapenv:Envelope xmlns:soapenv="http://schemas.xmlsoap.org/soap/envelope/" xmlns:awsse="http://xml.amadeus.com/2010/06/Session_v3" xmlns:wsa="http://www.w3.org/2005/08/addressing">
  <soapenv:Header>
    <wsa:To>http://www.w3.org/2005/08/addressing/anonymous</wsa:To>
    <wsa:From>
      <wsa:Address>https://nodeD1.test.webservices.amadeus.com/1ASIWIBESXI</wsa:Address>
    </wsa:From>
    <wsa:Action>http://webservices.amadeus.com/TIPNRQ_18_1_1A</wsa:Action>
    <wsa:MessageID>urn:uuid:89116cca-96b1-c3f4-b5f6-30cf8a9c5535</wsa:MessageID>
    <wsa:RelatesTo RelationshipType="http://www.w3.org/2005/08/addressing/reply">019ceb99-3962-f91a-db27-8b0c24099041</wsa:RelatesTo>
    <awsse:Session TransactionStatusCode="End">
      <awsse:SessionId>01BK2AL3XL</awsse:SessionId>
      <awsse:SequenceNumber>1</awsse:SequenceNumber>
      <awsse:SecurityToken>IG04D8PSLWEE1HU3P1EK5BZAP</awsse:SecurityToken>
    </awsse:Session>
  </soapenv:Header>
  <soapenv:Body>
    <Fare_InformativePricingWithoutPNRReply xmlns="http://xml.amadeus.com/TIPNRR_18_1_1A">
      <messageDetails>
        <messageFunctionDetails>
          <businessFunction>1</businessFunction>
          <messageFunction>741</messageFunction>
          <responsibleAgency>1A</responsibleAgency>
        </messageFunctionDetails>
        <responseType>A</responseType>
      </messageDetails>
      <mainGroup>
        <dummySegment/>
        <convertionRate>
          <conversionRateDetails>
            <rateType>BSR</rateType>
            <pricingAmount>0.013219</pricingAmount>
          </conversionRateDetails>
          <otherConvRateDetails>
            <rateType>USR</rateType>
            <pricingAmount>73.903510</pricingAmount>
            <dutyTaxFeeType>CA</dutyTaxFeeType>
          </otherConvRateDetails>
        </convertionRate>
        <generalIndicatorsGroup>
          <generalIndicators>
            <priceTicketDetails>
              <indicators>I</indicators>
            </priceTicketDetails>
          </generalIndicators>
        </generalIndicatorsGroup>
        <pricingGroupLevelGroup>
          <numberOfPax>
            <segmentControlDetails>
              <quantity>1</quantity>
              <numberOfUnits>1</numberOfUnits>
            </segmentControlDetails>
          </numberOfPax>
          <passengersID>
            <travellerDetails>
              <measurementValue>1</measurementValue>
            </travellerDetails>
          </passengersID>
          <fareInfoGroup>
            <emptySegment/>
            <pricingIndicators>
              <priceTariffType>I</priceTariffType>
              <productDateTimeDetails>
                <departureDate>210420</departureDate>
                <departureTime>2359</departureTime>
              </productDateTimeDetails>
              <companyDetails>
                <otherCompany>BA</otherCompany>
              </companyDetails>
            </pricingIndicators>
            <fareAmount>
              <monetaryDetails>
                <typeQualifier>B</typeQualifier>
                <amount>65915</amount>
                <currency>INR</currency>
              </monetaryDetails>
              <otherMonetaryDetails>
                <typeQualifier>E</typeQualifier>
                <amount>871.00</amount>
                <currency>USD</currency>
              </otherMonetaryDetails>
              <otherMonetaryDetails>
                <typeQualifier>712</typeQualifier>
                <amount>1699.96</amount>
                <currency>USD</currency>
              </otherMonetaryDetails>
            </fareAmount>
            <textData>
              <freeTextQualification>
                <textSubjectQualifier>4</textSubjectQualifier>
                <informationType>15</informationType>
              </freeTextQualification>
              <freeText>20MAY20DEL BA LON BA MIA Q DELMIA14.00 M389.42BA LON BA DEL Q MIADEL14</freeText>
              <freeText>.00 M389.42 1S85.00NUC891.84END ROE73.903510</freeText>
            </textData>
            <textData>
              <freeTextQualification>
                <textSubjectQualifier>1</textSubjectQualifier>
                <informationType>1P2</informationType>
              </freeTextQualification>
              <freeText>NON-REFUNDABLE</freeText>
            </textData>
            <textData>
              <freeTextQualification>
                <textSubjectQualifier>1</textSubjectQualifier>
                <informationType>10</informationType>
              </freeTextQualification>
              <freeText>CARRIER RESTRICTION APPLY PENALTY APPLIES -BG:BA</freeText>
            </textData>
            <textData>
              <freeTextQualification>
                <textSubjectQualifier>1</textSubjectQualifier>
                <informationType>1A49</informationType>
              </freeTextQualification>
              <freeText> - SEE ADV PURCHASE</freeText>
            </textData>
            <textData>
              <freeTextQualification>
                <textSubjectQualifier>1</textSubjectQualifier>
                <informationType>1A0</informationType>
              </freeTextQualification>
              <freeText>NO CHARGEABLE ANCILLARY SERVICE</freeText>
            </textData>
            <textData>
              <freeTextQualification>
                <textSubjectQualifier>1</textSubjectQualifier>
                <informationType>1A0</informationType>
              </freeTextQualification>
              <freeText>TICKET STOCK RESTRICTION</freeText>
            </textData>
            <textData>
              <freeTextQualification>
                <textSubjectQualifier>1</textSubjectQualifier>
                <informationType>1A0</informationType>
              </freeTextQualification>
              <freeText>BG CXR: BA</freeText>
            </textData>
            <textData>
              <freeTextQualification>
                <textSubjectQualifier>1</textSubjectQualifier>
                <informationType>1A0</informationType>
              </freeTextQualification>
              <freeText>PRICED WITH VALIDATING CARRIER BA - REPRICE IF DIFFERENT VC</freeText>
            </textData>
            <textData>
              <freeTextQualification>
                <textSubjectQualifier>1</textSubjectQualifier>
                <informationType>1A0</informationType>
              </freeTextQualification>
              <freeText>18APR20 PER GAF REQUIREMENTS FARE NOT VALID UNTIL TICKETED</freeText>
            </textData>
            <offerReferences>
              <offerIdentifier>
                <uniqueOfferReference>SP2P-12622446214622483463-1-OI1-AI1</uniqueOfferReference>
              </offerIdentifier>
            </offerReferences>
            <surchargesGroup>
              <taxesAmount>
                <taxDetails>
                  <rate>3.96</rate>
                  <countryCode>XA</countryCode>
                  <type>CO</type>
                </taxDetails>
                <taxDetails>
                  <rate>7.00</rate>
                  <countryCode>XY</countryCode>
                  <type>CR</type>
                </taxDetails>
                <taxDetails>
                  <rate>5.89</rate>
                  <countryCode>YC</countryCode>
                  <type>AE</type>
                </taxDetails>
                <taxDetails>
                  <rate>372.00</rate>
                  <countryCode>YQ</countryCode>
                  <type>AD</type>
                </taxDetails>
                <taxDetails>
                  <rate>37.80</rate>
                  <countryCode>YR</countryCode>
                  <type>VB</type>
                </taxDetails>
                <taxDetails>
                  <rate>64.04</rate>
                  <countryCode>K3</countryCode>
                  <type>SA</type>
                </taxDetails>
                <taxDetails>
                  <rate>5.72</rate>
                  <countryCode>P2</countryCode>
                  <type>AF</type>
                </taxDetails>
                <taxDetails>
                  <rate>2.60</rate>
                  <countryCode>WO</countryCode>
                  <type>MU</type>
                </taxDetails>
                <taxDetails>
                  <rate>198.88</rate>
                  <countryCode>GB</countryCode>
                  <type>AD</type>
                </taxDetails>
                <taxDetails>
                  <rate>120.97</rate>
                  <countryCode>UB</countryCode>
                  <type>AS</type>
                </taxDetails>
                <taxDetails>
                  <rate>5.60</rate>
                  <countryCode>AY</countryCode>
                  <type>SE</type>
                </taxDetails>
                <taxDetails>
                  <rate>4.50</rate>
                  <countryCode>XF</countryCode>
                </taxDetails>
              </taxesAmount>
              <pfcAmount>
                <monetaryDetails>
                  <typeQualifier>702</typeQualifier>
                  <amount>4.50</amount>
                  <location>MIA</location>
                </monetaryDetails>
              </pfcAmount>
            </surchargesGroup>
            <segmentLevelGroup>
              <segmentInformation>
                <flightDate>
                  <departureDate>200520</departureDate>
                </flightDate>
                <boardPointDetails>
                  <trueLocationId>DEL</trueLocationId>
                </boardPointDetails>
                <offpointDetails>
                  <trueLocationId>LHR</trueLocationId>
                </offpointDetails>
                <companyDetails>
                  <marketingCompany>BA</marketingCompany>
                </companyDetails>
                <flightIdentification>
                  <flightNumber>142</flightNumber>
                  <bookingClass>N</bookingClass>
                  <operationalSuffix>X</operationalSuffix>
                </flightIdentification>
                <itemNumber>1</itemNumber>
              </segmentInformation>
              <additionalInformation>
                <productDateTimeDetails>
                  <departureDate>200520</departureDate>
                  <arrivalDate>200520</arrivalDate>
                </productDateTimeDetails>
              </additionalInformation>
              <fareBasis>
                <additionalFareDetails>
                  <rateClass>NHNC00S2</rateClass>
                  <secondRateClass>N</secondRateClass>
                </additionalFareDetails>
              </fareBasis>
              <cabinGroup>
                <cabinSegment>
                  <bookingClassDetails>
                    <designator>N</designator>
                    <option>M</option>
                  </bookingClassDetails>
                </cabinSegment>
              </cabinGroup>
              <baggageAllowance>
                <baggageDetails>
                  <freeAllowance>2</freeAllowance>
                  <quantityCode>N</quantityCode>
                </baggageDetails>
              </baggageAllowance>
              <ptcSegment>
                <quantityDetails>
                  <numberOfUnit>1</numberOfUnit>
                  <unitQualifier>ADT</unitQualifier>
                </quantityDetails>
              </ptcSegment>
            </segmentLevelGroup>
            <segmentLevelGroup>
              <segmentInformation>
                <flightDate>
                  <departureDate>200520</departureDate>
                </flightDate>
                <boardPointDetails>
                  <trueLocationId>LHR</trueLocationId>
                </boardPointDetails>
                <offpointDetails>
                  <trueLocationId>MIA</trueLocationId>
                </offpointDetails>
                <companyDetails>
                  <marketingCompany>BA</marketingCompany>
                </companyDetails>
                <flightIdentification>
                  <flightNumber>209</flightNumber>
                  <bookingClass>N</bookingClass>
                  <operationalSuffix>X</operationalSuffix>
                </flightIdentification>
                <itemNumber>2</itemNumber>
              </segmentInformation>
              <additionalInformation>
                <productDateTimeDetails>
                  <departureDate>200520</departureDate>
                  <arrivalDate>200520</arrivalDate>
                </productDateTimeDetails>
              </additionalInformation>
              <fareBasis>
                <additionalFareDetails>
                  <rateClass>NHNC00S2</rateClass>
                  <secondRateClass>N</secondRateClass>
                </additionalFareDetails>
              </fareBasis>
              <cabinGroup>
                <cabinSegment>
                  <bookingClassDetails>
                    <designator>N</designator>
                    <option>M</option>
                  </bookingClassDetails>
                </cabinSegment>
              </cabinGroup>
              <baggageAllowance>
                <baggageDetails>
                  <freeAllowance>2</freeAllowance>
                  <quantityCode>N</quantityCode>
                </baggageDetails>
              </baggageAllowance>
              <ptcSegment>
                <quantityDetails>
                  <numberOfUnit>1</numberOfUnit>
                  <unitQualifier>ADT</unitQualifier>
                </quantityDetails>
              </ptcSegment>
            </segmentLevelGroup>
            <segmentLevelGroup>
              <segmentInformation>
                <flightDate>
                  <departureDate>300620</departureDate>
                </flightDate>
                <boardPointDetails>
                  <trueLocationId>MIA</trueLocationId>
                </boardPointDetails>
                <offpointDetails>
                  <trueLocationId>LHR</trueLocationId>
                </offpointDetails>
                <companyDetails>
                  <marketingCompany>BA</marketingCompany>
                </companyDetails>
                <flightIdentification>
                  <flightNumber>1529</flightNumber>
                  <bookingClass>N</bookingClass>
                  <operationalSuffix>X</operationalSuffix>
                </flightIdentification>
                <itemNumber>3</itemNumber>
              </segmentInformation>
              <additionalInformation>
                <productDateTimeDetails>
                  <departureDate>300620</departureDate>
                  <arrivalDate>300620</arrivalDate>
                </productDateTimeDetails>
              </additionalInformation>
              <fareBasis>
                <additionalFareDetails>
                  <rateClass>NHNC00S2</rateClass>
                  <secondRateClass>N</secondRateClass>
                </additionalFareDetails>
              </fareBasis>
              <cabinGroup>
                <cabinSegment>
                  <bookingClassDetails>
                    <designator>N</designator>
                    <option>M</option>
                  </bookingClassDetails>
                </cabinSegment>
              </cabinGroup>
              <baggageAllowance>
                <baggageDetails>
                  <freeAllowance>2</freeAllowance>
                  <quantityCode>N</quantityCode>
                </baggageDetails>
              </baggageAllowance>
              <ptcSegment>
                <quantityDetails>
                  <numberOfUnit>1</numberOfUnit>
                  <unitQualifier>ADT</unitQualifier>
                </quantityDetails>
              </ptcSegment>
            </segmentLevelGroup>
            <segmentLevelGroup>
              <segmentInformation>
                <flightDate>
                  <departureDate>010720</departureDate>
                </flightDate>
                <boardPointDetails>
                  <trueLocationId>LHR</trueLocationId>
                </boardPointDetails>
                <offpointDetails>
                  <trueLocationId>DEL</trueLocationId>
                </offpointDetails>
                <companyDetails>
                  <marketingCompany>BA</marketingCompany>
                </companyDetails>
                <flightIdentification>
                  <flightNumber>143</flightNumber>
                  <bookingClass>N</bookingClass>
                  <operationalSuffix>X</operationalSuffix>
                </flightIdentification>
                <itemNumber>4</itemNumber>
              </segmentInformation>
              <additionalInformation>
                <productDateTimeDetails>
                  <departureDate>010720</departureDate>
                  <arrivalDate>010720</arrivalDate>
                </productDateTimeDetails>
              </additionalInformation>
              <fareBasis>
                <additionalFareDetails>
                  <rateClass>NHNC00S2</rateClass>
                  <secondRateClass>N</secondRateClass>
                </additionalFareDetails>
              </fareBasis>
              <cabinGroup>
                <cabinSegment>
                  <bookingClassDetails>
                    <designator>N</designator>
                    <option>M</option>
                  </bookingClassDetails>
                </cabinSegment>
              </cabinGroup>
              <baggageAllowance>
                <baggageDetails>
                  <freeAllowance>2</freeAllowance>
                  <quantityCode>N</quantityCode>
                </baggageDetails>
              </baggageAllowance>
              <ptcSegment>
                <quantityDetails>
                  <numberOfUnit>1</numberOfUnit>
                  <unitQualifier>ADT</unitQualifier>
                </quantityDetails>
              </ptcSegment>
            </segmentLevelGroup>
            <fareComponentDetailsGroup>
              <fareComponentID>
                <itemNumberDetails>
                  <number>1</number>
                  <type>FC</type>
                </itemNumberDetails>
              </fareComponentID>
              <marketFareComponent>
                <boardPointDetails>
                  <trueLocationId>DEL</trueLocationId>
                </boardPointDetails>
                <offpointDetails>
                  <trueLocationId>MIA</trueLocationId>
                </offpointDetails>
              </marketFareComponent>
              <monetaryInformation>
                <monetaryDetails>
                  <typeQualifier>TFC</typeQualifier>
                  <amount>389.42</amount>
                  <currency>NUC</currency>
                </monetaryDetails>
              </monetaryInformation>
              <componentClassInfo>
                <fareBasisDetails>
                  <rateTariffClass>NHNC00S2</rateTariffClass>
                </fareBasisDetails>
              </componentClassInfo>
              <fareQualifiersDetail>
                <discountDetails>
                  <fareQualifier>763</fareQualifier>
                </discountDetails>
              </fareQualifiersDetail>
              <couponDetailsGroup>
                <productId>
                  <referenceDetails>
                    <type>ST</type>
                    <value>1</value>
                  </referenceDetails>
                </productId>
              </couponDetailsGroup>
              <couponDetailsGroup>
                <productId>
                  <referenceDetails>
                    <type>ST</type>
                    <value>2</value>
                  </referenceDetails>
                </productId>
              </couponDetailsGroup>
            </fareComponentDetailsGroup>
            <fareComponentDetailsGroup>
              <fareComponentID>
                <itemNumberDetails>
                  <number>2</number>
                  <type>FC</type>
                </itemNumberDetails>
              </fareComponentID>
              <marketFareComponent>
                <boardPointDetails>
                  <trueLocationId>MIA</trueLocationId>
                </boardPointDetails>
                <offpointDetails>
                  <trueLocationId>DEL</trueLocationId>
                </offpointDetails>
              </marketFareComponent>
              <monetaryInformation>
                <monetaryDetails>
                  <typeQualifier>TFC</typeQualifier>
                  <amount>389.42</amount>
                  <currency>NUC</currency>
                </monetaryDetails>
              </monetaryInformation>
              <componentClassInfo>
                <fareBasisDetails>
                  <rateTariffClass>NHNC00S2</rateTariffClass>
                </fareBasisDetails>
              </componentClassInfo>
              <fareQualifiersDetail>
                <discountDetails>
                  <fareQualifier>763</fareQualifier>
                </discountDetails>
              </fareQualifiersDetail>
              <couponDetailsGroup>
                <productId>
                  <referenceDetails>
                    <type>ST</type>
                    <value>3</value>
                  </referenceDetails>
                </productId>
              </couponDetailsGroup>
              <couponDetailsGroup>
                <productId>
                  <referenceDetails>
                    <type>ST</type>
                    <value>4</value>
                  </referenceDetails>
                </productId>
              </couponDetailsGroup>
            </fareComponentDetailsGroup>
          </fareInfoGroup>
        </pricingGroupLevelGroup>
      </mainGroup>
    </Fare_InformativePricingWithoutPNRReply>
  </soapenv:Body>
</soapenv:Envelope>
