{"organizationId":"1","searchID":"2ac7a2c46a5247f663d200415101147","flightRefNumber":"380fa9a25458dd476d76876e682f4692_1","pax":{"adult":[{"firstName":"surya","surname":"dev","dob":"20-10-1990","gender":"M"}],"child":null,"infant":null},"sessionType":{"sessionId":"00QZQDFYL5","sequenceNumber":"2","securityToken":"JH5RJ86NDJDH3UNXXTNIW18KK","transactionStatusCode":null},"paymentInfo":{"type":"CC","vendorCode":"VI","cardNumber":null,"securityId":null,"expiryDate":null},"contactInfo":{"email":null,"phone":null},"PNR":{"0":"P6EZZQ"},"flightBookingDetail":{"searchID":"2ac7a2c46a5247f663d200415101147","flightRefNumber":"380fa9a25458dd476d76876e682f4692_1","Currency":"USD","departureFlights":{"totalFlightDuration":"1920","flightDetails":[{"flightInformation":{"productDateTime":{"dateOfDeparture":"140820","timeOfDeparture":"0205","dateOfArrival":"140820","timeOfArrival":"0705"},"location":[{"locationId":"DEL","terminal":"3"},{"locationId":"LHR","terminal":"3"}],"companyId":{"marketingCarrier":"VS","operatingCarrier":"VS"},"flightOrtrainNumber":"303","productDetail":{"equipmentType":"789"},"addProductDetail":{"electronicTicketing":"Y","productDetailQualifier":"AIP"}},"fareBasis":"OJSP0ABN","fareType":"RP","cabinProduct":{"rbd":"T","cabin":"M","avlStatus":"9"},"bookingClassDetails":{"designator":"M"}},{"flightInformation":{"productDateTime":{"dateOfDeparture":"140820","timeOfDeparture":"0905","dateOfArrival":"140820","timeOfArrival":"1155"},"location":[{"locationId":"LHR","terminal":"3"},{"locationId":"JFK","terminal":"4"}],"companyId":{"marketingCarrier":"VS","operatingCarrier":"VS"},"flightOrtrainNumber":"3","productDetail":{"equipmentType":"333"},"addProductDetail":{"electronicTicketing":"Y","productDetailQualifier":"AIP"}},"fareBasis":"OJSP0ABN","fareType":"RP","cabinProduct":{"rbd":"T","cabin":"M","avlStatus":"9"},"bookingClassDetails":{"designator":"M"}}]},"returnFlights":{"totalFlightDuration":"1659","flightDetails":[{"flightInformation":{"productDateTime":{"dateOfDeparture":"220920","timeOfDeparture":"2001","dateOfArrival":"230920","timeOfArrival":"0800","dateVariation":"1"},"location":[{"locationId":"JFK","terminal":"4"},{"locationId":"LHR","terminal":"3"}],"companyId":{"marketingCarrier":"VS","operatingCarrier":"VS"},"flightOrtrainNumber":"138","productDetail":{"equipmentType":"789"},"addProductDetail":{"electronicTicketing":"Y","productDetailQualifier":"AIP"}},"fareBasis":"OJSP0ABN","fareType":"RP","cabinProduct":{"rbd":"T","cabin":"M","avlStatus":"9"},"bookingClassDetails":{"designator":"M"}},{"flightInformation":{"productDateTime":{"dateOfDeparture":"230920","timeOfDeparture":"0925","dateOfArrival":"230920","timeOfArrival":"2230"},"location":[{"locationId":"LHR","terminal":"3"},{"locationId":"DEL","terminal":"3"}],"companyId":{"marketingCarrier":"VS","operatingCarrier":"VS"},"flightOrtrainNumber":"302","productDetail":{"equipmentType":"789"},"addProductDetail":{"electronicTicketing":"Y","productDetailQualifier":"AIP"}},"fareBasis":"OJSP0ABN","fareType":"RP","cabinProduct":{"rbd":"T","cabin":"M","avlStatus":"9"},"bookingClassDetails":{"designator":"M"}}]},"paxFareProduct":{"adults":{"traveller":"1","baseFarePerAdult":"205","taxPerAdult":"534.62"},"totalbaseFare":"205","totaltax":"534.62","totalFare":"739.62"}},"status":"Success"}