{"bookingResponse":{"organizationId":"1","searchID":"2c2fded807ce1808fcd200418090124","flightRefNumber":"1bbab689bd1835adbdc4551280319bf8_1","pax":{"adult":[{"firstName":"surya","surname":"Kunwar","dob":"17-11-1985","gender":"M"}],"child":null,"infant":null},"sessionType":{"sessionId":"01BMJ2ZDRH","sequenceNumber":"2","securityToken":"3KO6AJ7M09A1U2O7JHDACGYFYP","transactionStatusCode":null},"paymentInfo":{"type":"CC","vendorCode":"VI","cardNumber":null,"securityId":null,"expiryDate":null},"contactInfo":{"email":null,"phone":null},"PNR":{"0":"PN62YX"}},"flight":{"searchID":"2c2fded807ce1808fcd200418090124","flightRefNumber":"1bbab689bd1835adbdc4551280319bf8_1","Currency":"USD","departureFlights":{"totalFlightDuration":"0543","flightDetails":[{"flightInformation":{"productDateTime":{"dateOfDeparture":"130820","timeOfDeparture":"0630","dateOfArrival":"130820","timeOfArrival":"0824"},"location":[{"locationId":"MIA"},{"locationId":"ATL","terminal":"S"}],"companyId":{"marketingCarrier":"DL","operatingCarrier":"DL"},"flightOrtrainNumber":"940","productDetail":{"equipmentType":"321"},"addProductDetail":{"electronicTicketing":"Y","productDetailQualifier":"LCA"}},"fareBasis":"VAVNA0BQ","fareType":"RP","cabinProduct":{"rbd":"E","cabin":"M","avlStatus":"9"},"bookingClassDetails":{"designator":"M"}},{"flightInformation":{"productDateTime":{"dateOfDeparture":"130820","timeOfDeparture":"0955","dateOfArrival":"130820","timeOfArrival":"1213"},"location":[{"locationId":"ATL","terminal":"S"},{"locationId":"JFK","terminal":"4"}],"companyId":{"marketingCarrier":"DL","operatingCarrier":"DL"},"flightOrtrainNumber":"843","productDetail":{"equipmentType":"739"},"addProductDetail":{"electronicTicketing":"Y","productDetailQualifier":"LCA"}},"fareBasis":"VAVNA0BQ","fareType":"RP","cabinProduct":{"rbd":"E","cabin":"M","avlStatus":"9"},"bookingClassDetails":{"designator":"M"}}]},"returnFlights":{"totalFlightDuration":"0308","flightDetails":{"flightInformation":{"productDateTime":{"dateOfDeparture":"290920","timeOfDeparture":"0805","dateOfArrival":"290920","timeOfArrival":"1113"},"location":[{"locationId":"JFK","terminal":"4"},{"locationId":"MIA"}],"companyId":{"marketingCarrier":"DL","operatingCarrier":"DL"},"flightOrtrainNumber":"2190","productDetail":{"equipmentType":"321"},"addProductDetail":{"electronicTicketing":"Y","productDetailQualifier":"IAC"}},"fareBasis":"VAVNA0BQ","fareType":"RP","cabinProduct":{"rbd":"E","cabin":"M","avlStatus":"9"},"bookingClassDetails":{"designator":"M"}}},"paxFareProduct":{"adults":{"traveller":"1","baseFarePerAdult":"156","taxPerAdult":"24.70"},"totalbaseFare":"156","totaltax":"24.70","totalFare":"180.70"}},"searchRequest":{"limit":"20","tripType":"roundtrip","origin":"MIA","destination":"JFK","departureDate":"13-08-2020","returnDate":"29-09-2020","classType":"Y","adults":"1","childs":"0","infants":"0","includeAirlines":null,"organizationid":"1"},"status":"Success"}