{"organizationId":"1","searchID":"5c4aedd0df692508ffd200415092408","flightRefNumber":"cd6b82a1ec4c59c8cd78df3842120cdf_2","pax":{"adult":[{"firstName":"shuyam","surname":"data","dob":"17-10-1986","gender":"M"}],"child":[{"firstName":"sonal","surname":"kumar","dob":"03-02-2015","gender":"F"}],"infant":null},"sessionType":{"sessionId":"01BAOWB5DP","sequenceNumber":"2","securityToken":"3MGZDF5BA1A0Z25XZB05JYYYQ5","transactionStatusCode":null},"paymentInfo":{"type":"CC","vendorCode":"VI","cardNumber":null,"securityId":null,"expiryDate":null},"contactInfo":{"email":null,"phone":null},"PNR":{"0":"P69T63"},"flightBookingDetail":{"searchID":"5c4aedd0df692508ffd200415092408","flightRefNumber":"cd6b82a1ec4c59c8cd78df3842120cdf_2","Currency":"USD","departureFlights":{"totalFlightDuration":"0802","flightDetails":[{"flightInformation":{"productDateTime":{"dateOfDeparture":"200520","timeOfDeparture":"0755","dateOfArrival":"200520","timeOfArrival":"1043"},"location":[{"locationId":"MIA"},{"locationId":"MSP","terminal":"1"}],"companyId":{"marketingCarrier":"DL","operatingCarrier":"DL"},"flightOrtrainNumber":"3035","productDetail":{"equipmentType":"319"},"addProductDetail":{"electronicTicketing":"Y","productDetailQualifier":"AIP"}},"fareBasis":"VEVNA0BQ","fareType":"RP","cabinProduct":{"rbd":"E","cabin":"M","avlStatus":"9"},"bookingClassDetails":{"designator":"M"}},{"flightInformation":{"productDateTime":{"dateOfDeparture":"200520","timeOfDeparture":"1115","dateOfArrival":"200520","timeOfArrival":"1257"},"location":[{"locationId":"MSP","terminal":"1"},{"locationId":"SEA"}],"companyId":{"marketingCarrier":"DL","operatingCarrier":"DL"},"flightOrtrainNumber":"1670","productDetail":{"equipmentType":"752"},"addProductDetail":{"electronicTicketing":"Y","productDetailQualifier":"AIP"}},"fareBasis":"VEVNA0BQ","fareType":"RP","cabinProduct":{"rbd":"E","cabin":"M","avlStatus":"9"},"bookingClassDetails":{"designator":"M"}}]},"returnFlights":{"totalFlightDuration":"0731","flightDetails":[{"flightInformation":{"productDateTime":{"dateOfDeparture":"230620","timeOfDeparture":"0730","dateOfArrival":"230620","timeOfArrival":"1525"},"location":[{"locationId":"SEA"},{"locationId":"ATL","terminal":"S"}],"companyId":{"marketingCarrier":"DL","operatingCarrier":"DL"},"flightOrtrainNumber":"1870","productDetail":{"equipmentType":"752"},"addProductDetail":{"electronicTicketing":"Y","productDetailQualifier":"NDR"}},"fareBasis":"VEVNA0BQ","fareType":"RP","cabinProduct":{"rbd":"E","cabin":"M","avlStatus":"9"},"bookingClassDetails":{"designator":"M"}},{"flightInformation":{"productDateTime":{"dateOfDeparture":"230620","timeOfDeparture":"1601","dateOfArrival":"230620","timeOfArrival":"1801"},"location":[{"locationId":"ATL","terminal":"S"},{"locationId":"MIA"}],"companyId":{"marketingCarrier":"DL","operatingCarrier":"DL"},"flightOrtrainNumber":"2025","productDetail":{"equipmentType":"321"},"addProductDetail":{"electronicTicketing":"Y","productDetailQualifier":"AIP"}},"fareBasis":"VEVNA0BQ","fareType":"RP","cabinProduct":{"rbd":"E","cabin":"M","avlStatus":"9"},"bookingClassDetails":{"designator":"M"}}]},"paxFareProduct":{"adults":{"traveller":"1","baseFarePerAdult":"328","taxPerAdult":"29.20"},"childs":{"traveller":"1","baseFarePerChild":"328","taxPerChild":"29.20"},"totalbaseFare":"656","totaltax":"58.40","totalFare":"714.40"}},"status":"Success"}