{"booking_response":{"organizationId":"1","searchID":"60eb349df6f15d4176d200418061628","flightRefNumber":"37fd924a556c0eb8f94ca311c725075e_1","pax":{"adult":[{"firstName":"Rakesh","surname":"devi","dob":"03-04-1999","gender":"M"}],"child":null,"infant":null},"sessionType":{"sessionId":"00R466XPVA","sequenceNumber":"2","securityToken":"ILFPKS0R13K9LPNV57VD409K","transactionStatusCode":null},"paymentInfo":{"type":"CC","vendorCode":"VI","cardNumber":null,"securityId":null,"expiryDate":null},"contactInfo":{"email":null,"phone":null},"PNR":{"0":"PMHFRK"}},"flight":{"searchID":"60eb349df6f15d4176d200418061628","flightRefNumber":"37fd924a556c0eb8f94ca311c725075e_1","Currency":"USD","departureFlights":{"totalFlightDuration":"2340","flightDetails":[{"flightInformation":{"productDateTime":{"dateOfDeparture":"130820","timeOfDeparture":"0205","dateOfArrival":"130820","timeOfArrival":"0705"},"location":[{"locationId":"DEL","terminal":"3"},{"locationId":"LHR","terminal":"3"}],"companyId":{"marketingCarrier":"VS","operatingCarrier":"VS"},"flightOrtrainNumber":"303","productDetail":{"equipmentType":"789"},"addProductDetail":{"electronicTicketing":"Y","productDetailQualifier":"AIP"}},"fareBasis":"OJSP0ABN","fareType":"RP","cabinProduct":{"rbd":"T","cabin":"M","avlStatus":"9"},"bookingClassDetails":{"designator":"M"}},{"flightInformation":{"productDateTime":{"dateOfDeparture":"130820","timeOfDeparture":"1330","dateOfArrival":"130820","timeOfArrival":"1615"},"location":[{"locationId":"LGW","terminal":"N"},{"locationId":"JFK","terminal":"4"}],"companyId":{"marketingCarrier":"VS","operatingCarrier":"VS"},"flightOrtrainNumber":"193","productDetail":{"equipmentType":"332"},"addProductDetail":{"electronicTicketing":"Y","productDetailQualifier":"AIP"}},"fareBasis":"OJSP0ABN","fareType":"RP","cabinProduct":{"rbd":"T","cabin":"M","avlStatus":"9"},"bookingClassDetails":{"designator":"M"}}]},"returnFlights":{"totalFlightDuration":"1659","flightDetails":[{"flightInformation":{"productDateTime":{"dateOfDeparture":"290920","timeOfDeparture":"2001","dateOfArrival":"300920","timeOfArrival":"0800","dateVariation":"1"},"location":[{"locationId":"JFK","terminal":"4"},{"locationId":"LHR","terminal":"3"}],"companyId":{"marketingCarrier":"VS","operatingCarrier":"VS"},"flightOrtrainNumber":"138","productDetail":{"equipmentType":"789"},"addProductDetail":{"electronicTicketing":"Y","productDetailQualifier":"AIP"}},"fareBasis":"OJSP0ABN","fareType":"RP","cabinProduct":{"rbd":"T","cabin":"M","avlStatus":"9"},"bookingClassDetails":{"designator":"M"}},{"flightInformation":{"productDateTime":{"dateOfDeparture":"300920","timeOfDeparture":"0925","dateOfArrival":"300920","timeOfArrival":"2230"},"location":[{"locationId":"LHR","terminal":"3"},{"locationId":"DEL","terminal":"3"}],"companyId":{"marketingCarrier":"VS","operatingCarrier":"VS"},"flightOrtrainNumber":"302","productDetail":{"equipmentType":"789"},"addProductDetail":{"electronicTicketing":"Y","productDetailQualifier":"AIP"}},"fareBasis":"OJSP0ABN","fareType":"RP","cabinProduct":{"rbd":"T","cabin":"M","avlStatus":"9"},"bookingClassDetails":{"designator":"M"}}]},"paxFareProduct":{"adults":{"traveller":"1","baseFarePerAdult":"205","taxPerAdult":"500.61"},"totalbaseFare":"205","totaltax":"500.61","totalFare":"705.61"}},"searchRequest":{"limit":"20","tripType":"roundtrip","origin":"DEL","destination":"JFK","departureDate":"13-08-2020","returnDate":"29-09-2020","classType":"Y","adults":"1","childs":"0","infants":"0","includeAirlines":null,"organizationid":"1"},"status":"Success"}