{"bookingResponse":{"organizationId":"1","searchID":"aa475fe11b92bfc841d200418075925","flightRefNumber":"59aea15ae7c7edf261c9fea1dbbf50d6_1","pax":{"adult":[{"firstName":"sssss","surname":"Kunwar","dob":"19-11-1986","gender":"M"}],"child":null,"infant":null},"sessionType":{"sessionId":"00R8495YKX","sequenceNumber":"2","securityToken":"1J06AGCGBIUN9TV68SP42CUG2","transactionStatusCode":null},"paymentInfo":{"type":"CC","vendorCode":"VI","cardNumber":null,"securityId":null,"expiryDate":null},"contactInfo":{"email":null,"phone":null},"PNR":{"0":"PMW7CL"}},"flight":{"searchID":"aa475fe11b92bfc841d200418075925","flightRefNumber":"59aea15ae7c7edf261c9fea1dbbf50d6_1","Currency":"USD","departureFlights":{"totalFlightDuration":"0810","flightDetails":[{"flightInformation":{"productDateTime":{"dateOfDeparture":"210820","timeOfDeparture":"1229","dateOfArrival":"210820","timeOfArrival":"1437"},"location":[{"locationId":"JFK","terminal":"4"},{"locationId":"DTW","terminal":"EM"}],"companyId":{"marketingCarrier":"DL"},"flightOrtrainNumber":"4758","productDetail":{"equipmentType":"CR9"},"addProductDetail":{"electronicTicketing":"Y","productDetailQualifier":"AIP"}},"fareBasis":"VAVNA0BQ","fareType":"RP","cabinProduct":{"rbd":"E","cabin":"M","avlStatus":"9"},"bookingClassDetails":{"designator":"M"}},{"flightInformation":{"productDateTime":{"dateOfDeparture":"210820","timeOfDeparture":"1740","dateOfArrival":"210820","timeOfArrival":"2039"},"location":[{"locationId":"DTW","terminal":"EM"},{"locationId":"MIA"}],"companyId":{"marketingCarrier":"DL","operatingCarrier":"DL"},"flightOrtrainNumber":"3025","productDetail":{"equipmentType":"319"},"addProductDetail":{"electronicTicketing":"Y","productDetailQualifier":"AIP"}},"fareBasis":"VAVNA0BQ","fareType":"RP","cabinProduct":{"rbd":"E","cabin":"M","avlStatus":"9"},"bookingClassDetails":{"designator":"M"}}]},"returnFlights":{"totalFlightDuration":"0258","flightDetails":{"flightInformation":{"productDateTime":{"dateOfDeparture":"290920","timeOfDeparture":"0830","dateOfArrival":"290920","timeOfArrival":"1128"},"location":[{"locationId":"MIA"},{"locationId":"JFK","terminal":"4"}],"companyId":{"marketingCarrier":"DL","operatingCarrier":"DL"},"flightOrtrainNumber":"2732","productDetail":{"equipmentType":"321"},"addProductDetail":{"electronicTicketing":"Y","productDetailQualifier":"IAC"}},"fareBasis":"VAVNA0BQ","fareType":"RP","cabinProduct":{"rbd":"E","cabin":"M","avlStatus":"9"},"bookingClassDetails":{"designator":"M"}}},"paxFareProduct":{"adults":{"traveller":"1","baseFarePerAdult":"156","taxPerAdult":"24.70"},"totalbaseFare":"156","totaltax":"24.70","totalFare":"180.70"}},"searchRequest":{"limit":"20","tripType":"roundtrip","origin":"JFK","destination":"MIA","departureDate":"21-08-2020","returnDate":"29-09-2020","classType":"Y","adults":"1","childs":"0","infants":"0","includeAirlines":null,"organizationid":"1"},"status":"Success"}