{"organizationId":"1","searchID":"c8fcc19de09748572dd200418044001","flightRefNumber":"741e33746d81ba2cf352ebbe09274c34_4","pax":{"adult":[{"firstName":"Raushan","surname":"kunwar","dob":"18-02-1987","gender":"M"},{"firstName":"Sonal","surname":"kumari","dob":"02-02-1985","gender":"F"}],"child":[{"firstName":"srya","surname":"devi","dob":"18-06-2012","gender":"M"},{"firstName":"sanjana","surname":"sre","dob":"16-10-2013","gender":"F"}],"infant":null},"sessionType":{"sessionId":"01BH3QWW9A","sequenceNumber":"2","securityToken":"84E1YGEC271YY9ORM01D96PR","transactionStatusCode":null},"paymentInfo":{"type":"CC","vendorCode":"CA","cardNumber":"444444444444","securityId":"931","expiryDate":"0522"},"contactInfo":{"email":"raushansoft2008@gmail.com","phone":"8130473760"},"PNR":{"0":"PM5PF6"},"flightBookingDetail":{"searchID":"c8fcc19de09748572dd200418044001","flightRefNumber":"741e33746d81ba2cf352ebbe09274c34_4","Currency":"USD","departureFlights":{"totalFlightDuration":"2140","flightDetails":[{"flightInformation":{"productDateTime":{"dateOfDeparture":"210520","timeOfDeparture":"0045","dateOfArrival":"210520","timeOfArrival":"0600"},"location":[{"locationId":"DEL","terminal":"3"},{"locationId":"KBP","terminal":"D"}],"companyId":{"marketingCarrier":"PS","operatingCarrier":"PS"},"flightOrtrainNumber":"392","productDetail":{"equipmentType":"767"},"addProductDetail":{"electronicTicketing":"Y","productDetailQualifier":"AIP"}},"fareBasis":"XO02EEF5","fareType":"RP","cabinProduct":{"rbd":"X","cabin":"M","avlStatus":"9"},"bookingClassDetails":{"designator":"M"}},{"flightInformation":{"productDateTime":{"dateOfDeparture":"210520","timeOfDeparture":"1000","dateOfArrival":"210520","timeOfArrival":"1255"},"location":[{"locationId":"KBP","terminal":"D"},{"locationId":"JFK","terminal":"7"}],"companyId":{"marketingCarrier":"PS","operatingCarrier":"PS"},"flightOrtrainNumber":"231","productDetail":{"equipmentType":"777"},"addProductDetail":{"electronicTicketing":"Y","productDetailQualifier":"AIP"}},"fareBasis":"XO02EEF5","fareType":"RP","cabinProduct":{"rbd":"X","cabin":"M","avlStatus":"9"},"bookingClassDetails":{"designator":"M"}}]},"returnFlights":{"totalFlightDuration":"2020","flightDetails":[{"flightInformation":{"productDateTime":{"dateOfDeparture":"250620","timeOfDeparture":"0030","dateOfArrival":"250620","timeOfArrival":"1625"},"location":[{"locationId":"JFK","terminal":"7"},{"locationId":"KBP","terminal":"D"}],"companyId":{"marketingCarrier":"PS","operatingCarrier":"PS"},"flightOrtrainNumber":"232","productDetail":{"equipmentType":"777"},"addProductDetail":{"electronicTicketing":"Y","productDetailQualifier":"AIP"}},"fareBasis":"NO02EEF5","fareType":"RP","cabinProduct":{"rbd":"N","cabin":"M","avlStatus":"9"},"bookingClassDetails":{"designator":"M"}},{"flightInformation":{"productDateTime":{"dateOfDeparture":"250620","timeOfDeparture":"2110","dateOfArrival":"260620","timeOfArrival":"0620","dateVariation":"1"},"location":[{"locationId":"KBP","terminal":"D"},{"locationId":"DEL","terminal":"3"}],"companyId":{"marketingCarrier":"PS","operatingCarrier":"PS"},"flightOrtrainNumber":"391","productDetail":{"equipmentType":"767"},"addProductDetail":{"electronicTicketing":"Y","productDetailQualifier":"AIP"}},"fareBasis":"NO02EEF5","fareType":"RP","cabinProduct":{"rbd":"N","cabin":"M","avlStatus":"9"},"bookingClassDetails":{"designator":"M"}}]},"paxFareProduct":{"adults":{"traveller":"2","baseFarePerAdult":"372","taxPerAdult":"440.07"},"childs":{"traveller":"2","baseFarePerChild":"279","taxPerChild":"435.42"},"totalbaseFare":"1302","totaltax":"1750.98","totalFare":"3052.98"}},"searchRequest":"{\"limit\":\"20\",\"tripType\":\"roundtrip\",\"origin\":\"DEL\",\"destination\":\"JFK\",\"departureDate\":\"21-05-2020\",\"returnDate\":\"25-06-2020\",\"classType\":\"Y\",\"adults\":\"2\",\"childs\":\"2\",\"infants\":\"0\",\"includeAirlines\":null,\"organizationid\":\"1\"}","status":"Success"}