{"bookingResponse":{"organizationId":"1","searchID":"d049ebc3c009105dfad200418074617","flightRefNumber":"2b7c3e1d4f0ca3dbdd9dd8752007135b_2","pax":{"adult":[{"firstName":"sssss","surname":"Kunwar","dob":"18-11-1988","gender":"M"}],"child":null,"infant":null},"sessionType":{"sessionId":"00R7MHVXHC","sequenceNumber":"2","securityToken":"1J44LNIF3WMGU387FQDOB7C5UZ","transactionStatusCode":null},"paymentInfo":{"type":"CC","vendorCode":"VI","cardNumber":null,"securityId":null,"expiryDate":null},"contactInfo":{"email":null,"phone":null},"PNR":{"0":"PMUHTJ"}},"flight":{"searchID":"d049ebc3c009105dfad200418074617","flightRefNumber":"2b7c3e1d4f0ca3dbdd9dd8752007135b_2","Currency":"USD","departureFlights":{"totalFlightDuration":"1920","flightDetails":[{"flightInformation":{"productDateTime":{"dateOfDeparture":"130820","timeOfDeparture":"0205","dateOfArrival":"130820","timeOfArrival":"0705"},"location":[{"locationId":"DEL","terminal":"3"},{"locationId":"LHR","terminal":"3"}],"companyId":{"marketingCarrier":"VS","operatingCarrier":"VS"},"flightOrtrainNumber":"303","productDetail":{"equipmentType":"789"},"addProductDetail":{"electronicTicketing":"Y","productDetailQualifier":"AIP"}},"fareBasis":"OJSP0ABN","fareType":"RP","cabinProduct":{"rbd":"T","cabin":"M","avlStatus":"9"},"bookingClassDetails":{"designator":"M"}},{"flightInformation":{"productDateTime":{"dateOfDeparture":"130820","timeOfDeparture":"0905","dateOfArrival":"130820","timeOfArrival":"1155"},"location":[{"locationId":"LHR","terminal":"3"},{"locationId":"JFK","terminal":"4"}],"companyId":{"marketingCarrier":"VS","operatingCarrier":"VS"},"flightOrtrainNumber":"3","productDetail":{"equipmentType":"333"},"addProductDetail":{"electronicTicketing":"Y","productDetailQualifier":"AIP"}},"fareBasis":"OJSP0ABN","fareType":"RP","cabinProduct":{"rbd":"T","cabin":"M","avlStatus":"9"},"bookingClassDetails":{"designator":"M"}}]},"returnFlights":{"totalFlightDuration":"1659","flightDetails":[{"flightInformation":{"productDateTime":{"dateOfDeparture":"290920","timeOfDeparture":"2001","dateOfArrival":"300920","timeOfArrival":"0800","dateVariation":"1"},"location":[{"locationId":"JFK","terminal":"4"},{"locationId":"LHR","terminal":"3"}],"companyId":{"marketingCarrier":"VS","operatingCarrier":"VS"},"flightOrtrainNumber":"138","productDetail":{"equipmentType":"789"},"addProductDetail":{"electronicTicketing":"Y","productDetailQualifier":"AIP"}},"fareBasis":"OJSP0ABN","fareType":"RP","cabinProduct":{"rbd":"T","cabin":"M","avlStatus":"9"},"bookingClassDetails":{"designator":"M"}},{"flightInformation":{"productDateTime":{"dateOfDeparture":"300920","timeOfDeparture":"0925","dateOfArrival":"300920","timeOfArrival":"2230"},"location":[{"locationId":"LHR","terminal":"3"},{"locationId":"DEL","terminal":"3"}],"companyId":{"marketingCarrier":"VS","operatingCarrier":"VS"},"flightOrtrainNumber":"302","productDetail":{"equipmentType":"789"},"addProductDetail":{"electronicTicketing":"Y","productDetailQualifier":"AIP"}},"fareBasis":"OJSP0ABN","fareType":"RP","cabinProduct":{"rbd":"T","cabin":"M","avlStatus":"9"},"bookingClassDetails":{"designator":"M"}}]},"paxFareProduct":{"adults":{"traveller":"1","baseFarePerAdult":"205","taxPerAdult":"534.62"},"totalbaseFare":"205","totaltax":"534.62","totalFare":"739.62"}},"searchRequest":{"limit":"20","tripType":"roundtrip","origin":"DEL","destination":"JFK","departureDate":"13-08-2020","returnDate":"29-09-2020","classType":"Y","adults":"1","childs":"0","infants":"0","includeAirlines":null,"organizationid":"1"},"status":"Success"}