{"booking_response":{"organizationId":"1","searchID":"fcfbbe1fde6a617f85d200418062124","flightRefNumber":"e72dc2ead57ba1b09e1fa399dc16fe3a_12","pax":{"adult":[{"firstName":"sssss","surname":"Kunwar","dob":"18-11-1985","gender":"M"}],"child":null,"infant":null},"sessionType":{"sessionId":"00R6MZBSLZ","sequenceNumber":"2","securityToken":"2J7C8BH3R7URK3PSO41EMMSGFZ","transactionStatusCode":null},"paymentInfo":{"type":"CC","vendorCode":"VI","cardNumber":null,"securityId":null,"expiryDate":null},"contactInfo":{"email":null,"phone":null},"PNR":{"0":"PMICD9"}},"flight":{"searchID":"fcfbbe1fde6a617f85d200418062124","flightRefNumber":"e72dc2ead57ba1b09e1fa399dc16fe3a_12","Currency":"USD","departureFlights":{"totalFlightDuration":"2545","flightDetails":[{"flightInformation":{"productDateTime":{"dateOfDeparture":"200520","timeOfDeparture":"0150","dateOfArrival":"200520","timeOfArrival":"0645"},"location":[{"locationId":"DEL","terminal":"3"},{"locationId":"LHR","terminal":"5"}],"companyId":{"marketingCarrier":"BA","operatingCarrier":"BA"},"flightOrtrainNumber":"142","productDetail":{"equipmentType":"744"},"addProductDetail":{"electronicTicketing":"Y","productDetailQualifier":"AIP"}},"fareBasis":"NHNC00S2","fareType":"RP","cabinProduct":{"rbd":"N","cabin":"M","avlStatus":"9"},"bookingClassDetails":{"designator":"M"}},{"flightInformation":{"productDateTime":{"dateOfDeparture":"200520","timeOfDeparture":"1340","dateOfArrival":"200520","timeOfArrival":"1805"},"location":[{"locationId":"LHR","terminal":"3"},{"locationId":"MIA"}],"companyId":{"marketingCarrier":"BA","operatingCarrier":"BA"},"flightOrtrainNumber":"209","productDetail":{"equipmentType":"744"},"addProductDetail":{"electronicTicketing":"Y","productDetailQualifier":"AIP"}},"fareBasis":"NHNC00S2","fareType":"RP","cabinProduct":{"rbd":"N","cabin":"M","avlStatus":"9"},"bookingClassDetails":{"designator":"M"}}]},"returnFlights":{"totalFlightDuration":"1925","flightDetails":[{"flightInformation":{"productDateTime":{"dateOfDeparture":"300620","timeOfDeparture":"1835","dateOfArrival":"010720","timeOfArrival":"0810","dateVariation":"1"},"location":[{"locationId":"MIA"},{"locationId":"LHR","terminal":"3"}],"companyId":{"marketingCarrier":"BA","operatingCarrier":"AA"},"flightOrtrainNumber":"1529","productDetail":{"equipmentType":"77W"},"addProductDetail":{"electronicTicketing":"Y","productDetailQualifier":"AIP"}},"fareBasis":"NHNC00S2","fareType":"RP","cabinProduct":{"rbd":"N","cabin":"M","avlStatus":"7"},"bookingClassDetails":{"designator":"M"}},{"flightInformation":{"productDateTime":{"dateOfDeparture":"010720","timeOfDeparture":"1010","dateOfArrival":"010720","timeOfArrival":"2330"},"location":[{"locationId":"LHR","terminal":"5"},{"locationId":"DEL","terminal":"3"}],"companyId":{"marketingCarrier":"BA","operatingCarrier":"BA"},"flightOrtrainNumber":"143","productDetail":{"equipmentType":"744"},"addProductDetail":{"electronicTicketing":"Y","productDetailQualifier":"AIP"}},"fareBasis":"NHNC00S2","fareType":"RP","cabinProduct":{"rbd":"N","cabin":"M","avlStatus":"9"},"bookingClassDetails":{"designator":"M"}}]},"paxFareProduct":{"adults":{"traveller":"1","baseFarePerAdult":"788","taxPerAdult":"596.20"},"totalbaseFare":"788","totaltax":"596.20","totalFare":"1384.20"}},"searchRequest":{"limit":"20","tripType":"roundtrip","origin":"DEL","destination":"MIA","departureDate":"20-05-2020","returnDate":"30-06-2020","classType":"Y","adults":"1","childs":"0","infants":"0","includeAirlines":null,"organizationid":"1"},"status":"Success"}