<?xml version="1.0" encoding="UTF-8" standalone="yes"?>
<FlightsInfo>
  <CustomResponse>
    <searchID>2158e126caed85c89ad200415082433</searchID>
    <flightRefNumber>b5dd9c31e8e847539d723d9e2ef9b00d_1</flightRefNumber>
    <Currency>USD</Currency>
    <departureFlights>
      <totalFlightDuration>0543</totalFlightDuration>
      <flightDetails>
        <flightInformation>
          <productDateTime>
            <dateOfDeparture>050820</dateOfDeparture>
            <timeOfDeparture>0630</timeOfDeparture>
            <dateOfArrival>050820</dateOfArrival>
            <timeOfArrival>0824</timeOfArrival>
          </productDateTime>
          <location>
            <locationId>MIA</locationId>
          </location>
          <location>
            <locationId>ATL</locationId>
            <terminal>S</terminal>
          </location>
          <companyId>
            <marketingCarrier>DL</marketingCarrier>
            <operatingCarrier>DL</operatingCarrier>
          </companyId>
          <flightOrtrainNumber>940</flightOrtrainNumber>
          <productDetail>
            <equipmentType>321</equipmentType>
          </productDetail>
          <addProductDetail>
            <electronicTicketing>Y</electronicTicketing>
            <productDetailQualifier>LCA</productDetailQualifier>
          </addProductDetail>
        </flightInformation>
        <fareBasis>VAVNA0BQ</fareBasis>
        <fareType>RP</fareType>
        <cabinProduct>
          <rbd>E</rbd>
          <cabin>M</cabin>
          <avlStatus>9</avlStatus>
        </cabinProduct>
        <bookingClassDetails>
          <designator>M</designator>
        </bookingClassDetails>
      </flightDetails>
      <flightDetails>
        <flightInformation>
          <productDateTime>
            <dateOfDeparture>050820</dateOfDeparture>
            <timeOfDeparture>0955</timeOfDeparture>
            <dateOfArrival>050820</dateOfArrival>
            <timeOfArrival>1213</timeOfArrival>
          </productDateTime>
          <location>
            <locationId>ATL</locationId>
            <terminal>S</terminal>
          </location>
          <location>
            <locationId>JFK</locationId>
            <terminal>4</terminal>
          </location>
          <companyId>
            <marketingCarrier>DL</marketingCarrier>
            <operatingCarrier>DL</operatingCarrier>
          </companyId>
          <flightOrtrainNumber>843</flightOrtrainNumber>
          <productDetail>
            <equipmentType>739</equipmentType>
          </productDetail>
          <addProductDetail>
            <electronicTicketing>Y</electronicTicketing>
            <productDetailQualifier>LCA</productDetailQualifier>
          </addProductDetail>
        </flightInformation>
        <fareBasis>VAVNA0BQ</fareBasis>
        <fareType>RP</fareType>
        <cabinProduct>
          <rbd>E</rbd>
          <cabin>M</cabin>
          <avlStatus>9</avlStatus>
        </cabinProduct>
        <bookingClassDetails>
          <designator>M</designator>
        </bookingClassDetails>
      </flightDetails>
    </departureFlights>
    <returnFlights>
      <totalFlightDuration>0810</totalFlightDuration>
      <flightDetails>
        <flightInformation>
          <productDateTime>
            <dateOfDeparture>210820</dateOfDeparture>
            <timeOfDeparture>1229</timeOfDeparture>
            <dateOfArrival>210820</dateOfArrival>
            <timeOfArrival>1437</timeOfArrival>
          </productDateTime>
          <location>
            <locationId>JFK</locationId>
            <terminal>4</terminal>
          </location>
          <location>
            <locationId>DTW</locationId>
            <terminal>EM</terminal>
          </location>
          <companyId>
            <marketingCarrier>DL</marketingCarrier>
          </companyId>
          <flightOrtrainNumber>4758</flightOrtrainNumber>
          <productDetail>
            <equipmentType>CR9</equipmentType>
          </productDetail>
          <addProductDetail>
            <electronicTicketing>Y</electronicTicketing>
            <productDetailQualifier>AIP</productDetailQualifier>
          </addProductDetail>
        </flightInformation>
        <fareBasis>VAVNA0BQ</fareBasis>
        <fareType>RP</fareType>
        <cabinProduct>
          <rbd>E</rbd>
          <cabin>M</cabin>
          <avlStatus>9</avlStatus>
        </cabinProduct>
        <bookingClassDetails>
          <designator>M</designator>
        </bookingClassDetails>
      </flightDetails>
      <flightDetails>
        <flightInformation>
          <productDateTime>
            <dateOfDeparture>210820</dateOfDeparture>
            <timeOfDeparture>1740</timeOfDeparture>
            <dateOfArrival>210820</dateOfArrival>
            <timeOfArrival>2039</timeOfArrival>
          </productDateTime>
          <location>
            <locationId>DTW</locationId>
            <terminal>EM</terminal>
          </location>
          <location>
            <locationId>MIA</locationId>
          </location>
          <companyId>
            <marketingCarrier>DL</marketingCarrier>
            <operatingCarrier>DL</operatingCarrier>
          </companyId>
          <flightOrtrainNumber>3025</flightOrtrainNumber>
          <productDetail>
            <equipmentType>319</equipmentType>
          </productDetail>
          <addProductDetail>
            <electronicTicketing>Y</electronicTicketing>
            <productDetailQualifier>AIP</productDetailQualifier>
          </addProductDetail>
        </flightInformation>
        <fareBasis>VAVNA0BQ</fareBasis>
        <fareType>RP</fareType>
        <cabinProduct>
          <rbd>E</rbd>
          <cabin>M</cabin>
          <avlStatus>9</avlStatus>
        </cabinProduct>
        <bookingClassDetails>
          <designator>M</designator>
        </bookingClassDetails>
      </flightDetails>
    </returnFlights>
    <paxFareProduct>
      <adults>
        <traveller>1</traveller>
        <baseFarePerAdult>156</baseFarePerAdult>
        <taxPerAdult>29.20</taxPerAdult>
      </adults>
      <childs>
        <traveller>1</traveller>
        <baseFarePerChild>156</baseFarePerChild>
        <taxPerChild>29.20</taxPerChild>
      </childs>
      <totalbaseFare>312</totalbaseFare>
      <totaltax>58.40</totaltax>
      <totalFare>370.40</totalFare>
    </paxFareProduct>
  </CustomResponse>
  <CustomResponse>
    <searchID>2158e126caed85c89ad200415082433</searchID>
    <flightRefNumber>3b4ee2d6726612e4c211b5f055be952a_2</flightRefNumber>
    <Currency>USD</Currency>
    <departureFlights>
      <totalFlightDuration>0249</totalFlightDuration>
      <flightDetails>
        <flightInformation>
          <productDateTime>
            <dateOfDeparture>050820</dateOfDeparture>
            <timeOfDeparture>1241</timeOfDeparture>
            <dateOfArrival>050820</dateOfArrival>
            <timeOfArrival>1530</timeOfArrival>
          </productDateTime>
          <location>
            <locationId>MIA</locationId>
          </location>
          <location>
            <locationId>JFK</locationId>
            <terminal>8</terminal>
          </location>
          <companyId>
            <marketingCarrier>AA</marketingCarrier>
            <operatingCarrier>AA</operatingCarrier>
          </companyId>
          <flightOrtrainNumber>309</flightOrtrainNumber>
          <productDetail>
            <equipmentType>738</equipmentType>
          </productDetail>
          <addProductDetail>
            <electronicTicketing>Y</electronicTicketing>
            <productDetailQualifier>AIP</productDetailQualifier>
          </addProductDetail>
        </flightInformation>
        <fareBasis>GVAHZNM3</fareBasis>
        <fareType>RP</fareType>
        <cabinProduct>
          <rbd>G</rbd>
          <cabin>M</cabin>
          <avlStatus>7</avlStatus>
        </cabinProduct>
        <bookingClassDetails>
          <designator>M</designator>
        </bookingClassDetails>
      </flightDetails>
    </departureFlights>
    <returnFlights>
      <totalFlightDuration>0308</totalFlightDuration>
      <flightDetails>
        <flightInformation>
          <productDateTime>
            <dateOfDeparture>210820</dateOfDeparture>
            <timeOfDeparture>0630</timeOfDeparture>
            <dateOfArrival>210820</dateOfArrival>
            <timeOfArrival>0938</timeOfArrival>
          </productDateTime>
          <location>
            <locationId>JFK</locationId>
            <terminal>8</terminal>
          </location>
          <location>
            <locationId>MIA</locationId>
          </location>
          <companyId>
            <marketingCarrier>AA</marketingCarrier>
            <operatingCarrier>AA</operatingCarrier>
          </companyId>
          <flightOrtrainNumber>2268</flightOrtrainNumber>
          <productDetail>
            <equipmentType>738</equipmentType>
          </productDetail>
          <addProductDetail>
            <electronicTicketing>Y</electronicTicketing>
            <productDetailQualifier>AIP</productDetailQualifier>
          </addProductDetail>
        </flightInformation>
        <fareBasis>GVAHZNM3</fareBasis>
        <fareType>RP</fareType>
        <cabinProduct>
          <rbd>G</rbd>
          <cabin>M</cabin>
          <avlStatus>7</avlStatus>
        </cabinProduct>
        <bookingClassDetails>
          <designator>M</designator>
        </bookingClassDetails>
      </flightDetails>
    </returnFlights>
    <paxFareProduct>
      <adults>
        <traveller>1</traveller>
        <baseFarePerAdult>186</baseFarePerAdult>
        <taxPerAdult>20.20</taxPerAdult>
      </adults>
      <childs>
        <traveller>1</traveller>
        <baseFarePerChild>186</baseFarePerChild>
        <taxPerChild>20.20</taxPerChild>
      </childs>
      <totalbaseFare>372</totalbaseFare>
      <totaltax>40.40</totaltax>
      <totalFare>412.40</totalFare>
    </paxFareProduct>
  </CustomResponse>
</FlightsInfo>
