<?xml version="1.0" encoding="UTF-8" standalone="yes"?>
<FlightsInfo>
  <CustomResponse>
    <searchID>299d68fd1cd915b434d200415080843</searchID>
    <flightRefNumber>ddc14e87325c80eefc51d44bf2773f6a_1</flightRefNumber>
    <Currency>USD</Currency>
    <departureFlights>
      <totalFlightDuration>0531</totalFlightDuration>
      <flightDetails>
        <flightInformation>
          <productDateTime>
            <dateOfDeparture>250520</dateOfDeparture>
            <timeOfDeparture>1203</timeOfDeparture>
            <dateOfArrival>250520</dateOfArrival>
            <timeOfArrival>1510</timeOfArrival>
          </productDateTime>
          <location>
            <locationId>MIA</locationId>
          </location>
          <location>
            <locationId>DTW</locationId>
            <terminal>EM</terminal>
          </location>
          <companyId>
            <marketingCarrier>DL</marketingCarrier>
            <operatingCarrier>DL</operatingCarrier>
          </companyId>
          <flightOrtrainNumber>1829</flightOrtrainNumber>
          <productDetail>
            <equipmentType>320</equipmentType>
          </productDetail>
          <addProductDetail>
            <electronicTicketing>Y</electronicTicketing>
            <productDetailQualifier>LCA</productDetailQualifier>
          </addProductDetail>
        </flightInformation>
        <fareBasis>VAVNA0BQ</fareBasis>
        <fareType>RP</fareType>
        <cabinProduct>
          <rbd>E</rbd>
          <cabin>M</cabin>
          <avlStatus>9</avlStatus>
        </cabinProduct>
        <bookingClassDetails>
          <designator>M</designator>
        </bookingClassDetails>
      </flightDetails>
      <flightDetails>
        <flightInformation>
          <productDateTime>
            <dateOfDeparture>250520</dateOfDeparture>
            <timeOfDeparture>1540</timeOfDeparture>
            <dateOfArrival>250520</dateOfArrival>
            <timeOfArrival>1734</timeOfArrival>
          </productDateTime>
          <location>
            <locationId>DTW</locationId>
            <terminal>EM</terminal>
          </location>
          <location>
            <locationId>JFK</locationId>
            <terminal>4</terminal>
          </location>
          <companyId>
            <marketingCarrier>DL</marketingCarrier>
            <operatingCarrier>DL</operatingCarrier>
          </companyId>
          <flightOrtrainNumber>1135</flightOrtrainNumber>
          <productDetail>
            <equipmentType>221</equipmentType>
          </productDetail>
          <addProductDetail>
            <electronicTicketing>Y</electronicTicketing>
            <productDetailQualifier>AIP</productDetailQualifier>
          </addProductDetail>
        </flightInformation>
        <fareBasis>VAVNA0BQ</fareBasis>
        <fareType>RP</fareType>
        <cabinProduct>
          <rbd>E</rbd>
          <cabin>M</cabin>
          <avlStatus>9</avlStatus>
        </cabinProduct>
        <bookingClassDetails>
          <designator>M</designator>
        </bookingClassDetails>
      </flightDetails>
    </departureFlights>
    <returnFlights>
      <totalFlightDuration>0558</totalFlightDuration>
      <flightDetails>
        <flightInformation>
          <productDateTime>
            <dateOfDeparture>300620</dateOfDeparture>
            <timeOfDeparture>0755</timeOfDeparture>
            <dateOfArrival>300620</dateOfArrival>
            <timeOfArrival>1025</timeOfArrival>
          </productDateTime>
          <location>
            <locationId>JFK</locationId>
            <terminal>4</terminal>
          </location>
          <location>
            <locationId>ATL</locationId>
            <terminal>S</terminal>
          </location>
          <companyId>
            <marketingCarrier>DL</marketingCarrier>
            <operatingCarrier>DL</operatingCarrier>
          </companyId>
          <flightOrtrainNumber>243</flightOrtrainNumber>
          <productDetail>
            <equipmentType>77L</equipmentType>
          </productDetail>
          <addProductDetail>
            <electronicTicketing>Y</electronicTicketing>
            <productDetailQualifier>AVR</productDetailQualifier>
          </addProductDetail>
        </flightInformation>
        <fareBasis>VAVNA0BQ</fareBasis>
        <fareType>RP</fareType>
        <cabinProduct>
          <rbd>E</rbd>
          <cabin>M</cabin>
          <avlStatus>7</avlStatus>
        </cabinProduct>
        <bookingClassDetails>
          <designator>M</designator>
        </bookingClassDetails>
      </flightDetails>
      <flightDetails>
        <flightInformation>
          <productDateTime>
            <dateOfDeparture>300620</dateOfDeparture>
            <timeOfDeparture>1205</timeOfDeparture>
            <dateOfArrival>300620</dateOfArrival>
            <timeOfArrival>1353</timeOfArrival>
          </productDateTime>
          <location>
            <locationId>ATL</locationId>
            <terminal>S</terminal>
          </location>
          <location>
            <locationId>MIA</locationId>
          </location>
          <companyId>
            <marketingCarrier>DL</marketingCarrier>
            <operatingCarrier>DL</operatingCarrier>
          </companyId>
          <flightOrtrainNumber>1795</flightOrtrainNumber>
          <productDetail>
            <equipmentType>321</equipmentType>
          </productDetail>
          <addProductDetail>
            <electronicTicketing>Y</electronicTicketing>
            <productDetailQualifier>LCA</productDetailQualifier>
          </addProductDetail>
        </flightInformation>
        <fareBasis>VAVNA0BQ</fareBasis>
        <fareType>RP</fareType>
        <cabinProduct>
          <rbd>E</rbd>
          <cabin>M</cabin>
          <avlStatus>9</avlStatus>
        </cabinProduct>
        <bookingClassDetails>
          <designator>M</designator>
        </bookingClassDetails>
      </flightDetails>
    </returnFlights>
    <paxFareProduct>
      <adults>
        <traveller>1</traveller>
        <baseFarePerAdult>156</baseFarePerAdult>
        <taxPerAdult>29.20</taxPerAdult>
      </adults>
      <totalbaseFare>156</totalbaseFare>
      <totaltax>29.20</totaltax>
      <totalFare>185.20</totalFare>
    </paxFareProduct>
  </CustomResponse>
  <CustomResponse>
    <searchID>299d68fd1cd915b434d200415080843</searchID>
    <flightRefNumber>0c446a92d2379049594c518ee2e1f6a6_2</flightRefNumber>
    <Currency>USD</Currency>
    <departureFlights>
      <totalFlightDuration>0249</totalFlightDuration>
      <flightDetails>
        <flightInformation>
          <productDateTime>
            <dateOfDeparture>250520</dateOfDeparture>
            <timeOfDeparture>1241</timeOfDeparture>
            <dateOfArrival>250520</dateOfArrival>
            <timeOfArrival>1530</timeOfArrival>
          </productDateTime>
          <location>
            <locationId>MIA</locationId>
          </location>
          <location>
            <locationId>JFK</locationId>
            <terminal>8</terminal>
          </location>
          <companyId>
            <marketingCarrier>AA</marketingCarrier>
            <operatingCarrier>AA</operatingCarrier>
          </companyId>
          <flightOrtrainNumber>309</flightOrtrainNumber>
          <productDetail>
            <equipmentType>738</equipmentType>
          </productDetail>
          <addProductDetail>
            <electronicTicketing>Y</electronicTicketing>
            <productDetailQualifier>AIP</productDetailQualifier>
          </addProductDetail>
        </flightInformation>
        <fareBasis>GVAHZNM3</fareBasis>
        <fareType>RP</fareType>
        <cabinProduct>
          <rbd>G</rbd>
          <cabin>M</cabin>
          <avlStatus>7</avlStatus>
        </cabinProduct>
        <bookingClassDetails>
          <designator>M</designator>
        </bookingClassDetails>
      </flightDetails>
    </departureFlights>
    <returnFlights>
      <totalFlightDuration>0308</totalFlightDuration>
      <flightDetails>
        <flightInformation>
          <productDateTime>
            <dateOfDeparture>300620</dateOfDeparture>
            <timeOfDeparture>0630</timeOfDeparture>
            <dateOfArrival>300620</dateOfArrival>
            <timeOfArrival>0938</timeOfArrival>
          </productDateTime>
          <location>
            <locationId>JFK</locationId>
            <terminal>8</terminal>
          </location>
          <location>
            <locationId>MIA</locationId>
          </location>
          <companyId>
            <marketingCarrier>AA</marketingCarrier>
            <operatingCarrier>AA</operatingCarrier>
          </companyId>
          <flightOrtrainNumber>2268</flightOrtrainNumber>
          <productDetail>
            <equipmentType>738</equipmentType>
          </productDetail>
          <addProductDetail>
            <electronicTicketing>Y</electronicTicketing>
            <productDetailQualifier>AIP</productDetailQualifier>
          </addProductDetail>
        </flightInformation>
        <fareBasis>GVAHZNM3</fareBasis>
        <fareType>RP</fareType>
        <cabinProduct>
          <rbd>G</rbd>
          <cabin>M</cabin>
          <avlStatus>7</avlStatus>
        </cabinProduct>
        <bookingClassDetails>
          <designator>M</designator>
        </bookingClassDetails>
      </flightDetails>
    </returnFlights>
    <paxFareProduct>
      <adults>
        <traveller>1</traveller>
        <baseFarePerAdult>186</baseFarePerAdult>
        <taxPerAdult>20.20</taxPerAdult>
      </adults>
      <totalbaseFare>186</totalbaseFare>
      <totaltax>20.20</totaltax>
      <totalFare>206.20</totalFare>
    </paxFareProduct>
  </CustomResponse>
</FlightsInfo>
