<?xml version="1.0" encoding="UTF-8" standalone="yes"?>
<FlightsInfo>
  <CustomResponse>
    <searchID>2c2fded807ce1808fcd200418090124</searchID>
    <flightRefNumber>1bbab689bd1835adbdc4551280319bf8_1</flightRefNumber>
    <Currency>USD</Currency>
    <departureFlights>
      <totalFlightDuration>0543</totalFlightDuration>
      <flightDetails>
        <flightInformation>
          <productDateTime>
            <dateOfDeparture>130820</dateOfDeparture>
            <timeOfDeparture>0630</timeOfDeparture>
            <dateOfArrival>130820</dateOfArrival>
            <timeOfArrival>0824</timeOfArrival>
          </productDateTime>
          <location>
            <locationId>MIA</locationId>
          </location>
          <location>
            <locationId>ATL</locationId>
            <terminal>S</terminal>
          </location>
          <companyId>
            <marketingCarrier>DL</marketingCarrier>
            <operatingCarrier>DL</operatingCarrier>
          </companyId>
          <flightOrtrainNumber>940</flightOrtrainNumber>
          <productDetail>
            <equipmentType>321</equipmentType>
          </productDetail>
          <addProductDetail>
            <electronicTicketing>Y</electronicTicketing>
            <productDetailQualifier>LCA</productDetailQualifier>
          </addProductDetail>
        </flightInformation>
        <fareBasis>VAVNA0BQ</fareBasis>
        <fareType>RP</fareType>
        <cabinProduct>
          <rbd>E</rbd>
          <cabin>M</cabin>
          <avlStatus>9</avlStatus>
        </cabinProduct>
        <bookingClassDetails>
          <designator>M</designator>
        </bookingClassDetails>
      </flightDetails>
      <flightDetails>
        <flightInformation>
          <productDateTime>
            <dateOfDeparture>130820</dateOfDeparture>
            <timeOfDeparture>0955</timeOfDeparture>
            <dateOfArrival>130820</dateOfArrival>
            <timeOfArrival>1213</timeOfArrival>
          </productDateTime>
          <location>
            <locationId>ATL</locationId>
            <terminal>S</terminal>
          </location>
          <location>
            <locationId>JFK</locationId>
            <terminal>4</terminal>
          </location>
          <companyId>
            <marketingCarrier>DL</marketingCarrier>
            <operatingCarrier>DL</operatingCarrier>
          </companyId>
          <flightOrtrainNumber>843</flightOrtrainNumber>
          <productDetail>
            <equipmentType>739</equipmentType>
          </productDetail>
          <addProductDetail>
            <electronicTicketing>Y</electronicTicketing>
            <productDetailQualifier>LCA</productDetailQualifier>
          </addProductDetail>
        </flightInformation>
        <fareBasis>VAVNA0BQ</fareBasis>
        <fareType>RP</fareType>
        <cabinProduct>
          <rbd>E</rbd>
          <cabin>M</cabin>
          <avlStatus>9</avlStatus>
        </cabinProduct>
        <bookingClassDetails>
          <designator>M</designator>
        </bookingClassDetails>
      </flightDetails>
    </departureFlights>
    <returnFlights>
      <totalFlightDuration>0308</totalFlightDuration>
      <flightDetails>
        <flightInformation>
          <productDateTime>
            <dateOfDeparture>290920</dateOfDeparture>
            <timeOfDeparture>0805</timeOfDeparture>
            <dateOfArrival>290920</dateOfArrival>
            <timeOfArrival>1113</timeOfArrival>
          </productDateTime>
          <location>
            <locationId>JFK</locationId>
            <terminal>4</terminal>
          </location>
          <location>
            <locationId>MIA</locationId>
          </location>
          <companyId>
            <marketingCarrier>DL</marketingCarrier>
            <operatingCarrier>DL</operatingCarrier>
          </companyId>
          <flightOrtrainNumber>2190</flightOrtrainNumber>
          <productDetail>
            <equipmentType>321</equipmentType>
          </productDetail>
          <addProductDetail>
            <electronicTicketing>Y</electronicTicketing>
            <productDetailQualifier>IAC</productDetailQualifier>
          </addProductDetail>
        </flightInformation>
        <fareBasis>VAVNA0BQ</fareBasis>
        <fareType>RP</fareType>
        <cabinProduct>
          <rbd>E</rbd>
          <cabin>M</cabin>
          <avlStatus>9</avlStatus>
        </cabinProduct>
        <bookingClassDetails>
          <designator>M</designator>
        </bookingClassDetails>
      </flightDetails>
    </returnFlights>
    <paxFareProduct>
      <adults>
        <traveller>1</traveller>
        <baseFarePerAdult>156</baseFarePerAdult>
        <taxPerAdult>24.70</taxPerAdult>
      </adults>
      <totalbaseFare>156</totalbaseFare>
      <totaltax>24.70</totaltax>
      <totalFare>180.70</totalFare>
    </paxFareProduct>
  </CustomResponse>
  <CustomResponse>
    <searchID>2c2fded807ce1808fcd200418090124</searchID>
    <flightRefNumber>5461c0628b83ce5e2f861a2aa10b7dd2_2</flightRefNumber>
    <Currency>USD</Currency>
    <departureFlights>
      <totalFlightDuration>0543</totalFlightDuration>
      <flightDetails>
        <flightInformation>
          <productDateTime>
            <dateOfDeparture>130820</dateOfDeparture>
            <timeOfDeparture>0630</timeOfDeparture>
            <dateOfArrival>130820</dateOfArrival>
            <timeOfArrival>0824</timeOfArrival>
          </productDateTime>
          <location>
            <locationId>MIA</locationId>
          </location>
          <location>
            <locationId>ATL</locationId>
            <terminal>S</terminal>
          </location>
          <companyId>
            <marketingCarrier>DL</marketingCarrier>
            <operatingCarrier>DL</operatingCarrier>
          </companyId>
          <flightOrtrainNumber>940</flightOrtrainNumber>
          <productDetail>
            <equipmentType>321</equipmentType>
          </productDetail>
          <addProductDetail>
            <electronicTicketing>Y</electronicTicketing>
            <productDetailQualifier>LCA</productDetailQualifier>
          </addProductDetail>
        </flightInformation>
        <fareBasis>VAVNA0BQ</fareBasis>
        <fareType>RP</fareType>
        <cabinProduct>
          <rbd>E</rbd>
          <cabin>M</cabin>
          <avlStatus>9</avlStatus>
        </cabinProduct>
        <bookingClassDetails>
          <designator>M</designator>
        </bookingClassDetails>
      </flightDetails>
      <flightDetails>
        <flightInformation>
          <productDateTime>
            <dateOfDeparture>130820</dateOfDeparture>
            <timeOfDeparture>0955</timeOfDeparture>
            <dateOfArrival>130820</dateOfArrival>
            <timeOfArrival>1213</timeOfArrival>
          </productDateTime>
          <location>
            <locationId>ATL</locationId>
            <terminal>S</terminal>
          </location>
          <location>
            <locationId>JFK</locationId>
            <terminal>4</terminal>
          </location>
          <companyId>
            <marketingCarrier>DL</marketingCarrier>
            <operatingCarrier>DL</operatingCarrier>
          </companyId>
          <flightOrtrainNumber>843</flightOrtrainNumber>
          <productDetail>
            <equipmentType>739</equipmentType>
          </productDetail>
          <addProductDetail>
            <electronicTicketing>Y</electronicTicketing>
            <productDetailQualifier>LCA</productDetailQualifier>
          </addProductDetail>
        </flightInformation>
        <fareBasis>VAVNA0BQ</fareBasis>
        <fareType>RP</fareType>
        <cabinProduct>
          <rbd>E</rbd>
          <cabin>M</cabin>
          <avlStatus>9</avlStatus>
        </cabinProduct>
        <bookingClassDetails>
          <designator>M</designator>
        </bookingClassDetails>
      </flightDetails>
    </departureFlights>
    <returnFlights>
      <totalFlightDuration>0310</totalFlightDuration>
      <flightDetails>
        <flightInformation>
          <productDateTime>
            <dateOfDeparture>290920</dateOfDeparture>
            <timeOfDeparture>1230</timeOfDeparture>
            <dateOfArrival>290920</dateOfArrival>
            <timeOfArrival>1540</timeOfArrival>
          </productDateTime>
          <location>
            <locationId>JFK</locationId>
            <terminal>4</terminal>
          </location>
          <location>
            <locationId>MIA</locationId>
          </location>
          <companyId>
            <marketingCarrier>DL</marketingCarrier>
            <operatingCarrier>DL</operatingCarrier>
          </companyId>
          <flightOrtrainNumber>2175</flightOrtrainNumber>
          <productDetail>
            <equipmentType>321</equipmentType>
          </productDetail>
          <addProductDetail>
            <electronicTicketing>Y</electronicTicketing>
            <productDetailQualifier>IAC</productDetailQualifier>
          </addProductDetail>
        </flightInformation>
        <fareBasis>VAVNA0BQ</fareBasis>
        <fareType>RP</fareType>
        <cabinProduct>
          <rbd>E</rbd>
          <cabin>M</cabin>
          <avlStatus>9</avlStatus>
        </cabinProduct>
        <bookingClassDetails>
          <designator>M</designator>
        </bookingClassDetails>
      </flightDetails>
    </returnFlights>
    <paxFareProduct>
      <adults>
        <traveller>1</traveller>
        <baseFarePerAdult>156</baseFarePerAdult>
        <taxPerAdult>24.70</taxPerAdult>
      </adults>
      <totalbaseFare>156</totalbaseFare>
      <totaltax>24.70</totaltax>
      <totalFare>180.70</totalFare>
    </paxFareProduct>
  </CustomResponse>
  <CustomResponse>
    <searchID>2c2fded807ce1808fcd200418090124</searchID>
    <flightRefNumber>4860730a067b7ce7c3d1accf3e0e211d_3</flightRefNumber>
    <Currency>USD</Currency>
    <departureFlights>
      <totalFlightDuration>0543</totalFlightDuration>
      <flightDetails>
        <flightInformation>
          <productDateTime>
            <dateOfDeparture>130820</dateOfDeparture>
            <timeOfDeparture>0630</timeOfDeparture>
            <dateOfArrival>130820</dateOfArrival>
            <timeOfArrival>0824</timeOfArrival>
          </productDateTime>
          <location>
            <locationId>MIA</locationId>
          </location>
          <location>
            <locationId>ATL</locationId>
            <terminal>S</terminal>
          </location>
          <companyId>
            <marketingCarrier>DL</marketingCarrier>
            <operatingCarrier>DL</operatingCarrier>
          </companyId>
          <flightOrtrainNumber>940</flightOrtrainNumber>
          <productDetail>
            <equipmentType>321</equipmentType>
          </productDetail>
          <addProductDetail>
            <electronicTicketing>Y</electronicTicketing>
            <productDetailQualifier>LCA</productDetailQualifier>
          </addProductDetail>
        </flightInformation>
        <fareBasis>VAVNA0BQ</fareBasis>
        <fareType>RP</fareType>
        <cabinProduct>
          <rbd>E</rbd>
          <cabin>M</cabin>
          <avlStatus>9</avlStatus>
        </cabinProduct>
        <bookingClassDetails>
          <designator>M</designator>
        </bookingClassDetails>
      </flightDetails>
      <flightDetails>
        <flightInformation>
          <productDateTime>
            <dateOfDeparture>130820</dateOfDeparture>
            <timeOfDeparture>0955</timeOfDeparture>
            <dateOfArrival>130820</dateOfArrival>
            <timeOfArrival>1213</timeOfArrival>
          </productDateTime>
          <location>
            <locationId>ATL</locationId>
            <terminal>S</terminal>
          </location>
          <location>
            <locationId>JFK</locationId>
            <terminal>4</terminal>
          </location>
          <companyId>
            <marketingCarrier>DL</marketingCarrier>
            <operatingCarrier>DL</operatingCarrier>
          </companyId>
          <flightOrtrainNumber>843</flightOrtrainNumber>
          <productDetail>
            <equipmentType>739</equipmentType>
          </productDetail>
          <addProductDetail>
            <electronicTicketing>Y</electronicTicketing>
            <productDetailQualifier>LCA</productDetailQualifier>
          </addProductDetail>
        </flightInformation>
        <fareBasis>VAVNA0BQ</fareBasis>
        <fareType>RP</fareType>
        <cabinProduct>
          <rbd>E</rbd>
          <cabin>M</cabin>
          <avlStatus>9</avlStatus>
        </cabinProduct>
        <bookingClassDetails>
          <designator>M</designator>
        </bookingClassDetails>
      </flightDetails>
    </departureFlights>
    <returnFlights>
      <totalFlightDuration>0315</totalFlightDuration>
      <flightDetails>
        <flightInformation>
          <productDateTime>
            <dateOfDeparture>290920</dateOfDeparture>
            <timeOfDeparture>1530</timeOfDeparture>
            <dateOfArrival>290920</dateOfArrival>
            <timeOfArrival>1845</timeOfArrival>
          </productDateTime>
          <location>
            <locationId>JFK</locationId>
            <terminal>4</terminal>
          </location>
          <location>
            <locationId>MIA</locationId>
          </location>
          <companyId>
            <marketingCarrier>DL</marketingCarrier>
            <operatingCarrier>DL</operatingCarrier>
          </companyId>
          <flightOrtrainNumber>2385</flightOrtrainNumber>
          <productDetail>
            <equipmentType>321</equipmentType>
          </productDetail>
          <addProductDetail>
            <electronicTicketing>Y</electronicTicketing>
            <productDetailQualifier>IAC</productDetailQualifier>
          </addProductDetail>
        </flightInformation>
        <fareBasis>VAVNA0BQ</fareBasis>
        <fareType>RP</fareType>
        <cabinProduct>
          <rbd>E</rbd>
          <cabin>M</cabin>
          <avlStatus>9</avlStatus>
        </cabinProduct>
        <bookingClassDetails>
          <designator>M</designator>
        </bookingClassDetails>
      </flightDetails>
    </returnFlights>
    <paxFareProduct>
      <adults>
        <traveller>1</traveller>
        <baseFarePerAdult>156</baseFarePerAdult>
        <taxPerAdult>24.70</taxPerAdult>
      </adults>
      <totalbaseFare>156</totalbaseFare>
      <totaltax>24.70</totaltax>
      <totalFare>180.70</totalFare>
    </paxFareProduct>
  </CustomResponse>
  <CustomResponse>
    <searchID>2c2fded807ce1808fcd200418090124</searchID>
    <flightRefNumber>e63cfa997e9a14e94e091db55ba6be44_4</flightRefNumber>
    <Currency>USD</Currency>
    <departureFlights>
      <totalFlightDuration>0543</totalFlightDuration>
      <flightDetails>
        <flightInformation>
          <productDateTime>
            <dateOfDeparture>130820</dateOfDeparture>
            <timeOfDeparture>0630</timeOfDeparture>
            <dateOfArrival>130820</dateOfArrival>
            <timeOfArrival>0824</timeOfArrival>
          </productDateTime>
          <location>
            <locationId>MIA</locationId>
          </location>
          <location>
            <locationId>ATL</locationId>
            <terminal>S</terminal>
          </location>
          <companyId>
            <marketingCarrier>DL</marketingCarrier>
            <operatingCarrier>DL</operatingCarrier>
          </companyId>
          <flightOrtrainNumber>940</flightOrtrainNumber>
          <productDetail>
            <equipmentType>321</equipmentType>
          </productDetail>
          <addProductDetail>
            <electronicTicketing>Y</electronicTicketing>
            <productDetailQualifier>LCA</productDetailQualifier>
          </addProductDetail>
        </flightInformation>
        <fareBasis>VAVNA0BQ</fareBasis>
        <fareType>RP</fareType>
        <cabinProduct>
          <rbd>E</rbd>
          <cabin>M</cabin>
          <avlStatus>9</avlStatus>
        </cabinProduct>
        <bookingClassDetails>
          <designator>M</designator>
        </bookingClassDetails>
      </flightDetails>
      <flightDetails>
        <flightInformation>
          <productDateTime>
            <dateOfDeparture>130820</dateOfDeparture>
            <timeOfDeparture>0955</timeOfDeparture>
            <dateOfArrival>130820</dateOfArrival>
            <timeOfArrival>1213</timeOfArrival>
          </productDateTime>
          <location>
            <locationId>ATL</locationId>
            <terminal>S</terminal>
          </location>
          <location>
            <locationId>JFK</locationId>
            <terminal>4</terminal>
          </location>
          <companyId>
            <marketingCarrier>DL</marketingCarrier>
            <operatingCarrier>DL</operatingCarrier>
          </companyId>
          <flightOrtrainNumber>843</flightOrtrainNumber>
          <productDetail>
            <equipmentType>739</equipmentType>
          </productDetail>
          <addProductDetail>
            <electronicTicketing>Y</electronicTicketing>
            <productDetailQualifier>LCA</productDetailQualifier>
          </addProductDetail>
        </flightInformation>
        <fareBasis>VAVNA0BQ</fareBasis>
        <fareType>RP</fareType>
        <cabinProduct>
          <rbd>E</rbd>
          <cabin>M</cabin>
          <avlStatus>9</avlStatus>
        </cabinProduct>
        <bookingClassDetails>
          <designator>M</designator>
        </bookingClassDetails>
      </flightDetails>
    </departureFlights>
    <returnFlights>
      <totalFlightDuration>0315</totalFlightDuration>
      <flightDetails>
        <flightInformation>
          <productDateTime>
            <dateOfDeparture>290920</dateOfDeparture>
            <timeOfDeparture>2030</timeOfDeparture>
            <dateOfArrival>290920</dateOfArrival>
            <timeOfArrival>2345</timeOfArrival>
          </productDateTime>
          <location>
            <locationId>JFK</locationId>
            <terminal>4</terminal>
          </location>
          <location>
            <locationId>MIA</locationId>
          </location>
          <companyId>
            <marketingCarrier>DL</marketingCarrier>
            <operatingCarrier>DL</operatingCarrier>
          </companyId>
          <flightOrtrainNumber>2756</flightOrtrainNumber>
          <productDetail>
            <equipmentType>321</equipmentType>
          </productDetail>
          <addProductDetail>
            <electronicTicketing>Y</electronicTicketing>
            <productDetailQualifier>IAC</productDetailQualifier>
          </addProductDetail>
        </flightInformation>
        <fareBasis>VAVNA0BQ</fareBasis>
        <fareType>RP</fareType>
        <cabinProduct>
          <rbd>E</rbd>
          <cabin>M</cabin>
          <avlStatus>9</avlStatus>
        </cabinProduct>
        <bookingClassDetails>
          <designator>M</designator>
        </bookingClassDetails>
      </flightDetails>
    </returnFlights>
    <paxFareProduct>
      <adults>
        <traveller>1</traveller>
        <baseFarePerAdult>156</baseFarePerAdult>
        <taxPerAdult>24.70</taxPerAdult>
      </adults>
      <totalbaseFare>156</totalbaseFare>
      <totaltax>24.70</totaltax>
      <totalFare>180.70</totalFare>
    </paxFareProduct>
  </CustomResponse>
  <CustomResponse>
    <searchID>2c2fded807ce1808fcd200418090124</searchID>
    <flightRefNumber>d9a806302c99077bcb5061045efb017c_5</flightRefNumber>
    <Currency>USD</Currency>
    <departureFlights>
      <totalFlightDuration>0643</totalFlightDuration>
      <flightDetails>
        <flightInformation>
          <productDateTime>
            <dateOfDeparture>130820</dateOfDeparture>
            <timeOfDeparture>0530</timeOfDeparture>
            <dateOfArrival>130820</dateOfArrival>
            <timeOfArrival>0717</timeOfArrival>
          </productDateTime>
          <location>
            <locationId>MIA</locationId>
          </location>
          <location>
            <locationId>ATL</locationId>
            <terminal>S</terminal>
          </location>
          <companyId>
            <marketingCarrier>DL</marketingCarrier>
            <operatingCarrier>DL</operatingCarrier>
          </companyId>
          <flightOrtrainNumber>1987</flightOrtrainNumber>
          <productDetail>
            <equipmentType>321</equipmentType>
          </productDetail>
          <addProductDetail>
            <electronicTicketing>Y</electronicTicketing>
            <productDetailQualifier>LCA</productDetailQualifier>
          </addProductDetail>
        </flightInformation>
        <fareBasis>VAVNA0BQ</fareBasis>
        <fareType>RP</fareType>
        <cabinProduct>
          <rbd>E</rbd>
          <cabin>M</cabin>
          <avlStatus>9</avlStatus>
        </cabinProduct>
        <bookingClassDetails>
          <designator>M</designator>
        </bookingClassDetails>
      </flightDetails>
      <flightDetails>
        <flightInformation>
          <productDateTime>
            <dateOfDeparture>130820</dateOfDeparture>
            <timeOfDeparture>0955</timeOfDeparture>
            <dateOfArrival>130820</dateOfArrival>
            <timeOfArrival>1213</timeOfArrival>
          </productDateTime>
          <location>
            <locationId>ATL</locationId>
            <terminal>S</terminal>
          </location>
          <location>
            <locationId>JFK</locationId>
            <terminal>4</terminal>
          </location>
          <companyId>
            <marketingCarrier>DL</marketingCarrier>
            <operatingCarrier>DL</operatingCarrier>
          </companyId>
          <flightOrtrainNumber>843</flightOrtrainNumber>
          <productDetail>
            <equipmentType>739</equipmentType>
          </productDetail>
          <addProductDetail>
            <electronicTicketing>Y</electronicTicketing>
            <productDetailQualifier>LCA</productDetailQualifier>
          </addProductDetail>
        </flightInformation>
        <fareBasis>VAVNA0BQ</fareBasis>
        <fareType>RP</fareType>
        <cabinProduct>
          <rbd>E</rbd>
          <cabin>M</cabin>
          <avlStatus>9</avlStatus>
        </cabinProduct>
        <bookingClassDetails>
          <designator>M</designator>
        </bookingClassDetails>
      </flightDetails>
    </departureFlights>
    <returnFlights>
      <totalFlightDuration>0308</totalFlightDuration>
      <flightDetails>
        <flightInformation>
          <productDateTime>
            <dateOfDeparture>290920</dateOfDeparture>
            <timeOfDeparture>0805</timeOfDeparture>
            <dateOfArrival>290920</dateOfArrival>
            <timeOfArrival>1113</timeOfArrival>
          </productDateTime>
          <location>
            <locationId>JFK</locationId>
            <terminal>4</terminal>
          </location>
          <location>
            <locationId>MIA</locationId>
          </location>
          <companyId>
            <marketingCarrier>DL</marketingCarrier>
            <operatingCarrier>DL</operatingCarrier>
          </companyId>
          <flightOrtrainNumber>2190</flightOrtrainNumber>
          <productDetail>
            <equipmentType>321</equipmentType>
          </productDetail>
          <addProductDetail>
            <electronicTicketing>Y</electronicTicketing>
            <productDetailQualifier>IAC</productDetailQualifier>
          </addProductDetail>
        </flightInformation>
        <fareBasis>VAVNA0BQ</fareBasis>
        <fareType>RP</fareType>
        <cabinProduct>
          <rbd>E</rbd>
          <cabin>M</cabin>
          <avlStatus>9</avlStatus>
        </cabinProduct>
        <bookingClassDetails>
          <designator>M</designator>
        </bookingClassDetails>
      </flightDetails>
    </returnFlights>
    <paxFareProduct>
      <adults>
        <traveller>1</traveller>
        <baseFarePerAdult>156</baseFarePerAdult>
        <taxPerAdult>24.70</taxPerAdult>
      </adults>
      <totalbaseFare>156</totalbaseFare>
      <totaltax>24.70</totaltax>
      <totalFare>180.70</totalFare>
    </paxFareProduct>
  </CustomResponse>
  <CustomResponse>
    <searchID>2c2fded807ce1808fcd200418090124</searchID>
    <flightRefNumber>9646d344df5d1096c6c091132b5324b0_6</flightRefNumber>
    <Currency>USD</Currency>
    <departureFlights>
      <totalFlightDuration>0643</totalFlightDuration>
      <flightDetails>
        <flightInformation>
          <productDateTime>
            <dateOfDeparture>130820</dateOfDeparture>
            <timeOfDeparture>0530</timeOfDeparture>
            <dateOfArrival>130820</dateOfArrival>
            <timeOfArrival>0717</timeOfArrival>
          </productDateTime>
          <location>
            <locationId>MIA</locationId>
          </location>
          <location>
            <locationId>ATL</locationId>
            <terminal>S</terminal>
          </location>
          <companyId>
            <marketingCarrier>DL</marketingCarrier>
            <operatingCarrier>DL</operatingCarrier>
          </companyId>
          <flightOrtrainNumber>1987</flightOrtrainNumber>
          <productDetail>
            <equipmentType>321</equipmentType>
          </productDetail>
          <addProductDetail>
            <electronicTicketing>Y</electronicTicketing>
            <productDetailQualifier>LCA</productDetailQualifier>
          </addProductDetail>
        </flightInformation>
        <fareBasis>VAVNA0BQ</fareBasis>
        <fareType>RP</fareType>
        <cabinProduct>
          <rbd>E</rbd>
          <cabin>M</cabin>
          <avlStatus>9</avlStatus>
        </cabinProduct>
        <bookingClassDetails>
          <designator>M</designator>
        </bookingClassDetails>
      </flightDetails>
      <flightDetails>
        <flightInformation>
          <productDateTime>
            <dateOfDeparture>130820</dateOfDeparture>
            <timeOfDeparture>0955</timeOfDeparture>
            <dateOfArrival>130820</dateOfArrival>
            <timeOfArrival>1213</timeOfArrival>
          </productDateTime>
          <location>
            <locationId>ATL</locationId>
            <terminal>S</terminal>
          </location>
          <location>
            <locationId>JFK</locationId>
            <terminal>4</terminal>
          </location>
          <companyId>
            <marketingCarrier>DL</marketingCarrier>
            <operatingCarrier>DL</operatingCarrier>
          </companyId>
          <flightOrtrainNumber>843</flightOrtrainNumber>
          <productDetail>
            <equipmentType>739</equipmentType>
          </productDetail>
          <addProductDetail>
            <electronicTicketing>Y</electronicTicketing>
            <productDetailQualifier>LCA</productDetailQualifier>
          </addProductDetail>
        </flightInformation>
        <fareBasis>VAVNA0BQ</fareBasis>
        <fareType>RP</fareType>
        <cabinProduct>
          <rbd>E</rbd>
          <cabin>M</cabin>
          <avlStatus>9</avlStatus>
        </cabinProduct>
        <bookingClassDetails>
          <designator>M</designator>
        </bookingClassDetails>
      </flightDetails>
    </departureFlights>
    <returnFlights>
      <totalFlightDuration>0310</totalFlightDuration>
      <flightDetails>
        <flightInformation>
          <productDateTime>
            <dateOfDeparture>290920</dateOfDeparture>
            <timeOfDeparture>1230</timeOfDeparture>
            <dateOfArrival>290920</dateOfArrival>
            <timeOfArrival>1540</timeOfArrival>
          </productDateTime>
          <location>
            <locationId>JFK</locationId>
            <terminal>4</terminal>
          </location>
          <location>
            <locationId>MIA</locationId>
          </location>
          <companyId>
            <marketingCarrier>DL</marketingCarrier>
            <operatingCarrier>DL</operatingCarrier>
          </companyId>
          <flightOrtrainNumber>2175</flightOrtrainNumber>
          <productDetail>
            <equipmentType>321</equipmentType>
          </productDetail>
          <addProductDetail>
            <electronicTicketing>Y</electronicTicketing>
            <productDetailQualifier>IAC</productDetailQualifier>
          </addProductDetail>
        </flightInformation>
        <fareBasis>VAVNA0BQ</fareBasis>
        <fareType>RP</fareType>
        <cabinProduct>
          <rbd>E</rbd>
          <cabin>M</cabin>
          <avlStatus>9</avlStatus>
        </cabinProduct>
        <bookingClassDetails>
          <designator>M</designator>
        </bookingClassDetails>
      </flightDetails>
    </returnFlights>
    <paxFareProduct>
      <adults>
        <traveller>1</traveller>
        <baseFarePerAdult>156</baseFarePerAdult>
        <taxPerAdult>24.70</taxPerAdult>
      </adults>
      <totalbaseFare>156</totalbaseFare>
      <totaltax>24.70</totaltax>
      <totalFare>180.70</totalFare>
    </paxFareProduct>
  </CustomResponse>
  <CustomResponse>
    <searchID>2c2fded807ce1808fcd200418090124</searchID>
    <flightRefNumber>fe2e2a8ecf8d9c5d7417e5bed93c128b_7</flightRefNumber>
    <Currency>USD</Currency>
    <departureFlights>
      <totalFlightDuration>0643</totalFlightDuration>
      <flightDetails>
        <flightInformation>
          <productDateTime>
            <dateOfDeparture>130820</dateOfDeparture>
            <timeOfDeparture>0530</timeOfDeparture>
            <dateOfArrival>130820</dateOfArrival>
            <timeOfArrival>0717</timeOfArrival>
          </productDateTime>
          <location>
            <locationId>MIA</locationId>
          </location>
          <location>
            <locationId>ATL</locationId>
            <terminal>S</terminal>
          </location>
          <companyId>
            <marketingCarrier>DL</marketingCarrier>
            <operatingCarrier>DL</operatingCarrier>
          </companyId>
          <flightOrtrainNumber>1987</flightOrtrainNumber>
          <productDetail>
            <equipmentType>321</equipmentType>
          </productDetail>
          <addProductDetail>
            <electronicTicketing>Y</electronicTicketing>
            <productDetailQualifier>LCA</productDetailQualifier>
          </addProductDetail>
        </flightInformation>
        <fareBasis>VAVNA0BQ</fareBasis>
        <fareType>RP</fareType>
        <cabinProduct>
          <rbd>E</rbd>
          <cabin>M</cabin>
          <avlStatus>9</avlStatus>
        </cabinProduct>
        <bookingClassDetails>
          <designator>M</designator>
        </bookingClassDetails>
      </flightDetails>
      <flightDetails>
        <flightInformation>
          <productDateTime>
            <dateOfDeparture>130820</dateOfDeparture>
            <timeOfDeparture>0955</timeOfDeparture>
            <dateOfArrival>130820</dateOfArrival>
            <timeOfArrival>1213</timeOfArrival>
          </productDateTime>
          <location>
            <locationId>ATL</locationId>
            <terminal>S</terminal>
          </location>
          <location>
            <locationId>JFK</locationId>
            <terminal>4</terminal>
          </location>
          <companyId>
            <marketingCarrier>DL</marketingCarrier>
            <operatingCarrier>DL</operatingCarrier>
          </companyId>
          <flightOrtrainNumber>843</flightOrtrainNumber>
          <productDetail>
            <equipmentType>739</equipmentType>
          </productDetail>
          <addProductDetail>
            <electronicTicketing>Y</electronicTicketing>
            <productDetailQualifier>LCA</productDetailQualifier>
          </addProductDetail>
        </flightInformation>
        <fareBasis>VAVNA0BQ</fareBasis>
        <fareType>RP</fareType>
        <cabinProduct>
          <rbd>E</rbd>
          <cabin>M</cabin>
          <avlStatus>9</avlStatus>
        </cabinProduct>
        <bookingClassDetails>
          <designator>M</designator>
        </bookingClassDetails>
      </flightDetails>
    </departureFlights>
    <returnFlights>
      <totalFlightDuration>0315</totalFlightDuration>
      <flightDetails>
        <flightInformation>
          <productDateTime>
            <dateOfDeparture>290920</dateOfDeparture>
            <timeOfDeparture>1530</timeOfDeparture>
            <dateOfArrival>290920</dateOfArrival>
            <timeOfArrival>1845</timeOfArrival>
          </productDateTime>
          <location>
            <locationId>JFK</locationId>
            <terminal>4</terminal>
          </location>
          <location>
            <locationId>MIA</locationId>
          </location>
          <companyId>
            <marketingCarrier>DL</marketingCarrier>
            <operatingCarrier>DL</operatingCarrier>
          </companyId>
          <flightOrtrainNumber>2385</flightOrtrainNumber>
          <productDetail>
            <equipmentType>321</equipmentType>
          </productDetail>
          <addProductDetail>
            <electronicTicketing>Y</electronicTicketing>
            <productDetailQualifier>IAC</productDetailQualifier>
          </addProductDetail>
        </flightInformation>
        <fareBasis>VAVNA0BQ</fareBasis>
        <fareType>RP</fareType>
        <cabinProduct>
          <rbd>E</rbd>
          <cabin>M</cabin>
          <avlStatus>9</avlStatus>
        </cabinProduct>
        <bookingClassDetails>
          <designator>M</designator>
        </bookingClassDetails>
      </flightDetails>
    </returnFlights>
    <paxFareProduct>
      <adults>
        <traveller>1</traveller>
        <baseFarePerAdult>156</baseFarePerAdult>
        <taxPerAdult>24.70</taxPerAdult>
      </adults>
      <totalbaseFare>156</totalbaseFare>
      <totaltax>24.70</totaltax>
      <totalFare>180.70</totalFare>
    </paxFareProduct>
  </CustomResponse>
  <CustomResponse>
    <searchID>2c2fded807ce1808fcd200418090124</searchID>
    <flightRefNumber>783e3f3eef2f3dc36a0fe4b4a8deed01_8</flightRefNumber>
    <Currency>USD</Currency>
    <departureFlights>
      <totalFlightDuration>0643</totalFlightDuration>
      <flightDetails>
        <flightInformation>
          <productDateTime>
            <dateOfDeparture>130820</dateOfDeparture>
            <timeOfDeparture>0530</timeOfDeparture>
            <dateOfArrival>130820</dateOfArrival>
            <timeOfArrival>0717</timeOfArrival>
          </productDateTime>
          <location>
            <locationId>MIA</locationId>
          </location>
          <location>
            <locationId>ATL</locationId>
            <terminal>S</terminal>
          </location>
          <companyId>
            <marketingCarrier>DL</marketingCarrier>
            <operatingCarrier>DL</operatingCarrier>
          </companyId>
          <flightOrtrainNumber>1987</flightOrtrainNumber>
          <productDetail>
            <equipmentType>321</equipmentType>
          </productDetail>
          <addProductDetail>
            <electronicTicketing>Y</electronicTicketing>
            <productDetailQualifier>LCA</productDetailQualifier>
          </addProductDetail>
        </flightInformation>
        <fareBasis>VAVNA0BQ</fareBasis>
        <fareType>RP</fareType>
        <cabinProduct>
          <rbd>E</rbd>
          <cabin>M</cabin>
          <avlStatus>9</avlStatus>
        </cabinProduct>
        <bookingClassDetails>
          <designator>M</designator>
        </bookingClassDetails>
      </flightDetails>
      <flightDetails>
        <flightInformation>
          <productDateTime>
            <dateOfDeparture>130820</dateOfDeparture>
            <timeOfDeparture>0955</timeOfDeparture>
            <dateOfArrival>130820</dateOfArrival>
            <timeOfArrival>1213</timeOfArrival>
          </productDateTime>
          <location>
            <locationId>ATL</locationId>
            <terminal>S</terminal>
          </location>
          <location>
            <locationId>JFK</locationId>
            <terminal>4</terminal>
          </location>
          <companyId>
            <marketingCarrier>DL</marketingCarrier>
            <operatingCarrier>DL</operatingCarrier>
          </companyId>
          <flightOrtrainNumber>843</flightOrtrainNumber>
          <productDetail>
            <equipmentType>739</equipmentType>
          </productDetail>
          <addProductDetail>
            <electronicTicketing>Y</electronicTicketing>
            <productDetailQualifier>LCA</productDetailQualifier>
          </addProductDetail>
        </flightInformation>
        <fareBasis>VAVNA0BQ</fareBasis>
        <fareType>RP</fareType>
        <cabinProduct>
          <rbd>E</rbd>
          <cabin>M</cabin>
          <avlStatus>9</avlStatus>
        </cabinProduct>
        <bookingClassDetails>
          <designator>M</designator>
        </bookingClassDetails>
      </flightDetails>
    </departureFlights>
    <returnFlights>
      <totalFlightDuration>0315</totalFlightDuration>
      <flightDetails>
        <flightInformation>
          <productDateTime>
            <dateOfDeparture>290920</dateOfDeparture>
            <timeOfDeparture>2030</timeOfDeparture>
            <dateOfArrival>290920</dateOfArrival>
            <timeOfArrival>2345</timeOfArrival>
          </productDateTime>
          <location>
            <locationId>JFK</locationId>
            <terminal>4</terminal>
          </location>
          <location>
            <locationId>MIA</locationId>
          </location>
          <companyId>
            <marketingCarrier>DL</marketingCarrier>
            <operatingCarrier>DL</operatingCarrier>
          </companyId>
          <flightOrtrainNumber>2756</flightOrtrainNumber>
          <productDetail>
            <equipmentType>321</equipmentType>
          </productDetail>
          <addProductDetail>
            <electronicTicketing>Y</electronicTicketing>
            <productDetailQualifier>IAC</productDetailQualifier>
          </addProductDetail>
        </flightInformation>
        <fareBasis>VAVNA0BQ</fareBasis>
        <fareType>RP</fareType>
        <cabinProduct>
          <rbd>E</rbd>
          <cabin>M</cabin>
          <avlStatus>9</avlStatus>
        </cabinProduct>
        <bookingClassDetails>
          <designator>M</designator>
        </bookingClassDetails>
      </flightDetails>
    </returnFlights>
    <paxFareProduct>
      <adults>
        <traveller>1</traveller>
        <baseFarePerAdult>156</baseFarePerAdult>
        <taxPerAdult>24.70</taxPerAdult>
      </adults>
      <totalbaseFare>156</totalbaseFare>
      <totaltax>24.70</totaltax>
      <totalFare>180.70</totalFare>
    </paxFareProduct>
  </CustomResponse>
  <CustomResponse>
    <searchID>2c2fded807ce1808fcd200418090124</searchID>
    <flightRefNumber>43176fd13297122dafd7d47929821df0_9</flightRefNumber>
    <Currency>USD</Currency>
    <departureFlights>
      <totalFlightDuration>0543</totalFlightDuration>
      <flightDetails>
        <flightInformation>
          <productDateTime>
            <dateOfDeparture>130820</dateOfDeparture>
            <timeOfDeparture>0630</timeOfDeparture>
            <dateOfArrival>130820</dateOfArrival>
            <timeOfArrival>0824</timeOfArrival>
          </productDateTime>
          <location>
            <locationId>MIA</locationId>
          </location>
          <location>
            <locationId>ATL</locationId>
            <terminal>S</terminal>
          </location>
          <companyId>
            <marketingCarrier>DL</marketingCarrier>
            <operatingCarrier>DL</operatingCarrier>
          </companyId>
          <flightOrtrainNumber>940</flightOrtrainNumber>
          <productDetail>
            <equipmentType>321</equipmentType>
          </productDetail>
          <addProductDetail>
            <electronicTicketing>Y</electronicTicketing>
            <productDetailQualifier>LCA</productDetailQualifier>
          </addProductDetail>
        </flightInformation>
        <fareBasis>VAVNA0BQ</fareBasis>
        <fareType>RP</fareType>
        <cabinProduct>
          <rbd>E</rbd>
          <cabin>M</cabin>
          <avlStatus>9</avlStatus>
        </cabinProduct>
        <bookingClassDetails>
          <designator>M</designator>
        </bookingClassDetails>
      </flightDetails>
      <flightDetails>
        <flightInformation>
          <productDateTime>
            <dateOfDeparture>130820</dateOfDeparture>
            <timeOfDeparture>0955</timeOfDeparture>
            <dateOfArrival>130820</dateOfArrival>
            <timeOfArrival>1213</timeOfArrival>
          </productDateTime>
          <location>
            <locationId>ATL</locationId>
            <terminal>S</terminal>
          </location>
          <location>
            <locationId>JFK</locationId>
            <terminal>4</terminal>
          </location>
          <companyId>
            <marketingCarrier>DL</marketingCarrier>
            <operatingCarrier>DL</operatingCarrier>
          </companyId>
          <flightOrtrainNumber>843</flightOrtrainNumber>
          <productDetail>
            <equipmentType>739</equipmentType>
          </productDetail>
          <addProductDetail>
            <electronicTicketing>Y</electronicTicketing>
            <productDetailQualifier>LCA</productDetailQualifier>
          </addProductDetail>
        </flightInformation>
        <fareBasis>VAVNA0BQ</fareBasis>
        <fareType>RP</fareType>
        <cabinProduct>
          <rbd>E</rbd>
          <cabin>M</cabin>
          <avlStatus>9</avlStatus>
        </cabinProduct>
        <bookingClassDetails>
          <designator>M</designator>
        </bookingClassDetails>
      </flightDetails>
    </departureFlights>
    <returnFlights>
      <totalFlightDuration>0643</totalFlightDuration>
      <flightDetails>
        <flightInformation>
          <productDateTime>
            <dateOfDeparture>290920</dateOfDeparture>
            <timeOfDeparture>1129</timeOfDeparture>
            <dateOfArrival>290920</dateOfArrival>
            <timeOfArrival>1353</timeOfArrival>
          </productDateTime>
          <location>
            <locationId>JFK</locationId>
            <terminal>4</terminal>
          </location>
          <location>
            <locationId>ATL</locationId>
            <terminal>S</terminal>
          </location>
          <companyId>
            <marketingCarrier>DL</marketingCarrier>
            <operatingCarrier>DL</operatingCarrier>
          </companyId>
          <flightOrtrainNumber>2139</flightOrtrainNumber>
          <productDetail>
            <equipmentType>320</equipmentType>
          </productDetail>
          <addProductDetail>
            <electronicTicketing>Y</electronicTicketing>
            <productDetailQualifier>LCA</productDetailQualifier>
          </addProductDetail>
        </flightInformation>
        <fareBasis>VAVNA0BQ</fareBasis>
        <fareType>RP</fareType>
        <cabinProduct>
          <rbd>E</rbd>
          <cabin>M</cabin>
          <avlStatus>9</avlStatus>
        </cabinProduct>
        <bookingClassDetails>
          <designator>M</designator>
        </bookingClassDetails>
      </flightDetails>
      <flightDetails>
        <flightInformation>
          <productDateTime>
            <dateOfDeparture>290920</dateOfDeparture>
            <timeOfDeparture>1615</timeOfDeparture>
            <dateOfArrival>290920</dateOfArrival>
            <timeOfArrival>1812</timeOfArrival>
          </productDateTime>
          <location>
            <locationId>ATL</locationId>
            <terminal>S</terminal>
          </location>
          <location>
            <locationId>MIA</locationId>
          </location>
          <companyId>
            <marketingCarrier>DL</marketingCarrier>
            <operatingCarrier>DL</operatingCarrier>
          </companyId>
          <flightOrtrainNumber>2025</flightOrtrainNumber>
          <productDetail>
            <equipmentType>321</equipmentType>
          </productDetail>
          <addProductDetail>
            <electronicTicketing>Y</electronicTicketing>
            <productDetailQualifier>LCA</productDetailQualifier>
          </addProductDetail>
        </flightInformation>
        <fareBasis>VAVNA0BQ</fareBasis>
        <fareType>RP</fareType>
        <cabinProduct>
          <rbd>E</rbd>
          <cabin>M</cabin>
          <avlStatus>9</avlStatus>
        </cabinProduct>
        <bookingClassDetails>
          <designator>M</designator>
        </bookingClassDetails>
      </flightDetails>
    </returnFlights>
    <paxFareProduct>
      <adults>
        <traveller>1</traveller>
        <baseFarePerAdult>156</baseFarePerAdult>
        <taxPerAdult>29.20</taxPerAdult>
      </adults>
      <totalbaseFare>156</totalbaseFare>
      <totaltax>29.20</totaltax>
      <totalFare>185.20</totalFare>
    </paxFareProduct>
  </CustomResponse>
  <CustomResponse>
    <searchID>2c2fded807ce1808fcd200418090124</searchID>
    <flightRefNumber>50ed7e7e5c5fbae39238d1c632d01c59_10</flightRefNumber>
    <Currency>USD</Currency>
    <departureFlights>
      <totalFlightDuration>0643</totalFlightDuration>
      <flightDetails>
        <flightInformation>
          <productDateTime>
            <dateOfDeparture>130820</dateOfDeparture>
            <timeOfDeparture>0530</timeOfDeparture>
            <dateOfArrival>130820</dateOfArrival>
            <timeOfArrival>0717</timeOfArrival>
          </productDateTime>
          <location>
            <locationId>MIA</locationId>
          </location>
          <location>
            <locationId>ATL</locationId>
            <terminal>S</terminal>
          </location>
          <companyId>
            <marketingCarrier>DL</marketingCarrier>
            <operatingCarrier>DL</operatingCarrier>
          </companyId>
          <flightOrtrainNumber>1987</flightOrtrainNumber>
          <productDetail>
            <equipmentType>321</equipmentType>
          </productDetail>
          <addProductDetail>
            <electronicTicketing>Y</electronicTicketing>
            <productDetailQualifier>LCA</productDetailQualifier>
          </addProductDetail>
        </flightInformation>
        <fareBasis>VAVNA0BQ</fareBasis>
        <fareType>RP</fareType>
        <cabinProduct>
          <rbd>E</rbd>
          <cabin>M</cabin>
          <avlStatus>9</avlStatus>
        </cabinProduct>
        <bookingClassDetails>
          <designator>M</designator>
        </bookingClassDetails>
      </flightDetails>
      <flightDetails>
        <flightInformation>
          <productDateTime>
            <dateOfDeparture>130820</dateOfDeparture>
            <timeOfDeparture>0955</timeOfDeparture>
            <dateOfArrival>130820</dateOfArrival>
            <timeOfArrival>1213</timeOfArrival>
          </productDateTime>
          <location>
            <locationId>ATL</locationId>
            <terminal>S</terminal>
          </location>
          <location>
            <locationId>JFK</locationId>
            <terminal>4</terminal>
          </location>
          <companyId>
            <marketingCarrier>DL</marketingCarrier>
            <operatingCarrier>DL</operatingCarrier>
          </companyId>
          <flightOrtrainNumber>843</flightOrtrainNumber>
          <productDetail>
            <equipmentType>739</equipmentType>
          </productDetail>
          <addProductDetail>
            <electronicTicketing>Y</electronicTicketing>
            <productDetailQualifier>LCA</productDetailQualifier>
          </addProductDetail>
        </flightInformation>
        <fareBasis>VAVNA0BQ</fareBasis>
        <fareType>RP</fareType>
        <cabinProduct>
          <rbd>E</rbd>
          <cabin>M</cabin>
          <avlStatus>9</avlStatus>
        </cabinProduct>
        <bookingClassDetails>
          <designator>M</designator>
        </bookingClassDetails>
      </flightDetails>
    </departureFlights>
    <returnFlights>
      <totalFlightDuration>0643</totalFlightDuration>
      <flightDetails>
        <flightInformation>
          <productDateTime>
            <dateOfDeparture>290920</dateOfDeparture>
            <timeOfDeparture>1129</timeOfDeparture>
            <dateOfArrival>290920</dateOfArrival>
            <timeOfArrival>1353</timeOfArrival>
          </productDateTime>
          <location>
            <locationId>JFK</locationId>
            <terminal>4</terminal>
          </location>
          <location>
            <locationId>ATL</locationId>
            <terminal>S</terminal>
          </location>
          <companyId>
            <marketingCarrier>DL</marketingCarrier>
            <operatingCarrier>DL</operatingCarrier>
          </companyId>
          <flightOrtrainNumber>2139</flightOrtrainNumber>
          <productDetail>
            <equipmentType>320</equipmentType>
          </productDetail>
          <addProductDetail>
            <electronicTicketing>Y</electronicTicketing>
            <productDetailQualifier>LCA</productDetailQualifier>
          </addProductDetail>
        </flightInformation>
        <fareBasis>VAVNA0BQ</fareBasis>
        <fareType>RP</fareType>
        <cabinProduct>
          <rbd>E</rbd>
          <cabin>M</cabin>
          <avlStatus>9</avlStatus>
        </cabinProduct>
        <bookingClassDetails>
          <designator>M</designator>
        </bookingClassDetails>
      </flightDetails>
      <flightDetails>
        <flightInformation>
          <productDateTime>
            <dateOfDeparture>290920</dateOfDeparture>
            <timeOfDeparture>1615</timeOfDeparture>
            <dateOfArrival>290920</dateOfArrival>
            <timeOfArrival>1812</timeOfArrival>
          </productDateTime>
          <location>
            <locationId>ATL</locationId>
            <terminal>S</terminal>
          </location>
          <location>
            <locationId>MIA</locationId>
          </location>
          <companyId>
            <marketingCarrier>DL</marketingCarrier>
            <operatingCarrier>DL</operatingCarrier>
          </companyId>
          <flightOrtrainNumber>2025</flightOrtrainNumber>
          <productDetail>
            <equipmentType>321</equipmentType>
          </productDetail>
          <addProductDetail>
            <electronicTicketing>Y</electronicTicketing>
            <productDetailQualifier>LCA</productDetailQualifier>
          </addProductDetail>
        </flightInformation>
        <fareBasis>VAVNA0BQ</fareBasis>
        <fareType>RP</fareType>
        <cabinProduct>
          <rbd>E</rbd>
          <cabin>M</cabin>
          <avlStatus>9</avlStatus>
        </cabinProduct>
        <bookingClassDetails>
          <designator>M</designator>
        </bookingClassDetails>
      </flightDetails>
    </returnFlights>
    <paxFareProduct>
      <adults>
        <traveller>1</traveller>
        <baseFarePerAdult>156</baseFarePerAdult>
        <taxPerAdult>29.20</taxPerAdult>
      </adults>
      <totalbaseFare>156</totalbaseFare>
      <totaltax>29.20</totaltax>
      <totalFare>185.20</totalFare>
    </paxFareProduct>
  </CustomResponse>
  <CustomResponse>
    <searchID>2c2fded807ce1808fcd200418090124</searchID>
    <flightRefNumber>9679fcd7e82555ed4039a83dd5445ebc_11</flightRefNumber>
    <Currency>USD</Currency>
    <departureFlights>
      <totalFlightDuration>0543</totalFlightDuration>
      <flightDetails>
        <flightInformation>
          <productDateTime>
            <dateOfDeparture>130820</dateOfDeparture>
            <timeOfDeparture>0630</timeOfDeparture>
            <dateOfArrival>130820</dateOfArrival>
            <timeOfArrival>0824</timeOfArrival>
          </productDateTime>
          <location>
            <locationId>MIA</locationId>
          </location>
          <location>
            <locationId>ATL</locationId>
            <terminal>S</terminal>
          </location>
          <companyId>
            <marketingCarrier>DL</marketingCarrier>
            <operatingCarrier>DL</operatingCarrier>
          </companyId>
          <flightOrtrainNumber>940</flightOrtrainNumber>
          <productDetail>
            <equipmentType>321</equipmentType>
          </productDetail>
          <addProductDetail>
            <electronicTicketing>Y</electronicTicketing>
            <productDetailQualifier>LCA</productDetailQualifier>
          </addProductDetail>
        </flightInformation>
        <fareBasis>VAVNA0BQ</fareBasis>
        <fareType>RP</fareType>
        <cabinProduct>
          <rbd>E</rbd>
          <cabin>M</cabin>
          <avlStatus>9</avlStatus>
        </cabinProduct>
        <bookingClassDetails>
          <designator>M</designator>
        </bookingClassDetails>
      </flightDetails>
      <flightDetails>
        <flightInformation>
          <productDateTime>
            <dateOfDeparture>130820</dateOfDeparture>
            <timeOfDeparture>0955</timeOfDeparture>
            <dateOfArrival>130820</dateOfArrival>
            <timeOfArrival>1213</timeOfArrival>
          </productDateTime>
          <location>
            <locationId>ATL</locationId>
            <terminal>S</terminal>
          </location>
          <location>
            <locationId>JFK</locationId>
            <terminal>4</terminal>
          </location>
          <companyId>
            <marketingCarrier>DL</marketingCarrier>
            <operatingCarrier>DL</operatingCarrier>
          </companyId>
          <flightOrtrainNumber>843</flightOrtrainNumber>
          <productDetail>
            <equipmentType>739</equipmentType>
          </productDetail>
          <addProductDetail>
            <electronicTicketing>Y</electronicTicketing>
            <productDetailQualifier>LCA</productDetailQualifier>
          </addProductDetail>
        </flightInformation>
        <fareBasis>VAVNA0BQ</fareBasis>
        <fareType>RP</fareType>
        <cabinProduct>
          <rbd>E</rbd>
          <cabin>M</cabin>
          <avlStatus>9</avlStatus>
        </cabinProduct>
        <bookingClassDetails>
          <designator>M</designator>
        </bookingClassDetails>
      </flightDetails>
    </departureFlights>
    <returnFlights>
      <totalFlightDuration>0801</totalFlightDuration>
      <flightDetails>
        <flightInformation>
          <productDateTime>
            <dateOfDeparture>290920</dateOfDeparture>
            <timeOfDeparture>1229</timeOfDeparture>
            <dateOfArrival>290920</dateOfArrival>
            <timeOfArrival>1432</timeOfArrival>
          </productDateTime>
          <location>
            <locationId>JFK</locationId>
            <terminal>4</terminal>
          </location>
          <location>
            <locationId>DTW</locationId>
            <terminal>EM</terminal>
          </location>
          <companyId>
            <marketingCarrier>DL</marketingCarrier>
          </companyId>
          <flightOrtrainNumber>4758</flightOrtrainNumber>
          <productDetail>
            <equipmentType>CR9</equipmentType>
          </productDetail>
          <addProductDetail>
            <electronicTicketing>Y</electronicTicketing>
            <productDetailQualifier>LCA</productDetailQualifier>
          </addProductDetail>
        </flightInformation>
        <fareBasis>VAVNA0BQ</fareBasis>
        <fareType>RP</fareType>
        <cabinProduct>
          <rbd>E</rbd>
          <cabin>M</cabin>
          <avlStatus>9</avlStatus>
        </cabinProduct>
        <bookingClassDetails>
          <designator>M</designator>
        </bookingClassDetails>
      </flightDetails>
      <flightDetails>
        <flightInformation>
          <productDateTime>
            <dateOfDeparture>290920</dateOfDeparture>
            <timeOfDeparture>1740</timeOfDeparture>
            <dateOfArrival>290920</dateOfArrival>
            <timeOfArrival>2030</timeOfArrival>
          </productDateTime>
          <location>
            <locationId>DTW</locationId>
            <terminal>EM</terminal>
          </location>
          <location>
            <locationId>MIA</locationId>
          </location>
          <companyId>
            <marketingCarrier>DL</marketingCarrier>
            <operatingCarrier>DL</operatingCarrier>
          </companyId>
          <flightOrtrainNumber>3025</flightOrtrainNumber>
          <productDetail>
            <equipmentType>319</equipmentType>
          </productDetail>
          <addProductDetail>
            <electronicTicketing>Y</electronicTicketing>
            <productDetailQualifier>LCA</productDetailQualifier>
          </addProductDetail>
        </flightInformation>
        <fareBasis>VAVNA0BQ</fareBasis>
        <fareType>RP</fareType>
        <cabinProduct>
          <rbd>E</rbd>
          <cabin>M</cabin>
          <avlStatus>9</avlStatus>
        </cabinProduct>
        <bookingClassDetails>
          <designator>M</designator>
        </bookingClassDetails>
      </flightDetails>
    </returnFlights>
    <paxFareProduct>
      <adults>
        <traveller>1</traveller>
        <baseFarePerAdult>156</baseFarePerAdult>
        <taxPerAdult>29.20</taxPerAdult>
      </adults>
      <totalbaseFare>156</totalbaseFare>
      <totaltax>29.20</totaltax>
      <totalFare>185.20</totalFare>
    </paxFareProduct>
  </CustomResponse>
  <CustomResponse>
    <searchID>2c2fded807ce1808fcd200418090124</searchID>
    <flightRefNumber>0f9877623029943af74cde2295a98ff0_12</flightRefNumber>
    <Currency>USD</Currency>
    <departureFlights>
      <totalFlightDuration>0643</totalFlightDuration>
      <flightDetails>
        <flightInformation>
          <productDateTime>
            <dateOfDeparture>130820</dateOfDeparture>
            <timeOfDeparture>0530</timeOfDeparture>
            <dateOfArrival>130820</dateOfArrival>
            <timeOfArrival>0717</timeOfArrival>
          </productDateTime>
          <location>
            <locationId>MIA</locationId>
          </location>
          <location>
            <locationId>ATL</locationId>
            <terminal>S</terminal>
          </location>
          <companyId>
            <marketingCarrier>DL</marketingCarrier>
            <operatingCarrier>DL</operatingCarrier>
          </companyId>
          <flightOrtrainNumber>1987</flightOrtrainNumber>
          <productDetail>
            <equipmentType>321</equipmentType>
          </productDetail>
          <addProductDetail>
            <electronicTicketing>Y</electronicTicketing>
            <productDetailQualifier>LCA</productDetailQualifier>
          </addProductDetail>
        </flightInformation>
        <fareBasis>VAVNA0BQ</fareBasis>
        <fareType>RP</fareType>
        <cabinProduct>
          <rbd>E</rbd>
          <cabin>M</cabin>
          <avlStatus>9</avlStatus>
        </cabinProduct>
        <bookingClassDetails>
          <designator>M</designator>
        </bookingClassDetails>
      </flightDetails>
      <flightDetails>
        <flightInformation>
          <productDateTime>
            <dateOfDeparture>130820</dateOfDeparture>
            <timeOfDeparture>0955</timeOfDeparture>
            <dateOfArrival>130820</dateOfArrival>
            <timeOfArrival>1213</timeOfArrival>
          </productDateTime>
          <location>
            <locationId>ATL</locationId>
            <terminal>S</terminal>
          </location>
          <location>
            <locationId>JFK</locationId>
            <terminal>4</terminal>
          </location>
          <companyId>
            <marketingCarrier>DL</marketingCarrier>
            <operatingCarrier>DL</operatingCarrier>
          </companyId>
          <flightOrtrainNumber>843</flightOrtrainNumber>
          <productDetail>
            <equipmentType>739</equipmentType>
          </productDetail>
          <addProductDetail>
            <electronicTicketing>Y</electronicTicketing>
            <productDetailQualifier>LCA</productDetailQualifier>
          </addProductDetail>
        </flightInformation>
        <fareBasis>VAVNA0BQ</fareBasis>
        <fareType>RP</fareType>
        <cabinProduct>
          <rbd>E</rbd>
          <cabin>M</cabin>
          <avlStatus>9</avlStatus>
        </cabinProduct>
        <bookingClassDetails>
          <designator>M</designator>
        </bookingClassDetails>
      </flightDetails>
    </departureFlights>
    <returnFlights>
      <totalFlightDuration>0801</totalFlightDuration>
      <flightDetails>
        <flightInformation>
          <productDateTime>
            <dateOfDeparture>290920</dateOfDeparture>
            <timeOfDeparture>1229</timeOfDeparture>
            <dateOfArrival>290920</dateOfArrival>
            <timeOfArrival>1432</timeOfArrival>
          </productDateTime>
          <location>
            <locationId>JFK</locationId>
            <terminal>4</terminal>
          </location>
          <location>
            <locationId>DTW</locationId>
            <terminal>EM</terminal>
          </location>
          <companyId>
            <marketingCarrier>DL</marketingCarrier>
          </companyId>
          <flightOrtrainNumber>4758</flightOrtrainNumber>
          <productDetail>
            <equipmentType>CR9</equipmentType>
          </productDetail>
          <addProductDetail>
            <electronicTicketing>Y</electronicTicketing>
            <productDetailQualifier>LCA</productDetailQualifier>
          </addProductDetail>
        </flightInformation>
        <fareBasis>VAVNA0BQ</fareBasis>
        <fareType>RP</fareType>
        <cabinProduct>
          <rbd>E</rbd>
          <cabin>M</cabin>
          <avlStatus>9</avlStatus>
        </cabinProduct>
        <bookingClassDetails>
          <designator>M</designator>
        </bookingClassDetails>
      </flightDetails>
      <flightDetails>
        <flightInformation>
          <productDateTime>
            <dateOfDeparture>290920</dateOfDeparture>
            <timeOfDeparture>1740</timeOfDeparture>
            <dateOfArrival>290920</dateOfArrival>
            <timeOfArrival>2030</timeOfArrival>
          </productDateTime>
          <location>
            <locationId>DTW</locationId>
            <terminal>EM</terminal>
          </location>
          <location>
            <locationId>MIA</locationId>
          </location>
          <companyId>
            <marketingCarrier>DL</marketingCarrier>
            <operatingCarrier>DL</operatingCarrier>
          </companyId>
          <flightOrtrainNumber>3025</flightOrtrainNumber>
          <productDetail>
            <equipmentType>319</equipmentType>
          </productDetail>
          <addProductDetail>
            <electronicTicketing>Y</electronicTicketing>
            <productDetailQualifier>LCA</productDetailQualifier>
          </addProductDetail>
        </flightInformation>
        <fareBasis>VAVNA0BQ</fareBasis>
        <fareType>RP</fareType>
        <cabinProduct>
          <rbd>E</rbd>
          <cabin>M</cabin>
          <avlStatus>9</avlStatus>
        </cabinProduct>
        <bookingClassDetails>
          <designator>M</designator>
        </bookingClassDetails>
      </flightDetails>
    </returnFlights>
    <paxFareProduct>
      <adults>
        <traveller>1</traveller>
        <baseFarePerAdult>156</baseFarePerAdult>
        <taxPerAdult>29.20</taxPerAdult>
      </adults>
      <totalbaseFare>156</totalbaseFare>
      <totaltax>29.20</totaltax>
      <totalFare>185.20</totalFare>
    </paxFareProduct>
  </CustomResponse>
  <CustomResponse>
    <searchID>2c2fded807ce1808fcd200418090124</searchID>
    <flightRefNumber>2176055c49a928c94085ee4332ad02ae_13</flightRefNumber>
    <Currency>USD</Currency>
    <departureFlights>
      <totalFlightDuration>0314</totalFlightDuration>
      <flightDetails>
        <flightInformation>
          <productDateTime>
            <dateOfDeparture>130820</dateOfDeparture>
            <timeOfDeparture>1958</timeOfDeparture>
            <dateOfArrival>130820</dateOfArrival>
            <timeOfArrival>2312</timeOfArrival>
          </productDateTime>
          <location>
            <locationId>MIA</locationId>
          </location>
          <location>
            <locationId>JFK</locationId>
            <terminal>4</terminal>
          </location>
          <companyId>
            <marketingCarrier>DL</marketingCarrier>
            <operatingCarrier>DL</operatingCarrier>
          </companyId>
          <flightOrtrainNumber>2385</flightOrtrainNumber>
          <productDetail>
            <equipmentType>321</equipmentType>
          </productDetail>
          <addProductDetail>
            <electronicTicketing>Y</electronicTicketing>
            <productDetailQualifier>IAC</productDetailQualifier>
          </addProductDetail>
        </flightInformation>
        <fareBasis>XAVQA0BQ</fareBasis>
        <fareType>RP</fareType>
        <cabinProduct>
          <rbd>E</rbd>
          <cabin>M</cabin>
          <avlStatus>9</avlStatus>
        </cabinProduct>
        <bookingClassDetails>
          <designator>M</designator>
        </bookingClassDetails>
      </flightDetails>
    </departureFlights>
    <returnFlights>
      <totalFlightDuration>0308</totalFlightDuration>
      <flightDetails>
        <flightInformation>
          <productDateTime>
            <dateOfDeparture>290920</dateOfDeparture>
            <timeOfDeparture>0805</timeOfDeparture>
            <dateOfArrival>290920</dateOfArrival>
            <timeOfArrival>1113</timeOfArrival>
          </productDateTime>
          <location>
            <locationId>JFK</locationId>
            <terminal>4</terminal>
          </location>
          <location>
            <locationId>MIA</locationId>
          </location>
          <companyId>
            <marketingCarrier>DL</marketingCarrier>
            <operatingCarrier>DL</operatingCarrier>
          </companyId>
          <flightOrtrainNumber>2190</flightOrtrainNumber>
          <productDetail>
            <equipmentType>321</equipmentType>
          </productDetail>
          <addProductDetail>
            <electronicTicketing>Y</electronicTicketing>
            <productDetailQualifier>IAC</productDetailQualifier>
          </addProductDetail>
        </flightInformation>
        <fareBasis>VAVNA0BQ</fareBasis>
        <fareType>RP</fareType>
        <cabinProduct>
          <rbd>E</rbd>
          <cabin>M</cabin>
          <avlStatus>9</avlStatus>
        </cabinProduct>
        <bookingClassDetails>
          <designator>M</designator>
        </bookingClassDetails>
      </flightDetails>
    </returnFlights>
    <paxFareProduct>
      <adults>
        <traveller>1</traveller>
        <baseFarePerAdult>166</baseFarePerAdult>
        <taxPerAdult>20.20</taxPerAdult>
      </adults>
      <totalbaseFare>166</totalbaseFare>
      <totaltax>20.20</totaltax>
      <totalFare>186.20</totalFare>
    </paxFareProduct>
  </CustomResponse>
  <CustomResponse>
    <searchID>2c2fded807ce1808fcd200418090124</searchID>
    <flightRefNumber>040ff54aa60c38c0108eb2bf23c32646_14</flightRefNumber>
    <Currency>USD</Currency>
    <departureFlights>
      <totalFlightDuration>0314</totalFlightDuration>
      <flightDetails>
        <flightInformation>
          <productDateTime>
            <dateOfDeparture>130820</dateOfDeparture>
            <timeOfDeparture>1958</timeOfDeparture>
            <dateOfArrival>130820</dateOfArrival>
            <timeOfArrival>2312</timeOfArrival>
          </productDateTime>
          <location>
            <locationId>MIA</locationId>
          </location>
          <location>
            <locationId>JFK</locationId>
            <terminal>4</terminal>
          </location>
          <companyId>
            <marketingCarrier>DL</marketingCarrier>
            <operatingCarrier>DL</operatingCarrier>
          </companyId>
          <flightOrtrainNumber>2385</flightOrtrainNumber>
          <productDetail>
            <equipmentType>321</equipmentType>
          </productDetail>
          <addProductDetail>
            <electronicTicketing>Y</electronicTicketing>
            <productDetailQualifier>IAC</productDetailQualifier>
          </addProductDetail>
        </flightInformation>
        <fareBasis>XAVQA0BQ</fareBasis>
        <fareType>RP</fareType>
        <cabinProduct>
          <rbd>E</rbd>
          <cabin>M</cabin>
          <avlStatus>9</avlStatus>
        </cabinProduct>
        <bookingClassDetails>
          <designator>M</designator>
        </bookingClassDetails>
      </flightDetails>
    </departureFlights>
    <returnFlights>
      <totalFlightDuration>0310</totalFlightDuration>
      <flightDetails>
        <flightInformation>
          <productDateTime>
            <dateOfDeparture>290920</dateOfDeparture>
            <timeOfDeparture>1230</timeOfDeparture>
            <dateOfArrival>290920</dateOfArrival>
            <timeOfArrival>1540</timeOfArrival>
          </productDateTime>
          <location>
            <locationId>JFK</locationId>
            <terminal>4</terminal>
          </location>
          <location>
            <locationId>MIA</locationId>
          </location>
          <companyId>
            <marketingCarrier>DL</marketingCarrier>
            <operatingCarrier>DL</operatingCarrier>
          </companyId>
          <flightOrtrainNumber>2175</flightOrtrainNumber>
          <productDetail>
            <equipmentType>321</equipmentType>
          </productDetail>
          <addProductDetail>
            <electronicTicketing>Y</electronicTicketing>
            <productDetailQualifier>IAC</productDetailQualifier>
          </addProductDetail>
        </flightInformation>
        <fareBasis>VAVNA0BQ</fareBasis>
        <fareType>RP</fareType>
        <cabinProduct>
          <rbd>E</rbd>
          <cabin>M</cabin>
          <avlStatus>9</avlStatus>
        </cabinProduct>
        <bookingClassDetails>
          <designator>M</designator>
        </bookingClassDetails>
      </flightDetails>
    </returnFlights>
    <paxFareProduct>
      <adults>
        <traveller>1</traveller>
        <baseFarePerAdult>166</baseFarePerAdult>
        <taxPerAdult>20.20</taxPerAdult>
      </adults>
      <totalbaseFare>166</totalbaseFare>
      <totaltax>20.20</totaltax>
      <totalFare>186.20</totalFare>
    </paxFareProduct>
  </CustomResponse>
  <CustomResponse>
    <searchID>2c2fded807ce1808fcd200418090124</searchID>
    <flightRefNumber>48cb512c82a3fd990419ae767a416853_15</flightRefNumber>
    <Currency>USD</Currency>
    <departureFlights>
      <totalFlightDuration>0314</totalFlightDuration>
      <flightDetails>
        <flightInformation>
          <productDateTime>
            <dateOfDeparture>130820</dateOfDeparture>
            <timeOfDeparture>1958</timeOfDeparture>
            <dateOfArrival>130820</dateOfArrival>
            <timeOfArrival>2312</timeOfArrival>
          </productDateTime>
          <location>
            <locationId>MIA</locationId>
          </location>
          <location>
            <locationId>JFK</locationId>
            <terminal>4</terminal>
          </location>
          <companyId>
            <marketingCarrier>DL</marketingCarrier>
            <operatingCarrier>DL</operatingCarrier>
          </companyId>
          <flightOrtrainNumber>2385</flightOrtrainNumber>
          <productDetail>
            <equipmentType>321</equipmentType>
          </productDetail>
          <addProductDetail>
            <electronicTicketing>Y</electronicTicketing>
            <productDetailQualifier>IAC</productDetailQualifier>
          </addProductDetail>
        </flightInformation>
        <fareBasis>XAVQA0BQ</fareBasis>
        <fareType>RP</fareType>
        <cabinProduct>
          <rbd>E</rbd>
          <cabin>M</cabin>
          <avlStatus>9</avlStatus>
        </cabinProduct>
        <bookingClassDetails>
          <designator>M</designator>
        </bookingClassDetails>
      </flightDetails>
    </departureFlights>
    <returnFlights>
      <totalFlightDuration>0315</totalFlightDuration>
      <flightDetails>
        <flightInformation>
          <productDateTime>
            <dateOfDeparture>290920</dateOfDeparture>
            <timeOfDeparture>1530</timeOfDeparture>
            <dateOfArrival>290920</dateOfArrival>
            <timeOfArrival>1845</timeOfArrival>
          </productDateTime>
          <location>
            <locationId>JFK</locationId>
            <terminal>4</terminal>
          </location>
          <location>
            <locationId>MIA</locationId>
          </location>
          <companyId>
            <marketingCarrier>DL</marketingCarrier>
            <operatingCarrier>DL</operatingCarrier>
          </companyId>
          <flightOrtrainNumber>2385</flightOrtrainNumber>
          <productDetail>
            <equipmentType>321</equipmentType>
          </productDetail>
          <addProductDetail>
            <electronicTicketing>Y</electronicTicketing>
            <productDetailQualifier>IAC</productDetailQualifier>
          </addProductDetail>
        </flightInformation>
        <fareBasis>VAVNA0BQ</fareBasis>
        <fareType>RP</fareType>
        <cabinProduct>
          <rbd>E</rbd>
          <cabin>M</cabin>
          <avlStatus>9</avlStatus>
        </cabinProduct>
        <bookingClassDetails>
          <designator>M</designator>
        </bookingClassDetails>
      </flightDetails>
    </returnFlights>
    <paxFareProduct>
      <adults>
        <traveller>1</traveller>
        <baseFarePerAdult>166</baseFarePerAdult>
        <taxPerAdult>20.20</taxPerAdult>
      </adults>
      <totalbaseFare>166</totalbaseFare>
      <totaltax>20.20</totaltax>
      <totalFare>186.20</totalFare>
    </paxFareProduct>
  </CustomResponse>
  <CustomResponse>
    <searchID>2c2fded807ce1808fcd200418090124</searchID>
    <flightRefNumber>f29aa016387debac7bfadb43b68713e9_16</flightRefNumber>
    <Currency>USD</Currency>
    <departureFlights>
      <totalFlightDuration>0314</totalFlightDuration>
      <flightDetails>
        <flightInformation>
          <productDateTime>
            <dateOfDeparture>130820</dateOfDeparture>
            <timeOfDeparture>1958</timeOfDeparture>
            <dateOfArrival>130820</dateOfArrival>
            <timeOfArrival>2312</timeOfArrival>
          </productDateTime>
          <location>
            <locationId>MIA</locationId>
          </location>
          <location>
            <locationId>JFK</locationId>
            <terminal>4</terminal>
          </location>
          <companyId>
            <marketingCarrier>DL</marketingCarrier>
            <operatingCarrier>DL</operatingCarrier>
          </companyId>
          <flightOrtrainNumber>2385</flightOrtrainNumber>
          <productDetail>
            <equipmentType>321</equipmentType>
          </productDetail>
          <addProductDetail>
            <electronicTicketing>Y</electronicTicketing>
            <productDetailQualifier>IAC</productDetailQualifier>
          </addProductDetail>
        </flightInformation>
        <fareBasis>XAVQA0BQ</fareBasis>
        <fareType>RP</fareType>
        <cabinProduct>
          <rbd>E</rbd>
          <cabin>M</cabin>
          <avlStatus>9</avlStatus>
        </cabinProduct>
        <bookingClassDetails>
          <designator>M</designator>
        </bookingClassDetails>
      </flightDetails>
    </departureFlights>
    <returnFlights>
      <totalFlightDuration>0315</totalFlightDuration>
      <flightDetails>
        <flightInformation>
          <productDateTime>
            <dateOfDeparture>290920</dateOfDeparture>
            <timeOfDeparture>2030</timeOfDeparture>
            <dateOfArrival>290920</dateOfArrival>
            <timeOfArrival>2345</timeOfArrival>
          </productDateTime>
          <location>
            <locationId>JFK</locationId>
            <terminal>4</terminal>
          </location>
          <location>
            <locationId>MIA</locationId>
          </location>
          <companyId>
            <marketingCarrier>DL</marketingCarrier>
            <operatingCarrier>DL</operatingCarrier>
          </companyId>
          <flightOrtrainNumber>2756</flightOrtrainNumber>
          <productDetail>
            <equipmentType>321</equipmentType>
          </productDetail>
          <addProductDetail>
            <electronicTicketing>Y</electronicTicketing>
            <productDetailQualifier>IAC</productDetailQualifier>
          </addProductDetail>
        </flightInformation>
        <fareBasis>VAVNA0BQ</fareBasis>
        <fareType>RP</fareType>
        <cabinProduct>
          <rbd>E</rbd>
          <cabin>M</cabin>
          <avlStatus>9</avlStatus>
        </cabinProduct>
        <bookingClassDetails>
          <designator>M</designator>
        </bookingClassDetails>
      </flightDetails>
    </returnFlights>
    <paxFareProduct>
      <adults>
        <traveller>1</traveller>
        <baseFarePerAdult>166</baseFarePerAdult>
        <taxPerAdult>20.20</taxPerAdult>
      </adults>
      <totalbaseFare>166</totalbaseFare>
      <totaltax>20.20</totaltax>
      <totalFare>186.20</totalFare>
    </paxFareProduct>
  </CustomResponse>
  <CustomResponse>
    <searchID>2c2fded807ce1808fcd200418090124</searchID>
    <flightRefNumber>65a3ac9499b4daf7431bf26171eff40d_17</flightRefNumber>
    <Currency>USD</Currency>
    <departureFlights>
      <totalFlightDuration>0559</totalFlightDuration>
      <flightDetails>
        <flightInformation>
          <productDateTime>
            <dateOfDeparture>130820</dateOfDeparture>
            <timeOfDeparture>0730</timeOfDeparture>
            <dateOfArrival>130820</dateOfArrival>
            <timeOfArrival>0929</timeOfArrival>
          </productDateTime>
          <location>
            <locationId>MIA</locationId>
          </location>
          <location>
            <locationId>ATL</locationId>
            <terminal>S</terminal>
          </location>
          <companyId>
            <marketingCarrier>DL</marketingCarrier>
            <operatingCarrier>DL</operatingCarrier>
          </companyId>
          <flightOrtrainNumber>891</flightOrtrainNumber>
          <productDetail>
            <equipmentType>321</equipmentType>
          </productDetail>
          <addProductDetail>
            <electronicTicketing>Y</electronicTicketing>
            <productDetailQualifier>LCA</productDetailQualifier>
          </addProductDetail>
        </flightInformation>
        <fareBasis>XAVQA0BQ</fareBasis>
        <fareType>RP</fareType>
        <cabinProduct>
          <rbd>E</rbd>
          <cabin>M</cabin>
          <avlStatus>9</avlStatus>
        </cabinProduct>
        <bookingClassDetails>
          <designator>M</designator>
        </bookingClassDetails>
      </flightDetails>
      <flightDetails>
        <flightInformation>
          <productDateTime>
            <dateOfDeparture>130820</dateOfDeparture>
            <timeOfDeparture>1107</timeOfDeparture>
            <dateOfArrival>130820</dateOfArrival>
            <timeOfArrival>1329</timeOfArrival>
          </productDateTime>
          <location>
            <locationId>ATL</locationId>
            <terminal>S</terminal>
          </location>
          <location>
            <locationId>JFK</locationId>
            <terminal>4</terminal>
          </location>
          <companyId>
            <marketingCarrier>DL</marketingCarrier>
            <operatingCarrier>DL</operatingCarrier>
          </companyId>
          <flightOrtrainNumber>2684</flightOrtrainNumber>
          <productDetail>
            <equipmentType>757</equipmentType>
          </productDetail>
          <addProductDetail>
            <electronicTicketing>Y</electronicTicketing>
            <productDetailQualifier>LCA</productDetailQualifier>
          </addProductDetail>
        </flightInformation>
        <fareBasis>XAVQA0BQ</fareBasis>
        <fareType>RP</fareType>
        <cabinProduct>
          <rbd>E</rbd>
          <cabin>M</cabin>
          <avlStatus>9</avlStatus>
        </cabinProduct>
        <bookingClassDetails>
          <designator>M</designator>
        </bookingClassDetails>
      </flightDetails>
    </departureFlights>
    <returnFlights>
      <totalFlightDuration>0308</totalFlightDuration>
      <flightDetails>
        <flightInformation>
          <productDateTime>
            <dateOfDeparture>290920</dateOfDeparture>
            <timeOfDeparture>0805</timeOfDeparture>
            <dateOfArrival>290920</dateOfArrival>
            <timeOfArrival>1113</timeOfArrival>
          </productDateTime>
          <location>
            <locationId>JFK</locationId>
            <terminal>4</terminal>
          </location>
          <location>
            <locationId>MIA</locationId>
          </location>
          <companyId>
            <marketingCarrier>DL</marketingCarrier>
            <operatingCarrier>DL</operatingCarrier>
          </companyId>
          <flightOrtrainNumber>2190</flightOrtrainNumber>
          <productDetail>
            <equipmentType>321</equipmentType>
          </productDetail>
          <addProductDetail>
            <electronicTicketing>Y</electronicTicketing>
            <productDetailQualifier>IAC</productDetailQualifier>
          </addProductDetail>
        </flightInformation>
        <fareBasis>VAVNA0BQ</fareBasis>
        <fareType>RP</fareType>
        <cabinProduct>
          <rbd>E</rbd>
          <cabin>M</cabin>
          <avlStatus>9</avlStatus>
        </cabinProduct>
        <bookingClassDetails>
          <designator>M</designator>
        </bookingClassDetails>
      </flightDetails>
    </returnFlights>
    <paxFareProduct>
      <adults>
        <traveller>1</traveller>
        <baseFarePerAdult>166</baseFarePerAdult>
        <taxPerAdult>24.70</taxPerAdult>
      </adults>
      <totalbaseFare>166</totalbaseFare>
      <totaltax>24.70</totaltax>
      <totalFare>190.70</totalFare>
    </paxFareProduct>
  </CustomResponse>
  <CustomResponse>
    <searchID>2c2fded807ce1808fcd200418090124</searchID>
    <flightRefNumber>e4aa2d444d85dd310c64dcedd14c2cec_18</flightRefNumber>
    <Currency>USD</Currency>
    <departureFlights>
      <totalFlightDuration>0659</totalFlightDuration>
      <flightDetails>
        <flightInformation>
          <productDateTime>
            <dateOfDeparture>130820</dateOfDeparture>
            <timeOfDeparture>0630</timeOfDeparture>
            <dateOfArrival>130820</dateOfArrival>
            <timeOfArrival>0824</timeOfArrival>
          </productDateTime>
          <location>
            <locationId>MIA</locationId>
          </location>
          <location>
            <locationId>ATL</locationId>
            <terminal>S</terminal>
          </location>
          <companyId>
            <marketingCarrier>DL</marketingCarrier>
            <operatingCarrier>DL</operatingCarrier>
          </companyId>
          <flightOrtrainNumber>940</flightOrtrainNumber>
          <productDetail>
            <equipmentType>321</equipmentType>
          </productDetail>
          <addProductDetail>
            <electronicTicketing>Y</electronicTicketing>
            <productDetailQualifier>LCA</productDetailQualifier>
          </addProductDetail>
        </flightInformation>
        <fareBasis>XAVQA0BQ</fareBasis>
        <fareType>RP</fareType>
        <cabinProduct>
          <rbd>E</rbd>
          <cabin>M</cabin>
          <avlStatus>9</avlStatus>
        </cabinProduct>
        <bookingClassDetails>
          <designator>M</designator>
        </bookingClassDetails>
      </flightDetails>
      <flightDetails>
        <flightInformation>
          <productDateTime>
            <dateOfDeparture>130820</dateOfDeparture>
            <timeOfDeparture>1107</timeOfDeparture>
            <dateOfArrival>130820</dateOfArrival>
            <timeOfArrival>1329</timeOfArrival>
          </productDateTime>
          <location>
            <locationId>ATL</locationId>
            <terminal>S</terminal>
          </location>
          <location>
            <locationId>JFK</locationId>
            <terminal>4</terminal>
          </location>
          <companyId>
            <marketingCarrier>DL</marketingCarrier>
            <operatingCarrier>DL</operatingCarrier>
          </companyId>
          <flightOrtrainNumber>2684</flightOrtrainNumber>
          <productDetail>
            <equipmentType>757</equipmentType>
          </productDetail>
          <addProductDetail>
            <electronicTicketing>Y</electronicTicketing>
            <productDetailQualifier>LCA</productDetailQualifier>
          </addProductDetail>
        </flightInformation>
        <fareBasis>XAVQA0BQ</fareBasis>
        <fareType>RP</fareType>
        <cabinProduct>
          <rbd>E</rbd>
          <cabin>M</cabin>
          <avlStatus>9</avlStatus>
        </cabinProduct>
        <bookingClassDetails>
          <designator>M</designator>
        </bookingClassDetails>
      </flightDetails>
    </departureFlights>
    <returnFlights>
      <totalFlightDuration>0308</totalFlightDuration>
      <flightDetails>
        <flightInformation>
          <productDateTime>
            <dateOfDeparture>290920</dateOfDeparture>
            <timeOfDeparture>0805</timeOfDeparture>
            <dateOfArrival>290920</dateOfArrival>
            <timeOfArrival>1113</timeOfArrival>
          </productDateTime>
          <location>
            <locationId>JFK</locationId>
            <terminal>4</terminal>
          </location>
          <location>
            <locationId>MIA</locationId>
          </location>
          <companyId>
            <marketingCarrier>DL</marketingCarrier>
            <operatingCarrier>DL</operatingCarrier>
          </companyId>
          <flightOrtrainNumber>2190</flightOrtrainNumber>
          <productDetail>
            <equipmentType>321</equipmentType>
          </productDetail>
          <addProductDetail>
            <electronicTicketing>Y</electronicTicketing>
            <productDetailQualifier>IAC</productDetailQualifier>
          </addProductDetail>
        </flightInformation>
        <fareBasis>VAVNA0BQ</fareBasis>
        <fareType>RP</fareType>
        <cabinProduct>
          <rbd>E</rbd>
          <cabin>M</cabin>
          <avlStatus>9</avlStatus>
        </cabinProduct>
        <bookingClassDetails>
          <designator>M</designator>
        </bookingClassDetails>
      </flightDetails>
    </returnFlights>
    <paxFareProduct>
      <adults>
        <traveller>1</traveller>
        <baseFarePerAdult>166</baseFarePerAdult>
        <taxPerAdult>24.70</taxPerAdult>
      </adults>
      <totalbaseFare>166</totalbaseFare>
      <totaltax>24.70</totaltax>
      <totalFare>190.70</totalFare>
    </paxFareProduct>
  </CustomResponse>
  <CustomResponse>
    <searchID>2c2fded807ce1808fcd200418090124</searchID>
    <flightRefNumber>ecbe8c37062416bf17f7ff00a575e8dc_19</flightRefNumber>
    <Currency>USD</Currency>
    <departureFlights>
      <totalFlightDuration>0314</totalFlightDuration>
      <flightDetails>
        <flightInformation>
          <productDateTime>
            <dateOfDeparture>130820</dateOfDeparture>
            <timeOfDeparture>1958</timeOfDeparture>
            <dateOfArrival>130820</dateOfArrival>
            <timeOfArrival>2312</timeOfArrival>
          </productDateTime>
          <location>
            <locationId>MIA</locationId>
          </location>
          <location>
            <locationId>JFK</locationId>
            <terminal>4</terminal>
          </location>
          <companyId>
            <marketingCarrier>DL</marketingCarrier>
            <operatingCarrier>DL</operatingCarrier>
          </companyId>
          <flightOrtrainNumber>2385</flightOrtrainNumber>
          <productDetail>
            <equipmentType>321</equipmentType>
          </productDetail>
          <addProductDetail>
            <electronicTicketing>Y</electronicTicketing>
            <productDetailQualifier>IAC</productDetailQualifier>
          </addProductDetail>
        </flightInformation>
        <fareBasis>XAVQA0BQ</fareBasis>
        <fareType>RP</fareType>
        <cabinProduct>
          <rbd>E</rbd>
          <cabin>M</cabin>
          <avlStatus>9</avlStatus>
        </cabinProduct>
        <bookingClassDetails>
          <designator>M</designator>
        </bookingClassDetails>
      </flightDetails>
    </departureFlights>
    <returnFlights>
      <totalFlightDuration>0643</totalFlightDuration>
      <flightDetails>
        <flightInformation>
          <productDateTime>
            <dateOfDeparture>290920</dateOfDeparture>
            <timeOfDeparture>1129</timeOfDeparture>
            <dateOfArrival>290920</dateOfArrival>
            <timeOfArrival>1353</timeOfArrival>
          </productDateTime>
          <location>
            <locationId>JFK</locationId>
            <terminal>4</terminal>
          </location>
          <location>
            <locationId>ATL</locationId>
            <terminal>S</terminal>
          </location>
          <companyId>
            <marketingCarrier>DL</marketingCarrier>
            <operatingCarrier>DL</operatingCarrier>
          </companyId>
          <flightOrtrainNumber>2139</flightOrtrainNumber>
          <productDetail>
            <equipmentType>320</equipmentType>
          </productDetail>
          <addProductDetail>
            <electronicTicketing>Y</electronicTicketing>
            <productDetailQualifier>LCA</productDetailQualifier>
          </addProductDetail>
        </flightInformation>
        <fareBasis>VAVNA0BQ</fareBasis>
        <fareType>RP</fareType>
        <cabinProduct>
          <rbd>E</rbd>
          <cabin>M</cabin>
          <avlStatus>9</avlStatus>
        </cabinProduct>
        <bookingClassDetails>
          <designator>M</designator>
        </bookingClassDetails>
      </flightDetails>
      <flightDetails>
        <flightInformation>
          <productDateTime>
            <dateOfDeparture>290920</dateOfDeparture>
            <timeOfDeparture>1615</timeOfDeparture>
            <dateOfArrival>290920</dateOfArrival>
            <timeOfArrival>1812</timeOfArrival>
          </productDateTime>
          <location>
            <locationId>ATL</locationId>
            <terminal>S</terminal>
          </location>
          <location>
            <locationId>MIA</locationId>
          </location>
          <companyId>
            <marketingCarrier>DL</marketingCarrier>
            <operatingCarrier>DL</operatingCarrier>
          </companyId>
          <flightOrtrainNumber>2025</flightOrtrainNumber>
          <productDetail>
            <equipmentType>321</equipmentType>
          </productDetail>
          <addProductDetail>
            <electronicTicketing>Y</electronicTicketing>
            <productDetailQualifier>LCA</productDetailQualifier>
          </addProductDetail>
        </flightInformation>
        <fareBasis>VAVNA0BQ</fareBasis>
        <fareType>RP</fareType>
        <cabinProduct>
          <rbd>E</rbd>
          <cabin>M</cabin>
          <avlStatus>9</avlStatus>
        </cabinProduct>
        <bookingClassDetails>
          <designator>M</designator>
        </bookingClassDetails>
      </flightDetails>
    </returnFlights>
    <paxFareProduct>
      <adults>
        <traveller>1</traveller>
        <baseFarePerAdult>166</baseFarePerAdult>
        <taxPerAdult>24.70</taxPerAdult>
      </adults>
      <totalbaseFare>166</totalbaseFare>
      <totaltax>24.70</totaltax>
      <totalFare>190.70</totalFare>
    </paxFareProduct>
  </CustomResponse>
  <CustomResponse>
    <searchID>2c2fded807ce1808fcd200418090124</searchID>
    <flightRefNumber>80a806bb2f7ef329b154898c07f25268_20</flightRefNumber>
    <Currency>USD</Currency>
    <departureFlights>
      <totalFlightDuration>0314</totalFlightDuration>
      <flightDetails>
        <flightInformation>
          <productDateTime>
            <dateOfDeparture>130820</dateOfDeparture>
            <timeOfDeparture>1958</timeOfDeparture>
            <dateOfArrival>130820</dateOfArrival>
            <timeOfArrival>2312</timeOfArrival>
          </productDateTime>
          <location>
            <locationId>MIA</locationId>
          </location>
          <location>
            <locationId>JFK</locationId>
            <terminal>4</terminal>
          </location>
          <companyId>
            <marketingCarrier>DL</marketingCarrier>
            <operatingCarrier>DL</operatingCarrier>
          </companyId>
          <flightOrtrainNumber>2385</flightOrtrainNumber>
          <productDetail>
            <equipmentType>321</equipmentType>
          </productDetail>
          <addProductDetail>
            <electronicTicketing>Y</electronicTicketing>
            <productDetailQualifier>IAC</productDetailQualifier>
          </addProductDetail>
        </flightInformation>
        <fareBasis>XAVQA0BQ</fareBasis>
        <fareType>RP</fareType>
        <cabinProduct>
          <rbd>E</rbd>
          <cabin>M</cabin>
          <avlStatus>9</avlStatus>
        </cabinProduct>
        <bookingClassDetails>
          <designator>M</designator>
        </bookingClassDetails>
      </flightDetails>
    </departureFlights>
    <returnFlights>
      <totalFlightDuration>0801</totalFlightDuration>
      <flightDetails>
        <flightInformation>
          <productDateTime>
            <dateOfDeparture>290920</dateOfDeparture>
            <timeOfDeparture>1229</timeOfDeparture>
            <dateOfArrival>290920</dateOfArrival>
            <timeOfArrival>1432</timeOfArrival>
          </productDateTime>
          <location>
            <locationId>JFK</locationId>
            <terminal>4</terminal>
          </location>
          <location>
            <locationId>DTW</locationId>
            <terminal>EM</terminal>
          </location>
          <companyId>
            <marketingCarrier>DL</marketingCarrier>
          </companyId>
          <flightOrtrainNumber>4758</flightOrtrainNumber>
          <productDetail>
            <equipmentType>CR9</equipmentType>
          </productDetail>
          <addProductDetail>
            <electronicTicketing>Y</electronicTicketing>
            <productDetailQualifier>LCA</productDetailQualifier>
          </addProductDetail>
        </flightInformation>
        <fareBasis>VAVNA0BQ</fareBasis>
        <fareType>RP</fareType>
        <cabinProduct>
          <rbd>E</rbd>
          <cabin>M</cabin>
          <avlStatus>9</avlStatus>
        </cabinProduct>
        <bookingClassDetails>
          <designator>M</designator>
        </bookingClassDetails>
      </flightDetails>
      <flightDetails>
        <flightInformation>
          <productDateTime>
            <dateOfDeparture>290920</dateOfDeparture>
            <timeOfDeparture>1740</timeOfDeparture>
            <dateOfArrival>290920</dateOfArrival>
            <timeOfArrival>2030</timeOfArrival>
          </productDateTime>
          <location>
            <locationId>DTW</locationId>
            <terminal>EM</terminal>
          </location>
          <location>
            <locationId>MIA</locationId>
          </location>
          <companyId>
            <marketingCarrier>DL</marketingCarrier>
            <operatingCarrier>DL</operatingCarrier>
          </companyId>
          <flightOrtrainNumber>3025</flightOrtrainNumber>
          <productDetail>
            <equipmentType>319</equipmentType>
          </productDetail>
          <addProductDetail>
            <electronicTicketing>Y</electronicTicketing>
            <productDetailQualifier>LCA</productDetailQualifier>
          </addProductDetail>
        </flightInformation>
        <fareBasis>VAVNA0BQ</fareBasis>
        <fareType>RP</fareType>
        <cabinProduct>
          <rbd>E</rbd>
          <cabin>M</cabin>
          <avlStatus>9</avlStatus>
        </cabinProduct>
        <bookingClassDetails>
          <designator>M</designator>
        </bookingClassDetails>
      </flightDetails>
    </returnFlights>
    <paxFareProduct>
      <adults>
        <traveller>1</traveller>
        <baseFarePerAdult>166</baseFarePerAdult>
        <taxPerAdult>24.70</taxPerAdult>
      </adults>
      <totalbaseFare>166</totalbaseFare>
      <totaltax>24.70</totaltax>
      <totalFare>190.70</totalFare>
    </paxFareProduct>
  </CustomResponse>
</FlightsInfo>
