<?xml version="1.0" encoding="UTF-8" standalone="yes"?>
<FlightsInfo>
  <CustomResponse>
    <searchID>2d8e795b1305c38c15d200415085130</searchID>
    <flightRefNumber>8a22edce356f57e2672e4030828367bd_1</flightRefNumber>
    <Currency>USD</Currency>
    <departureFlights>
      <totalFlightDuration>2400</totalFlightDuration>
      <flightDetails>
        <flightInformation>
          <productDateTime>
            <dateOfDeparture>151020</dateOfDeparture>
            <timeOfDeparture>2240</timeOfDeparture>
            <dateOfArrival>161020</dateOfArrival>
            <timeOfArrival>0650</timeOfArrival>
            <dateVariation>1</dateVariation>
          </productDateTime>
          <location>
            <locationId>DEL</locationId>
            <terminal>3</terminal>
          </location>
          <location>
            <locationId>HKG</locationId>
            <terminal>1</terminal>
          </location>
          <companyId>
            <marketingCarrier>CX</marketingCarrier>
            <operatingCarrier>CX</operatingCarrier>
          </companyId>
          <flightOrtrainNumber>698</flightOrtrainNumber>
          <productDetail>
            <equipmentType>77W</equipmentType>
          </productDetail>
          <addProductDetail>
            <electronicTicketing>Y</electronicTicketing>
            <productDetailQualifier>AIP</productDetailQualifier>
          </addProductDetail>
        </flightInformation>
        <fareBasis>QAARRDL8</fareBasis>
        <fareType>RP</fareType>
        <cabinProduct>
          <rbd>Q</rbd>
          <cabin>M</cabin>
          <avlStatus>9</avlStatus>
        </cabinProduct>
        <bookingClassDetails>
          <designator>M</designator>
        </bookingClassDetails>
      </flightDetails>
      <flightDetails>
        <flightInformation>
          <productDateTime>
            <dateOfDeparture>161020</dateOfDeparture>
            <timeOfDeparture>0905</timeOfDeparture>
            <dateOfArrival>161020</dateOfArrival>
            <timeOfArrival>1310</timeOfArrival>
          </productDateTime>
          <location>
            <locationId>HKG</locationId>
            <terminal>1</terminal>
          </location>
          <location>
            <locationId>JFK</locationId>
            <terminal>8</terminal>
          </location>
          <companyId>
            <marketingCarrier>CX</marketingCarrier>
            <operatingCarrier>CX</operatingCarrier>
          </companyId>
          <flightOrtrainNumber>830</flightOrtrainNumber>
          <productDetail>
            <equipmentType>77W</equipmentType>
          </productDetail>
          <addProductDetail>
            <electronicTicketing>Y</electronicTicketing>
            <productDetailQualifier>AIP</productDetailQualifier>
          </addProductDetail>
        </flightInformation>
        <fareBasis>QAARRDL8</fareBasis>
        <fareType>RP</fareType>
        <cabinProduct>
          <rbd>Q</rbd>
          <cabin>M</cabin>
          <avlStatus>9</avlStatus>
        </cabinProduct>
        <bookingClassDetails>
          <designator>M</designator>
        </bookingClassDetails>
      </flightDetails>
    </departureFlights>
    <returnFlights>
      <totalFlightDuration>2405</totalFlightDuration>
      <flightDetails>
        <flightInformation>
          <productDateTime>
            <dateOfDeparture>271120</dateOfDeparture>
            <timeOfDeparture>1350</timeOfDeparture>
            <dateOfArrival>281120</dateOfArrival>
            <timeOfArrival>1905</timeOfArrival>
            <dateVariation>1</dateVariation>
          </productDateTime>
          <location>
            <locationId>JFK</locationId>
            <terminal>8</terminal>
          </location>
          <location>
            <locationId>HKG</locationId>
            <terminal>1</terminal>
          </location>
          <companyId>
            <marketingCarrier>CX</marketingCarrier>
            <operatingCarrier>CX</operatingCarrier>
          </companyId>
          <flightOrtrainNumber>831</flightOrtrainNumber>
          <productDetail>
            <equipmentType>77W</equipmentType>
          </productDetail>
          <addProductDetail>
            <electronicTicketing>Y</electronicTicketing>
            <productDetailQualifier>AIP</productDetailQualifier>
          </addProductDetail>
        </flightInformation>
        <fareBasis>QAARRDL8</fareBasis>
        <fareType>RP</fareType>
        <cabinProduct>
          <rbd>Q</rbd>
          <cabin>M</cabin>
          <avlStatus>9</avlStatus>
        </cabinProduct>
        <bookingClassDetails>
          <designator>M</designator>
        </bookingClassDetails>
      </flightDetails>
      <flightDetails>
        <flightInformation>
          <productDateTime>
            <dateOfDeparture>281120</dateOfDeparture>
            <timeOfDeparture>2015</timeOfDeparture>
            <dateOfArrival>291120</dateOfArrival>
            <timeOfArrival>0025</timeOfArrival>
            <dateVariation>1</dateVariation>
          </productDateTime>
          <location>
            <locationId>HKG</locationId>
            <terminal>1</terminal>
          </location>
          <location>
            <locationId>DEL</locationId>
            <terminal>3</terminal>
          </location>
          <companyId>
            <marketingCarrier>CX</marketingCarrier>
            <operatingCarrier>CX</operatingCarrier>
          </companyId>
          <flightOrtrainNumber>679</flightOrtrainNumber>
          <productDetail>
            <equipmentType>333</equipmentType>
          </productDetail>
          <addProductDetail>
            <electronicTicketing>Y</electronicTicketing>
            <productDetailQualifier>AIP</productDetailQualifier>
          </addProductDetail>
        </flightInformation>
        <fareBasis>QAARRDL8</fareBasis>
        <fareType>RP</fareType>
        <cabinProduct>
          <rbd>Q</rbd>
          <cabin>M</cabin>
          <avlStatus>9</avlStatus>
        </cabinProduct>
        <bookingClassDetails>
          <designator>M</designator>
        </bookingClassDetails>
      </flightDetails>
    </returnFlights>
    <paxFareProduct>
      <adults>
        <traveller>1</traveller>
        <baseFarePerAdult>425</baseFarePerAdult>
        <taxPerAdult>310.70</taxPerAdult>
      </adults>
      <childs>
        <traveller>1</traveller>
        <baseFarePerChild>319</baseFarePerChild>
        <taxPerChild>305.40</taxPerChild>
      </childs>
      <totalbaseFare>744</totalbaseFare>
      <totaltax>616.10</totaltax>
      <totalFare>1360.10</totalFare>
    </paxFareProduct>
  </CustomResponse>
  <CustomResponse>
    <searchID>2d8e795b1305c38c15d200415085130</searchID>
    <flightRefNumber>7b4a2c71fd1a9d1a1ad834611857a638_2</flightRefNumber>
    <Currency>USD</Currency>
    <departureFlights>
      <totalFlightDuration>1520</totalFlightDuration>
      <flightDetails>
        <flightInformation>
          <productDateTime>
            <dateOfDeparture>151020</dateOfDeparture>
            <timeOfDeparture>0145</timeOfDeparture>
            <dateOfArrival>151020</dateOfArrival>
            <timeOfArrival>0735</timeOfArrival>
          </productDateTime>
          <location>
            <locationId>DEL</locationId>
            <terminal>3</terminal>
          </location>
          <location>
            <locationId>JFK</locationId>
            <terminal>4</terminal>
          </location>
          <companyId>
            <marketingCarrier>AI</marketingCarrier>
            <operatingCarrier>AI</operatingCarrier>
          </companyId>
          <flightOrtrainNumber>101</flightOrtrainNumber>
          <productDetail>
            <equipmentType>77W</equipmentType>
          </productDetail>
          <addProductDetail>
            <electronicTicketing>Y</electronicTicketing>
            <productDetailQualifier>AVR</productDetailQualifier>
          </addProductDetail>
        </flightInformation>
        <fareBasis>SL6MIJFK</fareBasis>
        <fareType>RP</fareType>
        <cabinProduct>
          <rbd>S</rbd>
          <cabin>M</cabin>
          <avlStatus>9</avlStatus>
        </cabinProduct>
        <bookingClassDetails>
          <designator>M</designator>
        </bookingClassDetails>
      </flightDetails>
    </departureFlights>
    <returnFlights>
      <totalFlightDuration>1400</totalFlightDuration>
      <flightDetails>
        <flightInformation>
          <productDateTime>
            <dateOfDeparture>271120</dateOfDeparture>
            <timeOfDeparture>1230</timeOfDeparture>
            <dateOfArrival>281120</dateOfArrival>
            <timeOfArrival>1200</timeOfArrival>
            <dateVariation>1</dateVariation>
          </productDateTime>
          <location>
            <locationId>JFK</locationId>
            <terminal>4</terminal>
          </location>
          <location>
            <locationId>DEL</locationId>
            <terminal>3</terminal>
          </location>
          <companyId>
            <marketingCarrier>AI</marketingCarrier>
            <operatingCarrier>AI</operatingCarrier>
          </companyId>
          <flightOrtrainNumber>102</flightOrtrainNumber>
          <productDetail>
            <equipmentType>77W</equipmentType>
          </productDetail>
          <addProductDetail>
            <electronicTicketing>Y</electronicTicketing>
            <productDetailQualifier>AVR</productDetailQualifier>
          </addProductDetail>
        </flightInformation>
        <fareBasis>SL6MIJFK</fareBasis>
        <fareType>RP</fareType>
        <cabinProduct>
          <rbd>S</rbd>
          <cabin>M</cabin>
          <avlStatus>9</avlStatus>
        </cabinProduct>
        <bookingClassDetails>
          <designator>M</designator>
        </bookingClassDetails>
      </flightDetails>
    </returnFlights>
    <paxFareProduct>
      <adults>
        <traveller>1</traveller>
        <baseFarePerAdult>172</baseFarePerAdult>
        <taxPerAdult>781.64</taxPerAdult>
      </adults>
      <childs>
        <traveller>1</traveller>
        <baseFarePerChild>144</baseFarePerChild>
        <taxPerChild>780.24</taxPerChild>
      </childs>
      <totalbaseFare>316</totalbaseFare>
      <totaltax>1561.88</totaltax>
      <totalFare>1877.88</totalFare>
    </paxFareProduct>
  </CustomResponse>
</FlightsInfo>
