<?xml version="1.0" encoding="UTF-8" standalone="yes"?>
<FlightsInfo>
  <CustomResponse>
    <searchID>970195dc6244d13cdcd200418090350</searchID>
    <flightRefNumber>c2dcf11e68cf8b9e161e294074c85253_1</flightRefNumber>
    <Currency>USD</Currency>
    <departureFlights>
      <totalFlightDuration>0249</totalFlightDuration>
      <flightDetails>
        <flightInformation>
          <productDateTime>
            <dateOfDeparture>220520</dateOfDeparture>
            <timeOfDeparture>1241</timeOfDeparture>
            <dateOfArrival>220520</dateOfArrival>
            <timeOfArrival>1530</timeOfArrival>
          </productDateTime>
          <location>
            <locationId>MIA</locationId>
          </location>
          <location>
            <locationId>JFK</locationId>
            <terminal>8</terminal>
          </location>
          <companyId>
            <marketingCarrier>AA</marketingCarrier>
            <operatingCarrier>AA</operatingCarrier>
          </companyId>
          <flightOrtrainNumber>309</flightOrtrainNumber>
          <productDetail>
            <equipmentType>738</equipmentType>
          </productDetail>
          <addProductDetail>
            <electronicTicketing>Y</electronicTicketing>
            <productDetailQualifier>AIP</productDetailQualifier>
          </addProductDetail>
        </flightInformation>
        <fareBasis>GVAHZNM3</fareBasis>
        <fareType>RP</fareType>
        <cabinProduct>
          <rbd>G</rbd>
          <cabin>M</cabin>
          <avlStatus>7</avlStatus>
        </cabinProduct>
        <bookingClassDetails>
          <designator>M</designator>
        </bookingClassDetails>
      </flightDetails>
    </departureFlights>
    <returnFlights>
      <totalFlightDuration>0308</totalFlightDuration>
      <flightDetails>
        <flightInformation>
          <productDateTime>
            <dateOfDeparture>300620</dateOfDeparture>
            <timeOfDeparture>0630</timeOfDeparture>
            <dateOfArrival>300620</dateOfArrival>
            <timeOfArrival>0938</timeOfArrival>
          </productDateTime>
          <location>
            <locationId>JFK</locationId>
            <terminal>8</terminal>
          </location>
          <location>
            <locationId>MIA</locationId>
          </location>
          <companyId>
            <marketingCarrier>AA</marketingCarrier>
            <operatingCarrier>AA</operatingCarrier>
          </companyId>
          <flightOrtrainNumber>2268</flightOrtrainNumber>
          <productDetail>
            <equipmentType>738</equipmentType>
          </productDetail>
          <addProductDetail>
            <electronicTicketing>Y</electronicTicketing>
            <productDetailQualifier>LCA</productDetailQualifier>
          </addProductDetail>
        </flightInformation>
        <fareBasis>GVAHZNM3</fareBasis>
        <fareType>RP</fareType>
        <cabinProduct>
          <rbd>G</rbd>
          <cabin>M</cabin>
          <avlStatus>7</avlStatus>
        </cabinProduct>
        <bookingClassDetails>
          <designator>M</designator>
        </bookingClassDetails>
      </flightDetails>
    </returnFlights>
    <paxFareProduct>
      <adults>
        <traveller>1</traveller>
        <baseFarePerAdult>186</baseFarePerAdult>
        <taxPerAdult>20.20</taxPerAdult>
      </adults>
      <totalbaseFare>186</totalbaseFare>
      <totaltax>20.20</totaltax>
      <totalFare>206.20</totalFare>
    </paxFareProduct>
  </CustomResponse>
  <CustomResponse>
    <searchID>970195dc6244d13cdcd200418090350</searchID>
    <flightRefNumber>a410ca6ab9aecb0cab0c30db204d4e1c_2</flightRefNumber>
    <Currency>USD</Currency>
    <departureFlights>
      <totalFlightDuration>0249</totalFlightDuration>
      <flightDetails>
        <flightInformation>
          <productDateTime>
            <dateOfDeparture>220520</dateOfDeparture>
            <timeOfDeparture>1241</timeOfDeparture>
            <dateOfArrival>220520</dateOfArrival>
            <timeOfArrival>1530</timeOfArrival>
          </productDateTime>
          <location>
            <locationId>MIA</locationId>
          </location>
          <location>
            <locationId>JFK</locationId>
            <terminal>8</terminal>
          </location>
          <companyId>
            <marketingCarrier>AA</marketingCarrier>
            <operatingCarrier>AA</operatingCarrier>
          </companyId>
          <flightOrtrainNumber>309</flightOrtrainNumber>
          <productDetail>
            <equipmentType>738</equipmentType>
          </productDetail>
          <addProductDetail>
            <electronicTicketing>Y</electronicTicketing>
            <productDetailQualifier>AIP</productDetailQualifier>
          </addProductDetail>
        </flightInformation>
        <fareBasis>GVAHZNM3</fareBasis>
        <fareType>RP</fareType>
        <cabinProduct>
          <rbd>G</rbd>
          <cabin>M</cabin>
          <avlStatus>7</avlStatus>
        </cabinProduct>
        <bookingClassDetails>
          <designator>M</designator>
        </bookingClassDetails>
      </flightDetails>
    </departureFlights>
    <returnFlights>
      <totalFlightDuration>0310</totalFlightDuration>
      <flightDetails>
        <flightInformation>
          <productDateTime>
            <dateOfDeparture>300620</dateOfDeparture>
            <timeOfDeparture>1315</timeOfDeparture>
            <dateOfArrival>300620</dateOfArrival>
            <timeOfArrival>1625</timeOfArrival>
          </productDateTime>
          <location>
            <locationId>JFK</locationId>
            <terminal>8</terminal>
          </location>
          <location>
            <locationId>MIA</locationId>
          </location>
          <companyId>
            <marketingCarrier>AA</marketingCarrier>
            <operatingCarrier>AA</operatingCarrier>
          </companyId>
          <flightOrtrainNumber>2572</flightOrtrainNumber>
          <productDetail>
            <equipmentType>757</equipmentType>
          </productDetail>
          <addProductDetail>
            <electronicTicketing>Y</electronicTicketing>
            <productDetailQualifier>LCA</productDetailQualifier>
          </addProductDetail>
        </flightInformation>
        <fareBasis>GVAHZNM3</fareBasis>
        <fareType>RP</fareType>
        <cabinProduct>
          <rbd>G</rbd>
          <cabin>M</cabin>
          <avlStatus>7</avlStatus>
        </cabinProduct>
        <bookingClassDetails>
          <designator>M</designator>
        </bookingClassDetails>
      </flightDetails>
    </returnFlights>
    <paxFareProduct>
      <adults>
        <traveller>1</traveller>
        <baseFarePerAdult>186</baseFarePerAdult>
        <taxPerAdult>20.20</taxPerAdult>
      </adults>
      <totalbaseFare>186</totalbaseFare>
      <totaltax>20.20</totaltax>
      <totalFare>206.20</totalFare>
    </paxFareProduct>
  </CustomResponse>
  <CustomResponse>
    <searchID>970195dc6244d13cdcd200418090350</searchID>
    <flightRefNumber>09088c92493eefda8549d711a9df0e72_3</flightRefNumber>
    <Currency>USD</Currency>
    <departureFlights>
      <totalFlightDuration>0252</totalFlightDuration>
      <flightDetails>
        <flightInformation>
          <productDateTime>
            <dateOfDeparture>220520</dateOfDeparture>
            <timeOfDeparture>2240</timeOfDeparture>
            <dateOfArrival>230520</dateOfArrival>
            <timeOfArrival>0132</timeOfArrival>
            <dateVariation>1</dateVariation>
          </productDateTime>
          <location>
            <locationId>MIA</locationId>
          </location>
          <location>
            <locationId>JFK</locationId>
            <terminal>8</terminal>
          </location>
          <companyId>
            <marketingCarrier>AA</marketingCarrier>
            <operatingCarrier>AA</operatingCarrier>
          </companyId>
          <flightOrtrainNumber>2452</flightOrtrainNumber>
          <productDetail>
            <equipmentType>738</equipmentType>
          </productDetail>
          <addProductDetail>
            <electronicTicketing>Y</electronicTicketing>
            <productDetailQualifier>AIP</productDetailQualifier>
          </addProductDetail>
        </flightInformation>
        <fareBasis>GVAHZNM3</fareBasis>
        <fareType>RP</fareType>
        <cabinProduct>
          <rbd>G</rbd>
          <cabin>M</cabin>
          <avlStatus>7</avlStatus>
        </cabinProduct>
        <bookingClassDetails>
          <designator>M</designator>
        </bookingClassDetails>
      </flightDetails>
    </departureFlights>
    <returnFlights>
      <totalFlightDuration>0308</totalFlightDuration>
      <flightDetails>
        <flightInformation>
          <productDateTime>
            <dateOfDeparture>300620</dateOfDeparture>
            <timeOfDeparture>0630</timeOfDeparture>
            <dateOfArrival>300620</dateOfArrival>
            <timeOfArrival>0938</timeOfArrival>
          </productDateTime>
          <location>
            <locationId>JFK</locationId>
            <terminal>8</terminal>
          </location>
          <location>
            <locationId>MIA</locationId>
          </location>
          <companyId>
            <marketingCarrier>AA</marketingCarrier>
            <operatingCarrier>AA</operatingCarrier>
          </companyId>
          <flightOrtrainNumber>2268</flightOrtrainNumber>
          <productDetail>
            <equipmentType>738</equipmentType>
          </productDetail>
          <addProductDetail>
            <electronicTicketing>Y</electronicTicketing>
            <productDetailQualifier>LCA</productDetailQualifier>
          </addProductDetail>
        </flightInformation>
        <fareBasis>GVAHZNM3</fareBasis>
        <fareType>RP</fareType>
        <cabinProduct>
          <rbd>G</rbd>
          <cabin>M</cabin>
          <avlStatus>7</avlStatus>
        </cabinProduct>
        <bookingClassDetails>
          <designator>M</designator>
        </bookingClassDetails>
      </flightDetails>
    </returnFlights>
    <paxFareProduct>
      <adults>
        <traveller>1</traveller>
        <baseFarePerAdult>186</baseFarePerAdult>
        <taxPerAdult>20.20</taxPerAdult>
      </adults>
      <totalbaseFare>186</totalbaseFare>
      <totaltax>20.20</totaltax>
      <totalFare>206.20</totalFare>
    </paxFareProduct>
  </CustomResponse>
  <CustomResponse>
    <searchID>970195dc6244d13cdcd200418090350</searchID>
    <flightRefNumber>d1d3d85703d90f98cd9268db7aceb7f7_4</flightRefNumber>
    <Currency>USD</Currency>
    <departureFlights>
      <totalFlightDuration>0252</totalFlightDuration>
      <flightDetails>
        <flightInformation>
          <productDateTime>
            <dateOfDeparture>220520</dateOfDeparture>
            <timeOfDeparture>2240</timeOfDeparture>
            <dateOfArrival>230520</dateOfArrival>
            <timeOfArrival>0132</timeOfArrival>
            <dateVariation>1</dateVariation>
          </productDateTime>
          <location>
            <locationId>MIA</locationId>
          </location>
          <location>
            <locationId>JFK</locationId>
            <terminal>8</terminal>
          </location>
          <companyId>
            <marketingCarrier>AA</marketingCarrier>
            <operatingCarrier>AA</operatingCarrier>
          </companyId>
          <flightOrtrainNumber>2452</flightOrtrainNumber>
          <productDetail>
            <equipmentType>738</equipmentType>
          </productDetail>
          <addProductDetail>
            <electronicTicketing>Y</electronicTicketing>
            <productDetailQualifier>AIP</productDetailQualifier>
          </addProductDetail>
        </flightInformation>
        <fareBasis>GVAHZNM3</fareBasis>
        <fareType>RP</fareType>
        <cabinProduct>
          <rbd>G</rbd>
          <cabin>M</cabin>
          <avlStatus>7</avlStatus>
        </cabinProduct>
        <bookingClassDetails>
          <designator>M</designator>
        </bookingClassDetails>
      </flightDetails>
    </departureFlights>
    <returnFlights>
      <totalFlightDuration>0310</totalFlightDuration>
      <flightDetails>
        <flightInformation>
          <productDateTime>
            <dateOfDeparture>300620</dateOfDeparture>
            <timeOfDeparture>1315</timeOfDeparture>
            <dateOfArrival>300620</dateOfArrival>
            <timeOfArrival>1625</timeOfArrival>
          </productDateTime>
          <location>
            <locationId>JFK</locationId>
            <terminal>8</terminal>
          </location>
          <location>
            <locationId>MIA</locationId>
          </location>
          <companyId>
            <marketingCarrier>AA</marketingCarrier>
            <operatingCarrier>AA</operatingCarrier>
          </companyId>
          <flightOrtrainNumber>2572</flightOrtrainNumber>
          <productDetail>
            <equipmentType>757</equipmentType>
          </productDetail>
          <addProductDetail>
            <electronicTicketing>Y</electronicTicketing>
            <productDetailQualifier>LCA</productDetailQualifier>
          </addProductDetail>
        </flightInformation>
        <fareBasis>GVAHZNM3</fareBasis>
        <fareType>RP</fareType>
        <cabinProduct>
          <rbd>G</rbd>
          <cabin>M</cabin>
          <avlStatus>7</avlStatus>
        </cabinProduct>
        <bookingClassDetails>
          <designator>M</designator>
        </bookingClassDetails>
      </flightDetails>
    </returnFlights>
    <paxFareProduct>
      <adults>
        <traveller>1</traveller>
        <baseFarePerAdult>186</baseFarePerAdult>
        <taxPerAdult>20.20</taxPerAdult>
      </adults>
      <totalbaseFare>186</totalbaseFare>
      <totaltax>20.20</totaltax>
      <totalFare>206.20</totalFare>
    </paxFareProduct>
  </CustomResponse>
  <CustomResponse>
    <searchID>970195dc6244d13cdcd200418090350</searchID>
    <flightRefNumber>60cff18e372555dee5fdae8224d65648_5</flightRefNumber>
    <Currency>USD</Currency>
    <departureFlights>
      <totalFlightDuration>0301</totalFlightDuration>
      <flightDetails>
        <flightInformation>
          <productDateTime>
            <dateOfDeparture>220520</dateOfDeparture>
            <timeOfDeparture>0700</timeOfDeparture>
            <dateOfArrival>220520</dateOfArrival>
            <timeOfArrival>1001</timeOfArrival>
          </productDateTime>
          <location>
            <locationId>MIA</locationId>
          </location>
          <location>
            <locationId>JFK</locationId>
            <terminal>8</terminal>
          </location>
          <companyId>
            <marketingCarrier>AA</marketingCarrier>
            <operatingCarrier>AA</operatingCarrier>
          </companyId>
          <flightOrtrainNumber>1571</flightOrtrainNumber>
          <productDetail>
            <equipmentType>763</equipmentType>
          </productDetail>
          <addProductDetail>
            <electronicTicketing>Y</electronicTicketing>
            <productDetailQualifier>LCA</productDetailQualifier>
          </addProductDetail>
        </flightInformation>
        <fareBasis>GVAHZNM3</fareBasis>
        <fareType>RP</fareType>
        <cabinProduct>
          <rbd>G</rbd>
          <cabin>M</cabin>
          <avlStatus>7</avlStatus>
        </cabinProduct>
        <bookingClassDetails>
          <designator>M</designator>
        </bookingClassDetails>
      </flightDetails>
    </departureFlights>
    <returnFlights>
      <totalFlightDuration>0308</totalFlightDuration>
      <flightDetails>
        <flightInformation>
          <productDateTime>
            <dateOfDeparture>300620</dateOfDeparture>
            <timeOfDeparture>0630</timeOfDeparture>
            <dateOfArrival>300620</dateOfArrival>
            <timeOfArrival>0938</timeOfArrival>
          </productDateTime>
          <location>
            <locationId>JFK</locationId>
            <terminal>8</terminal>
          </location>
          <location>
            <locationId>MIA</locationId>
          </location>
          <companyId>
            <marketingCarrier>AA</marketingCarrier>
            <operatingCarrier>AA</operatingCarrier>
          </companyId>
          <flightOrtrainNumber>2268</flightOrtrainNumber>
          <productDetail>
            <equipmentType>738</equipmentType>
          </productDetail>
          <addProductDetail>
            <electronicTicketing>Y</electronicTicketing>
            <productDetailQualifier>LCA</productDetailQualifier>
          </addProductDetail>
        </flightInformation>
        <fareBasis>GVAHZNM3</fareBasis>
        <fareType>RP</fareType>
        <cabinProduct>
          <rbd>G</rbd>
          <cabin>M</cabin>
          <avlStatus>7</avlStatus>
        </cabinProduct>
        <bookingClassDetails>
          <designator>M</designator>
        </bookingClassDetails>
      </flightDetails>
    </returnFlights>
    <paxFareProduct>
      <adults>
        <traveller>1</traveller>
        <baseFarePerAdult>186</baseFarePerAdult>
        <taxPerAdult>20.20</taxPerAdult>
      </adults>
      <totalbaseFare>186</totalbaseFare>
      <totaltax>20.20</totaltax>
      <totalFare>206.20</totalFare>
    </paxFareProduct>
  </CustomResponse>
  <CustomResponse>
    <searchID>970195dc6244d13cdcd200418090350</searchID>
    <flightRefNumber>c0a4a60a4839032510c82e8bfb65ef79_6</flightRefNumber>
    <Currency>USD</Currency>
    <departureFlights>
      <totalFlightDuration>0301</totalFlightDuration>
      <flightDetails>
        <flightInformation>
          <productDateTime>
            <dateOfDeparture>220520</dateOfDeparture>
            <timeOfDeparture>0700</timeOfDeparture>
            <dateOfArrival>220520</dateOfArrival>
            <timeOfArrival>1001</timeOfArrival>
          </productDateTime>
          <location>
            <locationId>MIA</locationId>
          </location>
          <location>
            <locationId>JFK</locationId>
            <terminal>8</terminal>
          </location>
          <companyId>
            <marketingCarrier>AA</marketingCarrier>
            <operatingCarrier>AA</operatingCarrier>
          </companyId>
          <flightOrtrainNumber>1571</flightOrtrainNumber>
          <productDetail>
            <equipmentType>763</equipmentType>
          </productDetail>
          <addProductDetail>
            <electronicTicketing>Y</electronicTicketing>
            <productDetailQualifier>LCA</productDetailQualifier>
          </addProductDetail>
        </flightInformation>
        <fareBasis>GVAHZNM3</fareBasis>
        <fareType>RP</fareType>
        <cabinProduct>
          <rbd>G</rbd>
          <cabin>M</cabin>
          <avlStatus>7</avlStatus>
        </cabinProduct>
        <bookingClassDetails>
          <designator>M</designator>
        </bookingClassDetails>
      </flightDetails>
    </departureFlights>
    <returnFlights>
      <totalFlightDuration>0310</totalFlightDuration>
      <flightDetails>
        <flightInformation>
          <productDateTime>
            <dateOfDeparture>300620</dateOfDeparture>
            <timeOfDeparture>1315</timeOfDeparture>
            <dateOfArrival>300620</dateOfArrival>
            <timeOfArrival>1625</timeOfArrival>
          </productDateTime>
          <location>
            <locationId>JFK</locationId>
            <terminal>8</terminal>
          </location>
          <location>
            <locationId>MIA</locationId>
          </location>
          <companyId>
            <marketingCarrier>AA</marketingCarrier>
            <operatingCarrier>AA</operatingCarrier>
          </companyId>
          <flightOrtrainNumber>2572</flightOrtrainNumber>
          <productDetail>
            <equipmentType>757</equipmentType>
          </productDetail>
          <addProductDetail>
            <electronicTicketing>Y</electronicTicketing>
            <productDetailQualifier>LCA</productDetailQualifier>
          </addProductDetail>
        </flightInformation>
        <fareBasis>GVAHZNM3</fareBasis>
        <fareType>RP</fareType>
        <cabinProduct>
          <rbd>G</rbd>
          <cabin>M</cabin>
          <avlStatus>7</avlStatus>
        </cabinProduct>
        <bookingClassDetails>
          <designator>M</designator>
        </bookingClassDetails>
      </flightDetails>
    </returnFlights>
    <paxFareProduct>
      <adults>
        <traveller>1</traveller>
        <baseFarePerAdult>186</baseFarePerAdult>
        <taxPerAdult>20.20</taxPerAdult>
      </adults>
      <totalbaseFare>186</totalbaseFare>
      <totaltax>20.20</totaltax>
      <totalFare>206.20</totalFare>
    </paxFareProduct>
  </CustomResponse>
  <CustomResponse>
    <searchID>970195dc6244d13cdcd200418090350</searchID>
    <flightRefNumber>c83c19f5df4fcf39032fb22de5158e75_7</flightRefNumber>
    <Currency>USD</Currency>
    <departureFlights>
      <totalFlightDuration>0301</totalFlightDuration>
      <flightDetails>
        <flightInformation>
          <productDateTime>
            <dateOfDeparture>220520</dateOfDeparture>
            <timeOfDeparture>0700</timeOfDeparture>
            <dateOfArrival>220520</dateOfArrival>
            <timeOfArrival>1001</timeOfArrival>
          </productDateTime>
          <location>
            <locationId>MIA</locationId>
          </location>
          <location>
            <locationId>JFK</locationId>
            <terminal>8</terminal>
          </location>
          <companyId>
            <marketingCarrier>AA</marketingCarrier>
            <operatingCarrier>AA</operatingCarrier>
          </companyId>
          <flightOrtrainNumber>1571</flightOrtrainNumber>
          <productDetail>
            <equipmentType>763</equipmentType>
          </productDetail>
          <addProductDetail>
            <electronicTicketing>Y</electronicTicketing>
            <productDetailQualifier>LCA</productDetailQualifier>
          </addProductDetail>
        </flightInformation>
        <fareBasis>GVAHZNM3</fareBasis>
        <fareType>RP</fareType>
        <cabinProduct>
          <rbd>G</rbd>
          <cabin>M</cabin>
          <avlStatus>7</avlStatus>
        </cabinProduct>
        <bookingClassDetails>
          <designator>M</designator>
        </bookingClassDetails>
      </flightDetails>
    </departureFlights>
    <returnFlights>
      <totalFlightDuration>0311</totalFlightDuration>
      <flightDetails>
        <flightInformation>
          <productDateTime>
            <dateOfDeparture>300620</dateOfDeparture>
            <timeOfDeparture>1105</timeOfDeparture>
            <dateOfArrival>300620</dateOfArrival>
            <timeOfArrival>1416</timeOfArrival>
          </productDateTime>
          <location>
            <locationId>JFK</locationId>
            <terminal>8</terminal>
          </location>
          <location>
            <locationId>MIA</locationId>
          </location>
          <companyId>
            <marketingCarrier>AA</marketingCarrier>
            <operatingCarrier>AA</operatingCarrier>
          </companyId>
          <flightOrtrainNumber>1571</flightOrtrainNumber>
          <productDetail>
            <equipmentType>763</equipmentType>
          </productDetail>
          <addProductDetail>
            <electronicTicketing>Y</electronicTicketing>
            <productDetailQualifier>AIP</productDetailQualifier>
          </addProductDetail>
        </flightInformation>
        <fareBasis>GVAHZNM3</fareBasis>
        <fareType>RP</fareType>
        <cabinProduct>
          <rbd>G</rbd>
          <cabin>M</cabin>
          <avlStatus>7</avlStatus>
        </cabinProduct>
        <bookingClassDetails>
          <designator>M</designator>
        </bookingClassDetails>
      </flightDetails>
    </returnFlights>
    <paxFareProduct>
      <adults>
        <traveller>1</traveller>
        <baseFarePerAdult>186</baseFarePerAdult>
        <taxPerAdult>20.20</taxPerAdult>
      </adults>
      <totalbaseFare>186</totalbaseFare>
      <totaltax>20.20</totaltax>
      <totalFare>206.20</totalFare>
    </paxFareProduct>
  </CustomResponse>
  <CustomResponse>
    <searchID>970195dc6244d13cdcd200418090350</searchID>
    <flightRefNumber>b4720c87c2f8471d366617a101d12e47_8</flightRefNumber>
    <Currency>USD</Currency>
    <departureFlights>
      <totalFlightDuration>0304</totalFlightDuration>
      <flightDetails>
        <flightInformation>
          <productDateTime>
            <dateOfDeparture>220520</dateOfDeparture>
            <timeOfDeparture>1350</timeOfDeparture>
            <dateOfArrival>220520</dateOfArrival>
            <timeOfArrival>1654</timeOfArrival>
          </productDateTime>
          <location>
            <locationId>MIA</locationId>
          </location>
          <location>
            <locationId>JFK</locationId>
            <terminal>8</terminal>
          </location>
          <companyId>
            <marketingCarrier>AA</marketingCarrier>
            <operatingCarrier>AA</operatingCarrier>
          </companyId>
          <flightOrtrainNumber>251</flightOrtrainNumber>
          <productDetail>
            <equipmentType>757</equipmentType>
          </productDetail>
          <addProductDetail>
            <electronicTicketing>Y</electronicTicketing>
            <productDetailQualifier>AIP</productDetailQualifier>
          </addProductDetail>
        </flightInformation>
        <fareBasis>GVAHZNM3</fareBasis>
        <fareType>RP</fareType>
        <cabinProduct>
          <rbd>G</rbd>
          <cabin>M</cabin>
          <avlStatus>7</avlStatus>
        </cabinProduct>
        <bookingClassDetails>
          <designator>M</designator>
        </bookingClassDetails>
      </flightDetails>
    </departureFlights>
    <returnFlights>
      <totalFlightDuration>0308</totalFlightDuration>
      <flightDetails>
        <flightInformation>
          <productDateTime>
            <dateOfDeparture>300620</dateOfDeparture>
            <timeOfDeparture>0630</timeOfDeparture>
            <dateOfArrival>300620</dateOfArrival>
            <timeOfArrival>0938</timeOfArrival>
          </productDateTime>
          <location>
            <locationId>JFK</locationId>
            <terminal>8</terminal>
          </location>
          <location>
            <locationId>MIA</locationId>
          </location>
          <companyId>
            <marketingCarrier>AA</marketingCarrier>
            <operatingCarrier>AA</operatingCarrier>
          </companyId>
          <flightOrtrainNumber>2268</flightOrtrainNumber>
          <productDetail>
            <equipmentType>738</equipmentType>
          </productDetail>
          <addProductDetail>
            <electronicTicketing>Y</electronicTicketing>
            <productDetailQualifier>LCA</productDetailQualifier>
          </addProductDetail>
        </flightInformation>
        <fareBasis>GVAHZNM3</fareBasis>
        <fareType>RP</fareType>
        <cabinProduct>
          <rbd>G</rbd>
          <cabin>M</cabin>
          <avlStatus>7</avlStatus>
        </cabinProduct>
        <bookingClassDetails>
          <designator>M</designator>
        </bookingClassDetails>
      </flightDetails>
    </returnFlights>
    <paxFareProduct>
      <adults>
        <traveller>1</traveller>
        <baseFarePerAdult>186</baseFarePerAdult>
        <taxPerAdult>20.20</taxPerAdult>
      </adults>
      <totalbaseFare>186</totalbaseFare>
      <totaltax>20.20</totaltax>
      <totalFare>206.20</totalFare>
    </paxFareProduct>
  </CustomResponse>
  <CustomResponse>
    <searchID>970195dc6244d13cdcd200418090350</searchID>
    <flightRefNumber>f76ebff2383b6a9a205d1ed5ba663968_9</flightRefNumber>
    <Currency>USD</Currency>
    <departureFlights>
      <totalFlightDuration>0304</totalFlightDuration>
      <flightDetails>
        <flightInformation>
          <productDateTime>
            <dateOfDeparture>220520</dateOfDeparture>
            <timeOfDeparture>1925</timeOfDeparture>
            <dateOfArrival>220520</dateOfArrival>
            <timeOfArrival>2229</timeOfArrival>
          </productDateTime>
          <location>
            <locationId>MIA</locationId>
          </location>
          <location>
            <locationId>JFK</locationId>
            <terminal>8</terminal>
          </location>
          <companyId>
            <marketingCarrier>AA</marketingCarrier>
            <operatingCarrier>AA</operatingCarrier>
          </companyId>
          <flightOrtrainNumber>1142</flightOrtrainNumber>
          <productDetail>
            <equipmentType>763</equipmentType>
          </productDetail>
          <addProductDetail>
            <electronicTicketing>Y</electronicTicketing>
            <productDetailQualifier>LCA</productDetailQualifier>
          </addProductDetail>
        </flightInformation>
        <fareBasis>GVAHZNM3</fareBasis>
        <fareType>RP</fareType>
        <cabinProduct>
          <rbd>G</rbd>
          <cabin>M</cabin>
          <avlStatus>7</avlStatus>
        </cabinProduct>
        <bookingClassDetails>
          <designator>M</designator>
        </bookingClassDetails>
      </flightDetails>
    </departureFlights>
    <returnFlights>
      <totalFlightDuration>0308</totalFlightDuration>
      <flightDetails>
        <flightInformation>
          <productDateTime>
            <dateOfDeparture>300620</dateOfDeparture>
            <timeOfDeparture>0630</timeOfDeparture>
            <dateOfArrival>300620</dateOfArrival>
            <timeOfArrival>0938</timeOfArrival>
          </productDateTime>
          <location>
            <locationId>JFK</locationId>
            <terminal>8</terminal>
          </location>
          <location>
            <locationId>MIA</locationId>
          </location>
          <companyId>
            <marketingCarrier>AA</marketingCarrier>
            <operatingCarrier>AA</operatingCarrier>
          </companyId>
          <flightOrtrainNumber>2268</flightOrtrainNumber>
          <productDetail>
            <equipmentType>738</equipmentType>
          </productDetail>
          <addProductDetail>
            <electronicTicketing>Y</electronicTicketing>
            <productDetailQualifier>LCA</productDetailQualifier>
          </addProductDetail>
        </flightInformation>
        <fareBasis>GVAHZNM3</fareBasis>
        <fareType>RP</fareType>
        <cabinProduct>
          <rbd>G</rbd>
          <cabin>M</cabin>
          <avlStatus>7</avlStatus>
        </cabinProduct>
        <bookingClassDetails>
          <designator>M</designator>
        </bookingClassDetails>
      </flightDetails>
    </returnFlights>
    <paxFareProduct>
      <adults>
        <traveller>1</traveller>
        <baseFarePerAdult>186</baseFarePerAdult>
        <taxPerAdult>20.20</taxPerAdult>
      </adults>
      <totalbaseFare>186</totalbaseFare>
      <totaltax>20.20</totaltax>
      <totalFare>206.20</totalFare>
    </paxFareProduct>
  </CustomResponse>
  <CustomResponse>
    <searchID>970195dc6244d13cdcd200418090350</searchID>
    <flightRefNumber>8ebdff9b622055521127185742aca5e5_10</flightRefNumber>
    <Currency>USD</Currency>
    <departureFlights>
      <totalFlightDuration>0305</totalFlightDuration>
      <flightDetails>
        <flightInformation>
          <productDateTime>
            <dateOfDeparture>220520</dateOfDeparture>
            <timeOfDeparture>1545</timeOfDeparture>
            <dateOfArrival>220520</dateOfArrival>
            <timeOfArrival>1850</timeOfArrival>
          </productDateTime>
          <location>
            <locationId>MIA</locationId>
          </location>
          <location>
            <locationId>JFK</locationId>
            <terminal>8</terminal>
          </location>
          <companyId>
            <marketingCarrier>AA</marketingCarrier>
            <operatingCarrier>AA</operatingCarrier>
          </companyId>
          <flightOrtrainNumber>1199</flightOrtrainNumber>
          <productDetail>
            <equipmentType>757</equipmentType>
          </productDetail>
          <addProductDetail>
            <electronicTicketing>Y</electronicTicketing>
            <productDetailQualifier>LCA</productDetailQualifier>
          </addProductDetail>
        </flightInformation>
        <fareBasis>GVAHZNM3</fareBasis>
        <fareType>RP</fareType>
        <cabinProduct>
          <rbd>G</rbd>
          <cabin>M</cabin>
          <avlStatus>7</avlStatus>
        </cabinProduct>
        <bookingClassDetails>
          <designator>M</designator>
        </bookingClassDetails>
      </flightDetails>
    </departureFlights>
    <returnFlights>
      <totalFlightDuration>0308</totalFlightDuration>
      <flightDetails>
        <flightInformation>
          <productDateTime>
            <dateOfDeparture>300620</dateOfDeparture>
            <timeOfDeparture>0630</timeOfDeparture>
            <dateOfArrival>300620</dateOfArrival>
            <timeOfArrival>0938</timeOfArrival>
          </productDateTime>
          <location>
            <locationId>JFK</locationId>
            <terminal>8</terminal>
          </location>
          <location>
            <locationId>MIA</locationId>
          </location>
          <companyId>
            <marketingCarrier>AA</marketingCarrier>
            <operatingCarrier>AA</operatingCarrier>
          </companyId>
          <flightOrtrainNumber>2268</flightOrtrainNumber>
          <productDetail>
            <equipmentType>738</equipmentType>
          </productDetail>
          <addProductDetail>
            <electronicTicketing>Y</electronicTicketing>
            <productDetailQualifier>LCA</productDetailQualifier>
          </addProductDetail>
        </flightInformation>
        <fareBasis>GVAHZNM3</fareBasis>
        <fareType>RP</fareType>
        <cabinProduct>
          <rbd>G</rbd>
          <cabin>M</cabin>
          <avlStatus>7</avlStatus>
        </cabinProduct>
        <bookingClassDetails>
          <designator>M</designator>
        </bookingClassDetails>
      </flightDetails>
    </returnFlights>
    <paxFareProduct>
      <adults>
        <traveller>1</traveller>
        <baseFarePerAdult>186</baseFarePerAdult>
        <taxPerAdult>20.20</taxPerAdult>
      </adults>
      <totalbaseFare>186</totalbaseFare>
      <totaltax>20.20</totaltax>
      <totalFare>206.20</totalFare>
    </paxFareProduct>
  </CustomResponse>
  <CustomResponse>
    <searchID>970195dc6244d13cdcd200418090350</searchID>
    <flightRefNumber>57ca2890a4a9d0c15901a259d8a9e4d6_11</flightRefNumber>
    <Currency>USD</Currency>
    <departureFlights>
      <totalFlightDuration>0552</totalFlightDuration>
      <flightDetails>
        <flightInformation>
          <productDateTime>
            <dateOfDeparture>220520</dateOfDeparture>
            <timeOfDeparture>1116</timeOfDeparture>
            <dateOfArrival>220520</dateOfArrival>
            <timeOfArrival>1316</timeOfArrival>
          </productDateTime>
          <location>
            <locationId>MIA</locationId>
          </location>
          <location>
            <locationId>ATL</locationId>
            <terminal>S</terminal>
          </location>
          <companyId>
            <marketingCarrier>DL</marketingCarrier>
            <operatingCarrier>DL</operatingCarrier>
          </companyId>
          <flightOrtrainNumber>1987</flightOrtrainNumber>
          <productDetail>
            <equipmentType>321</equipmentType>
          </productDetail>
          <addProductDetail>
            <electronicTicketing>Y</electronicTicketing>
            <productDetailQualifier>LCA</productDetailQualifier>
          </addProductDetail>
        </flightInformation>
        <fareBasis>TAUNA0BQ</fareBasis>
        <fareType>RP</fareType>
        <cabinProduct>
          <rbd>E</rbd>
          <cabin>M</cabin>
          <avlStatus>9</avlStatus>
        </cabinProduct>
        <bookingClassDetails>
          <designator>M</designator>
        </bookingClassDetails>
      </flightDetails>
      <flightDetails>
        <flightInformation>
          <productDateTime>
            <dateOfDeparture>220520</dateOfDeparture>
            <timeOfDeparture>1446</timeOfDeparture>
            <dateOfArrival>220520</dateOfArrival>
            <timeOfArrival>1708</timeOfArrival>
          </productDateTime>
          <location>
            <locationId>ATL</locationId>
            <terminal>S</terminal>
          </location>
          <location>
            <locationId>JFK</locationId>
            <terminal>4</terminal>
          </location>
          <companyId>
            <marketingCarrier>DL</marketingCarrier>
            <operatingCarrier>DL</operatingCarrier>
          </companyId>
          <flightOrtrainNumber>1869</flightOrtrainNumber>
          <productDetail>
            <equipmentType>319</equipmentType>
          </productDetail>
          <addProductDetail>
            <electronicTicketing>Y</electronicTicketing>
            <productDetailQualifier>LCA</productDetailQualifier>
          </addProductDetail>
        </flightInformation>
        <fareBasis>TAUNA0BQ</fareBasis>
        <fareType>RP</fareType>
        <cabinProduct>
          <rbd>E</rbd>
          <cabin>M</cabin>
          <avlStatus>9</avlStatus>
        </cabinProduct>
        <bookingClassDetails>
          <designator>M</designator>
        </bookingClassDetails>
      </flightDetails>
    </departureFlights>
    <returnFlights>
      <totalFlightDuration>0558</totalFlightDuration>
      <flightDetails>
        <flightInformation>
          <productDateTime>
            <dateOfDeparture>300620</dateOfDeparture>
            <timeOfDeparture>0755</timeOfDeparture>
            <dateOfArrival>300620</dateOfArrival>
            <timeOfArrival>1025</timeOfArrival>
          </productDateTime>
          <location>
            <locationId>JFK</locationId>
            <terminal>4</terminal>
          </location>
          <location>
            <locationId>ATL</locationId>
            <terminal>S</terminal>
          </location>
          <companyId>
            <marketingCarrier>DL</marketingCarrier>
            <operatingCarrier>DL</operatingCarrier>
          </companyId>
          <flightOrtrainNumber>243</flightOrtrainNumber>
          <productDetail>
            <equipmentType>77L</equipmentType>
          </productDetail>
          <addProductDetail>
            <electronicTicketing>Y</electronicTicketing>
            <productDetailQualifier>AVR</productDetailQualifier>
          </addProductDetail>
        </flightInformation>
        <fareBasis>VAVNA0BQ</fareBasis>
        <fareType>RP</fareType>
        <cabinProduct>
          <rbd>E</rbd>
          <cabin>M</cabin>
          <avlStatus>7</avlStatus>
        </cabinProduct>
        <bookingClassDetails>
          <designator>M</designator>
        </bookingClassDetails>
      </flightDetails>
      <flightDetails>
        <flightInformation>
          <productDateTime>
            <dateOfDeparture>300620</dateOfDeparture>
            <timeOfDeparture>1205</timeOfDeparture>
            <dateOfArrival>300620</dateOfArrival>
            <timeOfArrival>1353</timeOfArrival>
          </productDateTime>
          <location>
            <locationId>ATL</locationId>
            <terminal>S</terminal>
          </location>
          <location>
            <locationId>MIA</locationId>
          </location>
          <companyId>
            <marketingCarrier>DL</marketingCarrier>
            <operatingCarrier>DL</operatingCarrier>
          </companyId>
          <flightOrtrainNumber>1795</flightOrtrainNumber>
          <productDetail>
            <equipmentType>321</equipmentType>
          </productDetail>
          <addProductDetail>
            <electronicTicketing>Y</electronicTicketing>
            <productDetailQualifier>LCA</productDetailQualifier>
          </addProductDetail>
        </flightInformation>
        <fareBasis>VAVNA0BQ</fareBasis>
        <fareType>RP</fareType>
        <cabinProduct>
          <rbd>E</rbd>
          <cabin>M</cabin>
          <avlStatus>9</avlStatus>
        </cabinProduct>
        <bookingClassDetails>
          <designator>M</designator>
        </bookingClassDetails>
      </flightDetails>
    </returnFlights>
    <paxFareProduct>
      <adults>
        <traveller>1</traveller>
        <baseFarePerAdult>191</baseFarePerAdult>
        <taxPerAdult>29.20</taxPerAdult>
      </adults>
      <totalbaseFare>191</totalbaseFare>
      <totaltax>29.20</totaltax>
      <totalFare>220.20</totalFare>
    </paxFareProduct>
  </CustomResponse>
  <CustomResponse>
    <searchID>970195dc6244d13cdcd200418090350</searchID>
    <flightRefNumber>a726962147962a3546f11433ed01d6db_12</flightRefNumber>
    <Currency>USD</Currency>
    <departureFlights>
      <totalFlightDuration>0554</totalFlightDuration>
      <flightDetails>
        <flightInformation>
          <productDateTime>
            <dateOfDeparture>220520</dateOfDeparture>
            <timeOfDeparture>0645</timeOfDeparture>
            <dateOfArrival>220520</dateOfArrival>
            <timeOfArrival>0844</timeOfArrival>
          </productDateTime>
          <location>
            <locationId>MIA</locationId>
          </location>
          <location>
            <locationId>ATL</locationId>
            <terminal>S</terminal>
          </location>
          <companyId>
            <marketingCarrier>DL</marketingCarrier>
            <operatingCarrier>DL</operatingCarrier>
          </companyId>
          <flightOrtrainNumber>891</flightOrtrainNumber>
          <productDetail>
            <equipmentType>321</equipmentType>
          </productDetail>
          <addProductDetail>
            <electronicTicketing>Y</electronicTicketing>
            <productDetailQualifier>LCA</productDetailQualifier>
          </addProductDetail>
        </flightInformation>
        <fareBasis>TAUNA0BQ</fareBasis>
        <fareType>RP</fareType>
        <cabinProduct>
          <rbd>E</rbd>
          <cabin>M</cabin>
          <avlStatus>9</avlStatus>
        </cabinProduct>
        <bookingClassDetails>
          <designator>M</designator>
        </bookingClassDetails>
      </flightDetails>
      <flightDetails>
        <flightInformation>
          <productDateTime>
            <dateOfDeparture>220520</dateOfDeparture>
            <timeOfDeparture>1016</timeOfDeparture>
            <dateOfArrival>220520</dateOfArrival>
            <timeOfArrival>1239</timeOfArrival>
          </productDateTime>
          <location>
            <locationId>ATL</locationId>
            <terminal>S</terminal>
          </location>
          <location>
            <locationId>JFK</locationId>
            <terminal>4</terminal>
          </location>
          <companyId>
            <marketingCarrier>DL</marketingCarrier>
            <operatingCarrier>DL</operatingCarrier>
          </companyId>
          <flightOrtrainNumber>843</flightOrtrainNumber>
          <productDetail>
            <equipmentType>757</equipmentType>
          </productDetail>
          <addProductDetail>
            <electronicTicketing>Y</electronicTicketing>
            <productDetailQualifier>LCA</productDetailQualifier>
          </addProductDetail>
        </flightInformation>
        <fareBasis>TAUNA0BQ</fareBasis>
        <fareType>RP</fareType>
        <cabinProduct>
          <rbd>E</rbd>
          <cabin>M</cabin>
          <avlStatus>9</avlStatus>
        </cabinProduct>
        <bookingClassDetails>
          <designator>M</designator>
        </bookingClassDetails>
      </flightDetails>
    </departureFlights>
    <returnFlights>
      <totalFlightDuration>0558</totalFlightDuration>
      <flightDetails>
        <flightInformation>
          <productDateTime>
            <dateOfDeparture>300620</dateOfDeparture>
            <timeOfDeparture>0755</timeOfDeparture>
            <dateOfArrival>300620</dateOfArrival>
            <timeOfArrival>1025</timeOfArrival>
          </productDateTime>
          <location>
            <locationId>JFK</locationId>
            <terminal>4</terminal>
          </location>
          <location>
            <locationId>ATL</locationId>
            <terminal>S</terminal>
          </location>
          <companyId>
            <marketingCarrier>DL</marketingCarrier>
            <operatingCarrier>DL</operatingCarrier>
          </companyId>
          <flightOrtrainNumber>243</flightOrtrainNumber>
          <productDetail>
            <equipmentType>77L</equipmentType>
          </productDetail>
          <addProductDetail>
            <electronicTicketing>Y</electronicTicketing>
            <productDetailQualifier>AVR</productDetailQualifier>
          </addProductDetail>
        </flightInformation>
        <fareBasis>VAVNA0BQ</fareBasis>
        <fareType>RP</fareType>
        <cabinProduct>
          <rbd>E</rbd>
          <cabin>M</cabin>
          <avlStatus>7</avlStatus>
        </cabinProduct>
        <bookingClassDetails>
          <designator>M</designator>
        </bookingClassDetails>
      </flightDetails>
      <flightDetails>
        <flightInformation>
          <productDateTime>
            <dateOfDeparture>300620</dateOfDeparture>
            <timeOfDeparture>1205</timeOfDeparture>
            <dateOfArrival>300620</dateOfArrival>
            <timeOfArrival>1353</timeOfArrival>
          </productDateTime>
          <location>
            <locationId>ATL</locationId>
            <terminal>S</terminal>
          </location>
          <location>
            <locationId>MIA</locationId>
          </location>
          <companyId>
            <marketingCarrier>DL</marketingCarrier>
            <operatingCarrier>DL</operatingCarrier>
          </companyId>
          <flightOrtrainNumber>1795</flightOrtrainNumber>
          <productDetail>
            <equipmentType>321</equipmentType>
          </productDetail>
          <addProductDetail>
            <electronicTicketing>Y</electronicTicketing>
            <productDetailQualifier>LCA</productDetailQualifier>
          </addProductDetail>
        </flightInformation>
        <fareBasis>VAVNA0BQ</fareBasis>
        <fareType>RP</fareType>
        <cabinProduct>
          <rbd>E</rbd>
          <cabin>M</cabin>
          <avlStatus>9</avlStatus>
        </cabinProduct>
        <bookingClassDetails>
          <designator>M</designator>
        </bookingClassDetails>
      </flightDetails>
    </returnFlights>
    <paxFareProduct>
      <adults>
        <traveller>1</traveller>
        <baseFarePerAdult>191</baseFarePerAdult>
        <taxPerAdult>29.20</taxPerAdult>
      </adults>
      <totalbaseFare>191</totalbaseFare>
      <totaltax>29.20</totaltax>
      <totalFare>220.20</totalFare>
    </paxFareProduct>
  </CustomResponse>
  <CustomResponse>
    <searchID>970195dc6244d13cdcd200418090350</searchID>
    <flightRefNumber>1b3a66b8468eec32732f8660e77d3480_13</flightRefNumber>
    <Currency>USD</Currency>
    <departureFlights>
      <totalFlightDuration>0552</totalFlightDuration>
      <flightDetails>
        <flightInformation>
          <productDateTime>
            <dateOfDeparture>220520</dateOfDeparture>
            <timeOfDeparture>1116</timeOfDeparture>
            <dateOfArrival>220520</dateOfArrival>
            <timeOfArrival>1316</timeOfArrival>
          </productDateTime>
          <location>
            <locationId>MIA</locationId>
          </location>
          <location>
            <locationId>ATL</locationId>
            <terminal>S</terminal>
          </location>
          <companyId>
            <marketingCarrier>DL</marketingCarrier>
            <operatingCarrier>DL</operatingCarrier>
          </companyId>
          <flightOrtrainNumber>1987</flightOrtrainNumber>
          <productDetail>
            <equipmentType>321</equipmentType>
          </productDetail>
          <addProductDetail>
            <electronicTicketing>Y</electronicTicketing>
            <productDetailQualifier>LCA</productDetailQualifier>
          </addProductDetail>
        </flightInformation>
        <fareBasis>TAUNA0BQ</fareBasis>
        <fareType>RP</fareType>
        <cabinProduct>
          <rbd>E</rbd>
          <cabin>M</cabin>
          <avlStatus>9</avlStatus>
        </cabinProduct>
        <bookingClassDetails>
          <designator>M</designator>
        </bookingClassDetails>
      </flightDetails>
      <flightDetails>
        <flightInformation>
          <productDateTime>
            <dateOfDeparture>220520</dateOfDeparture>
            <timeOfDeparture>1446</timeOfDeparture>
            <dateOfArrival>220520</dateOfArrival>
            <timeOfArrival>1708</timeOfArrival>
          </productDateTime>
          <location>
            <locationId>ATL</locationId>
            <terminal>S</terminal>
          </location>
          <location>
            <locationId>JFK</locationId>
            <terminal>4</terminal>
          </location>
          <companyId>
            <marketingCarrier>DL</marketingCarrier>
            <operatingCarrier>DL</operatingCarrier>
          </companyId>
          <flightOrtrainNumber>1869</flightOrtrainNumber>
          <productDetail>
            <equipmentType>319</equipmentType>
          </productDetail>
          <addProductDetail>
            <electronicTicketing>Y</electronicTicketing>
            <productDetailQualifier>LCA</productDetailQualifier>
          </addProductDetail>
        </flightInformation>
        <fareBasis>TAUNA0BQ</fareBasis>
        <fareType>RP</fareType>
        <cabinProduct>
          <rbd>E</rbd>
          <cabin>M</cabin>
          <avlStatus>9</avlStatus>
        </cabinProduct>
        <bookingClassDetails>
          <designator>M</designator>
        </bookingClassDetails>
      </flightDetails>
    </departureFlights>
    <returnFlights>
      <totalFlightDuration>0600</totalFlightDuration>
      <flightDetails>
        <flightInformation>
          <productDateTime>
            <dateOfDeparture>300620</dateOfDeparture>
            <timeOfDeparture>0930</timeOfDeparture>
            <dateOfArrival>300620</dateOfArrival>
            <timeOfArrival>1136</timeOfArrival>
          </productDateTime>
          <location>
            <locationId>JFK</locationId>
            <terminal>4</terminal>
          </location>
          <location>
            <locationId>DTW</locationId>
            <terminal>EM</terminal>
          </location>
          <companyId>
            <marketingCarrier>DL</marketingCarrier>
          </companyId>
          <flightOrtrainNumber>5358</flightOrtrainNumber>
          <productDetail>
            <equipmentType>CR9</equipmentType>
          </productDetail>
          <addProductDetail>
            <electronicTicketing>Y</electronicTicketing>
            <productDetailQualifier>AIP</productDetailQualifier>
          </addProductDetail>
        </flightInformation>
        <fareBasis>VAVNA0BQ</fareBasis>
        <fareType>RP</fareType>
        <cabinProduct>
          <rbd>E</rbd>
          <cabin>M</cabin>
          <avlStatus>9</avlStatus>
        </cabinProduct>
        <bookingClassDetails>
          <designator>M</designator>
        </bookingClassDetails>
      </flightDetails>
      <flightDetails>
        <flightInformation>
          <productDateTime>
            <dateOfDeparture>300620</dateOfDeparture>
            <timeOfDeparture>1230</timeOfDeparture>
            <dateOfArrival>300620</dateOfArrival>
            <timeOfArrival>1530</timeOfArrival>
          </productDateTime>
          <location>
            <locationId>DTW</locationId>
            <terminal>EM</terminal>
          </location>
          <location>
            <locationId>MIA</locationId>
          </location>
          <companyId>
            <marketingCarrier>DL</marketingCarrier>
            <operatingCarrier>DL</operatingCarrier>
          </companyId>
          <flightOrtrainNumber>1328</flightOrtrainNumber>
          <productDetail>
            <equipmentType>319</equipmentType>
          </productDetail>
          <addProductDetail>
            <electronicTicketing>Y</electronicTicketing>
            <productDetailQualifier>AIP</productDetailQualifier>
          </addProductDetail>
        </flightInformation>
        <fareBasis>VAVNA0BQ</fareBasis>
        <fareType>RP</fareType>
        <cabinProduct>
          <rbd>E</rbd>
          <cabin>M</cabin>
          <avlStatus>9</avlStatus>
        </cabinProduct>
        <bookingClassDetails>
          <designator>M</designator>
        </bookingClassDetails>
      </flightDetails>
    </returnFlights>
    <paxFareProduct>
      <adults>
        <traveller>1</traveller>
        <baseFarePerAdult>191</baseFarePerAdult>
        <taxPerAdult>29.20</taxPerAdult>
      </adults>
      <totalbaseFare>191</totalbaseFare>
      <totaltax>29.20</totaltax>
      <totalFare>220.20</totalFare>
    </paxFareProduct>
  </CustomResponse>
  <CustomResponse>
    <searchID>970195dc6244d13cdcd200418090350</searchID>
    <flightRefNumber>7a933b1f80f4d48fb9e7dae753958019_14</flightRefNumber>
    <Currency>USD</Currency>
    <departureFlights>
      <totalFlightDuration>0554</totalFlightDuration>
      <flightDetails>
        <flightInformation>
          <productDateTime>
            <dateOfDeparture>220520</dateOfDeparture>
            <timeOfDeparture>0645</timeOfDeparture>
            <dateOfArrival>220520</dateOfArrival>
            <timeOfArrival>0844</timeOfArrival>
          </productDateTime>
          <location>
            <locationId>MIA</locationId>
          </location>
          <location>
            <locationId>ATL</locationId>
            <terminal>S</terminal>
          </location>
          <companyId>
            <marketingCarrier>DL</marketingCarrier>
            <operatingCarrier>DL</operatingCarrier>
          </companyId>
          <flightOrtrainNumber>891</flightOrtrainNumber>
          <productDetail>
            <equipmentType>321</equipmentType>
          </productDetail>
          <addProductDetail>
            <electronicTicketing>Y</electronicTicketing>
            <productDetailQualifier>LCA</productDetailQualifier>
          </addProductDetail>
        </flightInformation>
        <fareBasis>TAUNA0BQ</fareBasis>
        <fareType>RP</fareType>
        <cabinProduct>
          <rbd>E</rbd>
          <cabin>M</cabin>
          <avlStatus>9</avlStatus>
        </cabinProduct>
        <bookingClassDetails>
          <designator>M</designator>
        </bookingClassDetails>
      </flightDetails>
      <flightDetails>
        <flightInformation>
          <productDateTime>
            <dateOfDeparture>220520</dateOfDeparture>
            <timeOfDeparture>1016</timeOfDeparture>
            <dateOfArrival>220520</dateOfArrival>
            <timeOfArrival>1239</timeOfArrival>
          </productDateTime>
          <location>
            <locationId>ATL</locationId>
            <terminal>S</terminal>
          </location>
          <location>
            <locationId>JFK</locationId>
            <terminal>4</terminal>
          </location>
          <companyId>
            <marketingCarrier>DL</marketingCarrier>
            <operatingCarrier>DL</operatingCarrier>
          </companyId>
          <flightOrtrainNumber>843</flightOrtrainNumber>
          <productDetail>
            <equipmentType>757</equipmentType>
          </productDetail>
          <addProductDetail>
            <electronicTicketing>Y</electronicTicketing>
            <productDetailQualifier>LCA</productDetailQualifier>
          </addProductDetail>
        </flightInformation>
        <fareBasis>TAUNA0BQ</fareBasis>
        <fareType>RP</fareType>
        <cabinProduct>
          <rbd>E</rbd>
          <cabin>M</cabin>
          <avlStatus>9</avlStatus>
        </cabinProduct>
        <bookingClassDetails>
          <designator>M</designator>
        </bookingClassDetails>
      </flightDetails>
    </departureFlights>
    <returnFlights>
      <totalFlightDuration>0600</totalFlightDuration>
      <flightDetails>
        <flightInformation>
          <productDateTime>
            <dateOfDeparture>300620</dateOfDeparture>
            <timeOfDeparture>0930</timeOfDeparture>
            <dateOfArrival>300620</dateOfArrival>
            <timeOfArrival>1136</timeOfArrival>
          </productDateTime>
          <location>
            <locationId>JFK</locationId>
            <terminal>4</terminal>
          </location>
          <location>
            <locationId>DTW</locationId>
            <terminal>EM</terminal>
          </location>
          <companyId>
            <marketingCarrier>DL</marketingCarrier>
          </companyId>
          <flightOrtrainNumber>5358</flightOrtrainNumber>
          <productDetail>
            <equipmentType>CR9</equipmentType>
          </productDetail>
          <addProductDetail>
            <electronicTicketing>Y</electronicTicketing>
            <productDetailQualifier>AIP</productDetailQualifier>
          </addProductDetail>
        </flightInformation>
        <fareBasis>VAVNA0BQ</fareBasis>
        <fareType>RP</fareType>
        <cabinProduct>
          <rbd>E</rbd>
          <cabin>M</cabin>
          <avlStatus>9</avlStatus>
        </cabinProduct>
        <bookingClassDetails>
          <designator>M</designator>
        </bookingClassDetails>
      </flightDetails>
      <flightDetails>
        <flightInformation>
          <productDateTime>
            <dateOfDeparture>300620</dateOfDeparture>
            <timeOfDeparture>1230</timeOfDeparture>
            <dateOfArrival>300620</dateOfArrival>
            <timeOfArrival>1530</timeOfArrival>
          </productDateTime>
          <location>
            <locationId>DTW</locationId>
            <terminal>EM</terminal>
          </location>
          <location>
            <locationId>MIA</locationId>
          </location>
          <companyId>
            <marketingCarrier>DL</marketingCarrier>
            <operatingCarrier>DL</operatingCarrier>
          </companyId>
          <flightOrtrainNumber>1328</flightOrtrainNumber>
          <productDetail>
            <equipmentType>319</equipmentType>
          </productDetail>
          <addProductDetail>
            <electronicTicketing>Y</electronicTicketing>
            <productDetailQualifier>AIP</productDetailQualifier>
          </addProductDetail>
        </flightInformation>
        <fareBasis>VAVNA0BQ</fareBasis>
        <fareType>RP</fareType>
        <cabinProduct>
          <rbd>E</rbd>
          <cabin>M</cabin>
          <avlStatus>9</avlStatus>
        </cabinProduct>
        <bookingClassDetails>
          <designator>M</designator>
        </bookingClassDetails>
      </flightDetails>
    </returnFlights>
    <paxFareProduct>
      <adults>
        <traveller>1</traveller>
        <baseFarePerAdult>191</baseFarePerAdult>
        <taxPerAdult>29.20</taxPerAdult>
      </adults>
      <totalbaseFare>191</totalbaseFare>
      <totaltax>29.20</totaltax>
      <totalFare>220.20</totalFare>
    </paxFareProduct>
  </CustomResponse>
  <CustomResponse>
    <searchID>970195dc6244d13cdcd200418090350</searchID>
    <flightRefNumber>c6561033e74f5afe05c309983820e4d7_15</flightRefNumber>
    <Currency>USD</Currency>
    <departureFlights>
      <totalFlightDuration>0559</totalFlightDuration>
      <flightDetails>
        <flightInformation>
          <productDateTime>
            <dateOfDeparture>220520</dateOfDeparture>
            <timeOfDeparture>0835</timeOfDeparture>
            <dateOfArrival>220520</dateOfArrival>
            <timeOfArrival>0946</timeOfArrival>
          </productDateTime>
          <location>
            <locationId>MIA</locationId>
          </location>
          <location>
            <locationId>MCO</locationId>
          </location>
          <companyId>
            <marketingCarrier>DL</marketingCarrier>
          </companyId>
          <flightOrtrainNumber>5646</flightOrtrainNumber>
          <productDetail>
            <equipmentType>E75</equipmentType>
          </productDetail>
          <addProductDetail>
            <electronicTicketing>Y</electronicTicketing>
            <productDetailQualifier>LCA</productDetailQualifier>
          </addProductDetail>
        </flightInformation>
        <fareBasis>VFVNA0BQ</fareBasis>
        <fareType>RP</fareType>
        <cabinProduct>
          <rbd>E</rbd>
          <cabin>M</cabin>
          <avlStatus>9</avlStatus>
        </cabinProduct>
        <bookingClassDetails>
          <designator>M</designator>
        </bookingClassDetails>
      </flightDetails>
      <flightDetails>
        <flightInformation>
          <productDateTime>
            <dateOfDeparture>220520</dateOfDeparture>
            <timeOfDeparture>1151</timeOfDeparture>
            <dateOfArrival>220520</dateOfArrival>
            <timeOfArrival>1434</timeOfArrival>
          </productDateTime>
          <location>
            <locationId>MCO</locationId>
          </location>
          <location>
            <locationId>JFK</locationId>
            <terminal>4</terminal>
          </location>
          <companyId>
            <marketingCarrier>DL</marketingCarrier>
            <operatingCarrier>DL</operatingCarrier>
          </companyId>
          <flightOrtrainNumber>2822</flightOrtrainNumber>
          <productDetail>
            <equipmentType>321</equipmentType>
          </productDetail>
          <addProductDetail>
            <electronicTicketing>Y</electronicTicketing>
            <productDetailQualifier>LCA</productDetailQualifier>
          </addProductDetail>
        </flightInformation>
        <fareBasis>XA7NA0BC</fareBasis>
        <fareType>RP</fareType>
        <cabinProduct>
          <rbd>E</rbd>
          <cabin>M</cabin>
          <avlStatus>9</avlStatus>
        </cabinProduct>
        <bookingClassDetails>
          <designator>M</designator>
        </bookingClassDetails>
      </flightDetails>
    </departureFlights>
    <returnFlights>
      <totalFlightDuration>0558</totalFlightDuration>
      <flightDetails>
        <flightInformation>
          <productDateTime>
            <dateOfDeparture>300620</dateOfDeparture>
            <timeOfDeparture>0755</timeOfDeparture>
            <dateOfArrival>300620</dateOfArrival>
            <timeOfArrival>1025</timeOfArrival>
          </productDateTime>
          <location>
            <locationId>JFK</locationId>
            <terminal>4</terminal>
          </location>
          <location>
            <locationId>ATL</locationId>
            <terminal>S</terminal>
          </location>
          <companyId>
            <marketingCarrier>DL</marketingCarrier>
            <operatingCarrier>DL</operatingCarrier>
          </companyId>
          <flightOrtrainNumber>243</flightOrtrainNumber>
          <productDetail>
            <equipmentType>77L</equipmentType>
          </productDetail>
          <addProductDetail>
            <electronicTicketing>Y</electronicTicketing>
            <productDetailQualifier>AVR</productDetailQualifier>
          </addProductDetail>
        </flightInformation>
        <fareBasis>VAVNA0BQ</fareBasis>
        <fareType>RP</fareType>
        <cabinProduct>
          <rbd>E</rbd>
          <cabin>M</cabin>
          <avlStatus>7</avlStatus>
        </cabinProduct>
        <bookingClassDetails>
          <designator>M</designator>
        </bookingClassDetails>
      </flightDetails>
      <flightDetails>
        <flightInformation>
          <productDateTime>
            <dateOfDeparture>300620</dateOfDeparture>
            <timeOfDeparture>1205</timeOfDeparture>
            <dateOfArrival>300620</dateOfArrival>
            <timeOfArrival>1353</timeOfArrival>
          </productDateTime>
          <location>
            <locationId>ATL</locationId>
            <terminal>S</terminal>
          </location>
          <location>
            <locationId>MIA</locationId>
          </location>
          <companyId>
            <marketingCarrier>DL</marketingCarrier>
            <operatingCarrier>DL</operatingCarrier>
          </companyId>
          <flightOrtrainNumber>1795</flightOrtrainNumber>
          <productDetail>
            <equipmentType>321</equipmentType>
          </productDetail>
          <addProductDetail>
            <electronicTicketing>Y</electronicTicketing>
            <productDetailQualifier>LCA</productDetailQualifier>
          </addProductDetail>
        </flightInformation>
        <fareBasis>VAVNA0BQ</fareBasis>
        <fareType>RP</fareType>
        <cabinProduct>
          <rbd>E</rbd>
          <cabin>M</cabin>
          <avlStatus>9</avlStatus>
        </cabinProduct>
        <bookingClassDetails>
          <designator>M</designator>
        </bookingClassDetails>
      </flightDetails>
    </returnFlights>
    <paxFareProduct>
      <adults>
        <traveller>1</traveller>
        <baseFarePerAdult>194</baseFarePerAdult>
        <taxPerAdult>29.20</taxPerAdult>
      </adults>
      <totalbaseFare>194</totalbaseFare>
      <totaltax>29.20</totaltax>
      <totalFare>223.20</totalFare>
    </paxFareProduct>
  </CustomResponse>
  <CustomResponse>
    <searchID>970195dc6244d13cdcd200418090350</searchID>
    <flightRefNumber>eb871ce28190255f18094180ba4db90e_16</flightRefNumber>
    <Currency>USD</Currency>
    <departureFlights>
      <totalFlightDuration>0606</totalFlightDuration>
      <flightDetails>
        <flightInformation>
          <productDateTime>
            <dateOfDeparture>220520</dateOfDeparture>
            <timeOfDeparture>1200</timeOfDeparture>
            <dateOfArrival>220520</dateOfArrival>
            <timeOfArrival>1311</timeOfArrival>
          </productDateTime>
          <location>
            <locationId>MIA</locationId>
          </location>
          <location>
            <locationId>MCO</locationId>
          </location>
          <companyId>
            <marketingCarrier>DL</marketingCarrier>
          </companyId>
          <flightOrtrainNumber>5667</flightOrtrainNumber>
          <productDetail>
            <equipmentType>E75</equipmentType>
          </productDetail>
          <addProductDetail>
            <electronicTicketing>Y</electronicTicketing>
            <productDetailQualifier>LCA</productDetailQualifier>
          </addProductDetail>
        </flightInformation>
        <fareBasis>VFVNA0BQ</fareBasis>
        <fareType>RP</fareType>
        <cabinProduct>
          <rbd>E</rbd>
          <cabin>M</cabin>
          <avlStatus>9</avlStatus>
        </cabinProduct>
        <bookingClassDetails>
          <designator>M</designator>
        </bookingClassDetails>
      </flightDetails>
      <flightDetails>
        <flightInformation>
          <productDateTime>
            <dateOfDeparture>220520</dateOfDeparture>
            <timeOfDeparture>1517</timeOfDeparture>
            <dateOfArrival>220520</dateOfArrival>
            <timeOfArrival>1806</timeOfArrival>
          </productDateTime>
          <location>
            <locationId>MCO</locationId>
          </location>
          <location>
            <locationId>JFK</locationId>
            <terminal>4</terminal>
          </location>
          <companyId>
            <marketingCarrier>DL</marketingCarrier>
            <operatingCarrier>DL</operatingCarrier>
          </companyId>
          <flightOrtrainNumber>2634</flightOrtrainNumber>
          <productDetail>
            <equipmentType>321</equipmentType>
          </productDetail>
          <addProductDetail>
            <electronicTicketing>Y</electronicTicketing>
            <productDetailQualifier>LCA</productDetailQualifier>
          </addProductDetail>
        </flightInformation>
        <fareBasis>XA7NA0BC</fareBasis>
        <fareType>RP</fareType>
        <cabinProduct>
          <rbd>E</rbd>
          <cabin>M</cabin>
          <avlStatus>9</avlStatus>
        </cabinProduct>
        <bookingClassDetails>
          <designator>M</designator>
        </bookingClassDetails>
      </flightDetails>
    </departureFlights>
    <returnFlights>
      <totalFlightDuration>0558</totalFlightDuration>
      <flightDetails>
        <flightInformation>
          <productDateTime>
            <dateOfDeparture>300620</dateOfDeparture>
            <timeOfDeparture>0755</timeOfDeparture>
            <dateOfArrival>300620</dateOfArrival>
            <timeOfArrival>1025</timeOfArrival>
          </productDateTime>
          <location>
            <locationId>JFK</locationId>
            <terminal>4</terminal>
          </location>
          <location>
            <locationId>ATL</locationId>
            <terminal>S</terminal>
          </location>
          <companyId>
            <marketingCarrier>DL</marketingCarrier>
            <operatingCarrier>DL</operatingCarrier>
          </companyId>
          <flightOrtrainNumber>243</flightOrtrainNumber>
          <productDetail>
            <equipmentType>77L</equipmentType>
          </productDetail>
          <addProductDetail>
            <electronicTicketing>Y</electronicTicketing>
            <productDetailQualifier>AVR</productDetailQualifier>
          </addProductDetail>
        </flightInformation>
        <fareBasis>VAVNA0BQ</fareBasis>
        <fareType>RP</fareType>
        <cabinProduct>
          <rbd>E</rbd>
          <cabin>M</cabin>
          <avlStatus>7</avlStatus>
        </cabinProduct>
        <bookingClassDetails>
          <designator>M</designator>
        </bookingClassDetails>
      </flightDetails>
      <flightDetails>
        <flightInformation>
          <productDateTime>
            <dateOfDeparture>300620</dateOfDeparture>
            <timeOfDeparture>1205</timeOfDeparture>
            <dateOfArrival>300620</dateOfArrival>
            <timeOfArrival>1353</timeOfArrival>
          </productDateTime>
          <location>
            <locationId>ATL</locationId>
            <terminal>S</terminal>
          </location>
          <location>
            <locationId>MIA</locationId>
          </location>
          <companyId>
            <marketingCarrier>DL</marketingCarrier>
            <operatingCarrier>DL</operatingCarrier>
          </companyId>
          <flightOrtrainNumber>1795</flightOrtrainNumber>
          <productDetail>
            <equipmentType>321</equipmentType>
          </productDetail>
          <addProductDetail>
            <electronicTicketing>Y</electronicTicketing>
            <productDetailQualifier>LCA</productDetailQualifier>
          </addProductDetail>
        </flightInformation>
        <fareBasis>VAVNA0BQ</fareBasis>
        <fareType>RP</fareType>
        <cabinProduct>
          <rbd>E</rbd>
          <cabin>M</cabin>
          <avlStatus>9</avlStatus>
        </cabinProduct>
        <bookingClassDetails>
          <designator>M</designator>
        </bookingClassDetails>
      </flightDetails>
    </returnFlights>
    <paxFareProduct>
      <adults>
        <traveller>1</traveller>
        <baseFarePerAdult>194</baseFarePerAdult>
        <taxPerAdult>29.20</taxPerAdult>
      </adults>
      <totalbaseFare>194</totalbaseFare>
      <totaltax>29.20</totaltax>
      <totalFare>223.20</totalFare>
    </paxFareProduct>
  </CustomResponse>
  <CustomResponse>
    <searchID>970195dc6244d13cdcd200418090350</searchID>
    <flightRefNumber>99657baedc80e3f6bb0dd40580d0bd6e_17</flightRefNumber>
    <Currency>USD</Currency>
    <departureFlights>
      <totalFlightDuration>0754</totalFlightDuration>
      <flightDetails>
        <flightInformation>
          <productDateTime>
            <dateOfDeparture>220520</dateOfDeparture>
            <timeOfDeparture>1525</timeOfDeparture>
            <dateOfArrival>220520</dateOfArrival>
            <timeOfArrival>1636</timeOfArrival>
          </productDateTime>
          <location>
            <locationId>MIA</locationId>
          </location>
          <location>
            <locationId>MCO</locationId>
          </location>
          <companyId>
            <marketingCarrier>DL</marketingCarrier>
          </companyId>
          <flightOrtrainNumber>5978</flightOrtrainNumber>
          <productDetail>
            <equipmentType>E75</equipmentType>
          </productDetail>
          <addProductDetail>
            <electronicTicketing>Y</electronicTicketing>
            <productDetailQualifier>LCA</productDetailQualifier>
          </addProductDetail>
        </flightInformation>
        <fareBasis>VFVNA0BQ</fareBasis>
        <fareType>RP</fareType>
        <cabinProduct>
          <rbd>E</rbd>
          <cabin>M</cabin>
          <avlStatus>9</avlStatus>
        </cabinProduct>
        <bookingClassDetails>
          <designator>M</designator>
        </bookingClassDetails>
      </flightDetails>
      <flightDetails>
        <flightInformation>
          <productDateTime>
            <dateOfDeparture>220520</dateOfDeparture>
            <timeOfDeparture>2030</timeOfDeparture>
            <dateOfArrival>220520</dateOfArrival>
            <timeOfArrival>2319</timeOfArrival>
          </productDateTime>
          <location>
            <locationId>MCO</locationId>
          </location>
          <location>
            <locationId>JFK</locationId>
            <terminal>4</terminal>
          </location>
          <companyId>
            <marketingCarrier>DL</marketingCarrier>
            <operatingCarrier>DL</operatingCarrier>
          </companyId>
          <flightOrtrainNumber>2279</flightOrtrainNumber>
          <productDetail>
            <equipmentType>321</equipmentType>
          </productDetail>
          <addProductDetail>
            <electronicTicketing>Y</electronicTicketing>
            <productDetailQualifier>LCA</productDetailQualifier>
          </addProductDetail>
        </flightInformation>
        <fareBasis>XA7NA0BC</fareBasis>
        <fareType>RP</fareType>
        <cabinProduct>
          <rbd>E</rbd>
          <cabin>M</cabin>
          <avlStatus>9</avlStatus>
        </cabinProduct>
        <bookingClassDetails>
          <designator>M</designator>
        </bookingClassDetails>
      </flightDetails>
    </departureFlights>
    <returnFlights>
      <totalFlightDuration>0558</totalFlightDuration>
      <flightDetails>
        <flightInformation>
          <productDateTime>
            <dateOfDeparture>300620</dateOfDeparture>
            <timeOfDeparture>0755</timeOfDeparture>
            <dateOfArrival>300620</dateOfArrival>
            <timeOfArrival>1025</timeOfArrival>
          </productDateTime>
          <location>
            <locationId>JFK</locationId>
            <terminal>4</terminal>
          </location>
          <location>
            <locationId>ATL</locationId>
            <terminal>S</terminal>
          </location>
          <companyId>
            <marketingCarrier>DL</marketingCarrier>
            <operatingCarrier>DL</operatingCarrier>
          </companyId>
          <flightOrtrainNumber>243</flightOrtrainNumber>
          <productDetail>
            <equipmentType>77L</equipmentType>
          </productDetail>
          <addProductDetail>
            <electronicTicketing>Y</electronicTicketing>
            <productDetailQualifier>AVR</productDetailQualifier>
          </addProductDetail>
        </flightInformation>
        <fareBasis>VAVNA0BQ</fareBasis>
        <fareType>RP</fareType>
        <cabinProduct>
          <rbd>E</rbd>
          <cabin>M</cabin>
          <avlStatus>7</avlStatus>
        </cabinProduct>
        <bookingClassDetails>
          <designator>M</designator>
        </bookingClassDetails>
      </flightDetails>
      <flightDetails>
        <flightInformation>
          <productDateTime>
            <dateOfDeparture>300620</dateOfDeparture>
            <timeOfDeparture>1205</timeOfDeparture>
            <dateOfArrival>300620</dateOfArrival>
            <timeOfArrival>1353</timeOfArrival>
          </productDateTime>
          <location>
            <locationId>ATL</locationId>
            <terminal>S</terminal>
          </location>
          <location>
            <locationId>MIA</locationId>
          </location>
          <companyId>
            <marketingCarrier>DL</marketingCarrier>
            <operatingCarrier>DL</operatingCarrier>
          </companyId>
          <flightOrtrainNumber>1795</flightOrtrainNumber>
          <productDetail>
            <equipmentType>321</equipmentType>
          </productDetail>
          <addProductDetail>
            <electronicTicketing>Y</electronicTicketing>
            <productDetailQualifier>LCA</productDetailQualifier>
          </addProductDetail>
        </flightInformation>
        <fareBasis>VAVNA0BQ</fareBasis>
        <fareType>RP</fareType>
        <cabinProduct>
          <rbd>E</rbd>
          <cabin>M</cabin>
          <avlStatus>9</avlStatus>
        </cabinProduct>
        <bookingClassDetails>
          <designator>M</designator>
        </bookingClassDetails>
      </flightDetails>
    </returnFlights>
    <paxFareProduct>
      <adults>
        <traveller>1</traveller>
        <baseFarePerAdult>194</baseFarePerAdult>
        <taxPerAdult>29.20</taxPerAdult>
      </adults>
      <totalbaseFare>194</totalbaseFare>
      <totaltax>29.20</totaltax>
      <totalFare>223.20</totalFare>
    </paxFareProduct>
  </CustomResponse>
  <CustomResponse>
    <searchID>970195dc6244d13cdcd200418090350</searchID>
    <flightRefNumber>b75db50552e52b60eb3f22c1f3d94e6d_18</flightRefNumber>
    <Currency>USD</Currency>
    <departureFlights>
      <totalFlightDuration>0559</totalFlightDuration>
      <flightDetails>
        <flightInformation>
          <productDateTime>
            <dateOfDeparture>220520</dateOfDeparture>
            <timeOfDeparture>0835</timeOfDeparture>
            <dateOfArrival>220520</dateOfArrival>
            <timeOfArrival>0946</timeOfArrival>
          </productDateTime>
          <location>
            <locationId>MIA</locationId>
          </location>
          <location>
            <locationId>MCO</locationId>
          </location>
          <companyId>
            <marketingCarrier>DL</marketingCarrier>
          </companyId>
          <flightOrtrainNumber>5646</flightOrtrainNumber>
          <productDetail>
            <equipmentType>E75</equipmentType>
          </productDetail>
          <addProductDetail>
            <electronicTicketing>Y</electronicTicketing>
            <productDetailQualifier>LCA</productDetailQualifier>
          </addProductDetail>
        </flightInformation>
        <fareBasis>VFVNA0BQ</fareBasis>
        <fareType>RP</fareType>
        <cabinProduct>
          <rbd>E</rbd>
          <cabin>M</cabin>
          <avlStatus>9</avlStatus>
        </cabinProduct>
        <bookingClassDetails>
          <designator>M</designator>
        </bookingClassDetails>
      </flightDetails>
      <flightDetails>
        <flightInformation>
          <productDateTime>
            <dateOfDeparture>220520</dateOfDeparture>
            <timeOfDeparture>1151</timeOfDeparture>
            <dateOfArrival>220520</dateOfArrival>
            <timeOfArrival>1434</timeOfArrival>
          </productDateTime>
          <location>
            <locationId>MCO</locationId>
          </location>
          <location>
            <locationId>JFK</locationId>
            <terminal>4</terminal>
          </location>
          <companyId>
            <marketingCarrier>DL</marketingCarrier>
            <operatingCarrier>DL</operatingCarrier>
          </companyId>
          <flightOrtrainNumber>2822</flightOrtrainNumber>
          <productDetail>
            <equipmentType>321</equipmentType>
          </productDetail>
          <addProductDetail>
            <electronicTicketing>Y</electronicTicketing>
            <productDetailQualifier>LCA</productDetailQualifier>
          </addProductDetail>
        </flightInformation>
        <fareBasis>XA7NA0BC</fareBasis>
        <fareType>RP</fareType>
        <cabinProduct>
          <rbd>E</rbd>
          <cabin>M</cabin>
          <avlStatus>9</avlStatus>
        </cabinProduct>
        <bookingClassDetails>
          <designator>M</designator>
        </bookingClassDetails>
      </flightDetails>
    </departureFlights>
    <returnFlights>
      <totalFlightDuration>0600</totalFlightDuration>
      <flightDetails>
        <flightInformation>
          <productDateTime>
            <dateOfDeparture>300620</dateOfDeparture>
            <timeOfDeparture>0930</timeOfDeparture>
            <dateOfArrival>300620</dateOfArrival>
            <timeOfArrival>1136</timeOfArrival>
          </productDateTime>
          <location>
            <locationId>JFK</locationId>
            <terminal>4</terminal>
          </location>
          <location>
            <locationId>DTW</locationId>
            <terminal>EM</terminal>
          </location>
          <companyId>
            <marketingCarrier>DL</marketingCarrier>
          </companyId>
          <flightOrtrainNumber>5358</flightOrtrainNumber>
          <productDetail>
            <equipmentType>CR9</equipmentType>
          </productDetail>
          <addProductDetail>
            <electronicTicketing>Y</electronicTicketing>
            <productDetailQualifier>AIP</productDetailQualifier>
          </addProductDetail>
        </flightInformation>
        <fareBasis>VAVNA0BQ</fareBasis>
        <fareType>RP</fareType>
        <cabinProduct>
          <rbd>E</rbd>
          <cabin>M</cabin>
          <avlStatus>9</avlStatus>
        </cabinProduct>
        <bookingClassDetails>
          <designator>M</designator>
        </bookingClassDetails>
      </flightDetails>
      <flightDetails>
        <flightInformation>
          <productDateTime>
            <dateOfDeparture>300620</dateOfDeparture>
            <timeOfDeparture>1230</timeOfDeparture>
            <dateOfArrival>300620</dateOfArrival>
            <timeOfArrival>1530</timeOfArrival>
          </productDateTime>
          <location>
            <locationId>DTW</locationId>
            <terminal>EM</terminal>
          </location>
          <location>
            <locationId>MIA</locationId>
          </location>
          <companyId>
            <marketingCarrier>DL</marketingCarrier>
            <operatingCarrier>DL</operatingCarrier>
          </companyId>
          <flightOrtrainNumber>1328</flightOrtrainNumber>
          <productDetail>
            <equipmentType>319</equipmentType>
          </productDetail>
          <addProductDetail>
            <electronicTicketing>Y</electronicTicketing>
            <productDetailQualifier>AIP</productDetailQualifier>
          </addProductDetail>
        </flightInformation>
        <fareBasis>VAVNA0BQ</fareBasis>
        <fareType>RP</fareType>
        <cabinProduct>
          <rbd>E</rbd>
          <cabin>M</cabin>
          <avlStatus>9</avlStatus>
        </cabinProduct>
        <bookingClassDetails>
          <designator>M</designator>
        </bookingClassDetails>
      </flightDetails>
    </returnFlights>
    <paxFareProduct>
      <adults>
        <traveller>1</traveller>
        <baseFarePerAdult>194</baseFarePerAdult>
        <taxPerAdult>29.20</taxPerAdult>
      </adults>
      <totalbaseFare>194</totalbaseFare>
      <totaltax>29.20</totaltax>
      <totalFare>223.20</totalFare>
    </paxFareProduct>
  </CustomResponse>
  <CustomResponse>
    <searchID>970195dc6244d13cdcd200418090350</searchID>
    <flightRefNumber>249b576eef39e7ac7b9b9e11768735dd_19</flightRefNumber>
    <Currency>USD</Currency>
    <departureFlights>
      <totalFlightDuration>0606</totalFlightDuration>
      <flightDetails>
        <flightInformation>
          <productDateTime>
            <dateOfDeparture>220520</dateOfDeparture>
            <timeOfDeparture>1200</timeOfDeparture>
            <dateOfArrival>220520</dateOfArrival>
            <timeOfArrival>1311</timeOfArrival>
          </productDateTime>
          <location>
            <locationId>MIA</locationId>
          </location>
          <location>
            <locationId>MCO</locationId>
          </location>
          <companyId>
            <marketingCarrier>DL</marketingCarrier>
          </companyId>
          <flightOrtrainNumber>5667</flightOrtrainNumber>
          <productDetail>
            <equipmentType>E75</equipmentType>
          </productDetail>
          <addProductDetail>
            <electronicTicketing>Y</electronicTicketing>
            <productDetailQualifier>LCA</productDetailQualifier>
          </addProductDetail>
        </flightInformation>
        <fareBasis>VFVNA0BQ</fareBasis>
        <fareType>RP</fareType>
        <cabinProduct>
          <rbd>E</rbd>
          <cabin>M</cabin>
          <avlStatus>9</avlStatus>
        </cabinProduct>
        <bookingClassDetails>
          <designator>M</designator>
        </bookingClassDetails>
      </flightDetails>
      <flightDetails>
        <flightInformation>
          <productDateTime>
            <dateOfDeparture>220520</dateOfDeparture>
            <timeOfDeparture>1517</timeOfDeparture>
            <dateOfArrival>220520</dateOfArrival>
            <timeOfArrival>1806</timeOfArrival>
          </productDateTime>
          <location>
            <locationId>MCO</locationId>
          </location>
          <location>
            <locationId>JFK</locationId>
            <terminal>4</terminal>
          </location>
          <companyId>
            <marketingCarrier>DL</marketingCarrier>
            <operatingCarrier>DL</operatingCarrier>
          </companyId>
          <flightOrtrainNumber>2634</flightOrtrainNumber>
          <productDetail>
            <equipmentType>321</equipmentType>
          </productDetail>
          <addProductDetail>
            <electronicTicketing>Y</electronicTicketing>
            <productDetailQualifier>LCA</productDetailQualifier>
          </addProductDetail>
        </flightInformation>
        <fareBasis>XA7NA0BC</fareBasis>
        <fareType>RP</fareType>
        <cabinProduct>
          <rbd>E</rbd>
          <cabin>M</cabin>
          <avlStatus>9</avlStatus>
        </cabinProduct>
        <bookingClassDetails>
          <designator>M</designator>
        </bookingClassDetails>
      </flightDetails>
    </departureFlights>
    <returnFlights>
      <totalFlightDuration>0600</totalFlightDuration>
      <flightDetails>
        <flightInformation>
          <productDateTime>
            <dateOfDeparture>300620</dateOfDeparture>
            <timeOfDeparture>0930</timeOfDeparture>
            <dateOfArrival>300620</dateOfArrival>
            <timeOfArrival>1136</timeOfArrival>
          </productDateTime>
          <location>
            <locationId>JFK</locationId>
            <terminal>4</terminal>
          </location>
          <location>
            <locationId>DTW</locationId>
            <terminal>EM</terminal>
          </location>
          <companyId>
            <marketingCarrier>DL</marketingCarrier>
          </companyId>
          <flightOrtrainNumber>5358</flightOrtrainNumber>
          <productDetail>
            <equipmentType>CR9</equipmentType>
          </productDetail>
          <addProductDetail>
            <electronicTicketing>Y</electronicTicketing>
            <productDetailQualifier>AIP</productDetailQualifier>
          </addProductDetail>
        </flightInformation>
        <fareBasis>VAVNA0BQ</fareBasis>
        <fareType>RP</fareType>
        <cabinProduct>
          <rbd>E</rbd>
          <cabin>M</cabin>
          <avlStatus>9</avlStatus>
        </cabinProduct>
        <bookingClassDetails>
          <designator>M</designator>
        </bookingClassDetails>
      </flightDetails>
      <flightDetails>
        <flightInformation>
          <productDateTime>
            <dateOfDeparture>300620</dateOfDeparture>
            <timeOfDeparture>1230</timeOfDeparture>
            <dateOfArrival>300620</dateOfArrival>
            <timeOfArrival>1530</timeOfArrival>
          </productDateTime>
          <location>
            <locationId>DTW</locationId>
            <terminal>EM</terminal>
          </location>
          <location>
            <locationId>MIA</locationId>
          </location>
          <companyId>
            <marketingCarrier>DL</marketingCarrier>
            <operatingCarrier>DL</operatingCarrier>
          </companyId>
          <flightOrtrainNumber>1328</flightOrtrainNumber>
          <productDetail>
            <equipmentType>319</equipmentType>
          </productDetail>
          <addProductDetail>
            <electronicTicketing>Y</electronicTicketing>
            <productDetailQualifier>AIP</productDetailQualifier>
          </addProductDetail>
        </flightInformation>
        <fareBasis>VAVNA0BQ</fareBasis>
        <fareType>RP</fareType>
        <cabinProduct>
          <rbd>E</rbd>
          <cabin>M</cabin>
          <avlStatus>9</avlStatus>
        </cabinProduct>
        <bookingClassDetails>
          <designator>M</designator>
        </bookingClassDetails>
      </flightDetails>
    </returnFlights>
    <paxFareProduct>
      <adults>
        <traveller>1</traveller>
        <baseFarePerAdult>194</baseFarePerAdult>
        <taxPerAdult>29.20</taxPerAdult>
      </adults>
      <totalbaseFare>194</totalbaseFare>
      <totaltax>29.20</totaltax>
      <totalFare>223.20</totalFare>
    </paxFareProduct>
  </CustomResponse>
  <CustomResponse>
    <searchID>970195dc6244d13cdcd200418090350</searchID>
    <flightRefNumber>d53a00b905dfd88bb982815c1ce94239_20</flightRefNumber>
    <Currency>USD</Currency>
    <departureFlights>
      <totalFlightDuration>0754</totalFlightDuration>
      <flightDetails>
        <flightInformation>
          <productDateTime>
            <dateOfDeparture>220520</dateOfDeparture>
            <timeOfDeparture>1525</timeOfDeparture>
            <dateOfArrival>220520</dateOfArrival>
            <timeOfArrival>1636</timeOfArrival>
          </productDateTime>
          <location>
            <locationId>MIA</locationId>
          </location>
          <location>
            <locationId>MCO</locationId>
          </location>
          <companyId>
            <marketingCarrier>DL</marketingCarrier>
          </companyId>
          <flightOrtrainNumber>5978</flightOrtrainNumber>
          <productDetail>
            <equipmentType>E75</equipmentType>
          </productDetail>
          <addProductDetail>
            <electronicTicketing>Y</electronicTicketing>
            <productDetailQualifier>LCA</productDetailQualifier>
          </addProductDetail>
        </flightInformation>
        <fareBasis>VFVNA0BQ</fareBasis>
        <fareType>RP</fareType>
        <cabinProduct>
          <rbd>E</rbd>
          <cabin>M</cabin>
          <avlStatus>9</avlStatus>
        </cabinProduct>
        <bookingClassDetails>
          <designator>M</designator>
        </bookingClassDetails>
      </flightDetails>
      <flightDetails>
        <flightInformation>
          <productDateTime>
            <dateOfDeparture>220520</dateOfDeparture>
            <timeOfDeparture>2030</timeOfDeparture>
            <dateOfArrival>220520</dateOfArrival>
            <timeOfArrival>2319</timeOfArrival>
          </productDateTime>
          <location>
            <locationId>MCO</locationId>
          </location>
          <location>
            <locationId>JFK</locationId>
            <terminal>4</terminal>
          </location>
          <companyId>
            <marketingCarrier>DL</marketingCarrier>
            <operatingCarrier>DL</operatingCarrier>
          </companyId>
          <flightOrtrainNumber>2279</flightOrtrainNumber>
          <productDetail>
            <equipmentType>321</equipmentType>
          </productDetail>
          <addProductDetail>
            <electronicTicketing>Y</electronicTicketing>
            <productDetailQualifier>LCA</productDetailQualifier>
          </addProductDetail>
        </flightInformation>
        <fareBasis>XA7NA0BC</fareBasis>
        <fareType>RP</fareType>
        <cabinProduct>
          <rbd>E</rbd>
          <cabin>M</cabin>
          <avlStatus>9</avlStatus>
        </cabinProduct>
        <bookingClassDetails>
          <designator>M</designator>
        </bookingClassDetails>
      </flightDetails>
    </departureFlights>
    <returnFlights>
      <totalFlightDuration>0600</totalFlightDuration>
      <flightDetails>
        <flightInformation>
          <productDateTime>
            <dateOfDeparture>300620</dateOfDeparture>
            <timeOfDeparture>0930</timeOfDeparture>
            <dateOfArrival>300620</dateOfArrival>
            <timeOfArrival>1136</timeOfArrival>
          </productDateTime>
          <location>
            <locationId>JFK</locationId>
            <terminal>4</terminal>
          </location>
          <location>
            <locationId>DTW</locationId>
            <terminal>EM</terminal>
          </location>
          <companyId>
            <marketingCarrier>DL</marketingCarrier>
          </companyId>
          <flightOrtrainNumber>5358</flightOrtrainNumber>
          <productDetail>
            <equipmentType>CR9</equipmentType>
          </productDetail>
          <addProductDetail>
            <electronicTicketing>Y</electronicTicketing>
            <productDetailQualifier>AIP</productDetailQualifier>
          </addProductDetail>
        </flightInformation>
        <fareBasis>VAVNA0BQ</fareBasis>
        <fareType>RP</fareType>
        <cabinProduct>
          <rbd>E</rbd>
          <cabin>M</cabin>
          <avlStatus>9</avlStatus>
        </cabinProduct>
        <bookingClassDetails>
          <designator>M</designator>
        </bookingClassDetails>
      </flightDetails>
      <flightDetails>
        <flightInformation>
          <productDateTime>
            <dateOfDeparture>300620</dateOfDeparture>
            <timeOfDeparture>1230</timeOfDeparture>
            <dateOfArrival>300620</dateOfArrival>
            <timeOfArrival>1530</timeOfArrival>
          </productDateTime>
          <location>
            <locationId>DTW</locationId>
            <terminal>EM</terminal>
          </location>
          <location>
            <locationId>MIA</locationId>
          </location>
          <companyId>
            <marketingCarrier>DL</marketingCarrier>
            <operatingCarrier>DL</operatingCarrier>
          </companyId>
          <flightOrtrainNumber>1328</flightOrtrainNumber>
          <productDetail>
            <equipmentType>319</equipmentType>
          </productDetail>
          <addProductDetail>
            <electronicTicketing>Y</electronicTicketing>
            <productDetailQualifier>AIP</productDetailQualifier>
          </addProductDetail>
        </flightInformation>
        <fareBasis>VAVNA0BQ</fareBasis>
        <fareType>RP</fareType>
        <cabinProduct>
          <rbd>E</rbd>
          <cabin>M</cabin>
          <avlStatus>9</avlStatus>
        </cabinProduct>
        <bookingClassDetails>
          <designator>M</designator>
        </bookingClassDetails>
      </flightDetails>
    </returnFlights>
    <paxFareProduct>
      <adults>
        <traveller>1</traveller>
        <baseFarePerAdult>194</baseFarePerAdult>
        <taxPerAdult>29.20</taxPerAdult>
      </adults>
      <totalbaseFare>194</totalbaseFare>
      <totaltax>29.20</totaltax>
      <totalFare>223.20</totalFare>
    </paxFareProduct>
  </CustomResponse>
</FlightsInfo>
