<?xml version="1.0" encoding="UTF-8" standalone="yes"?>
<FlightsInfo>
  <CustomResponse>
    <searchID>aa475fe11b92bfc841d200418075925</searchID>
    <flightRefNumber>59aea15ae7c7edf261c9fea1dbbf50d6_1</flightRefNumber>
    <Currency>USD</Currency>
    <departureFlights>
      <totalFlightDuration>0810</totalFlightDuration>
      <flightDetails>
        <flightInformation>
          <productDateTime>
            <dateOfDeparture>210820</dateOfDeparture>
            <timeOfDeparture>1229</timeOfDeparture>
            <dateOfArrival>210820</dateOfArrival>
            <timeOfArrival>1437</timeOfArrival>
          </productDateTime>
          <location>
            <locationId>JFK</locationId>
            <terminal>4</terminal>
          </location>
          <location>
            <locationId>DTW</locationId>
            <terminal>EM</terminal>
          </location>
          <companyId>
            <marketingCarrier>DL</marketingCarrier>
          </companyId>
          <flightOrtrainNumber>4758</flightOrtrainNumber>
          <productDetail>
            <equipmentType>CR9</equipmentType>
          </productDetail>
          <addProductDetail>
            <electronicTicketing>Y</electronicTicketing>
            <productDetailQualifier>AIP</productDetailQualifier>
          </addProductDetail>
        </flightInformation>
        <fareBasis>VAVNA0BQ</fareBasis>
        <fareType>RP</fareType>
        <cabinProduct>
          <rbd>E</rbd>
          <cabin>M</cabin>
          <avlStatus>9</avlStatus>
        </cabinProduct>
        <bookingClassDetails>
          <designator>M</designator>
        </bookingClassDetails>
      </flightDetails>
      <flightDetails>
        <flightInformation>
          <productDateTime>
            <dateOfDeparture>210820</dateOfDeparture>
            <timeOfDeparture>1740</timeOfDeparture>
            <dateOfArrival>210820</dateOfArrival>
            <timeOfArrival>2039</timeOfArrival>
          </productDateTime>
          <location>
            <locationId>DTW</locationId>
            <terminal>EM</terminal>
          </location>
          <location>
            <locationId>MIA</locationId>
          </location>
          <companyId>
            <marketingCarrier>DL</marketingCarrier>
            <operatingCarrier>DL</operatingCarrier>
          </companyId>
          <flightOrtrainNumber>3025</flightOrtrainNumber>
          <productDetail>
            <equipmentType>319</equipmentType>
          </productDetail>
          <addProductDetail>
            <electronicTicketing>Y</electronicTicketing>
            <productDetailQualifier>AIP</productDetailQualifier>
          </addProductDetail>
        </flightInformation>
        <fareBasis>VAVNA0BQ</fareBasis>
        <fareType>RP</fareType>
        <cabinProduct>
          <rbd>E</rbd>
          <cabin>M</cabin>
          <avlStatus>9</avlStatus>
        </cabinProduct>
        <bookingClassDetails>
          <designator>M</designator>
        </bookingClassDetails>
      </flightDetails>
    </departureFlights>
    <returnFlights>
      <totalFlightDuration>0258</totalFlightDuration>
      <flightDetails>
        <flightInformation>
          <productDateTime>
            <dateOfDeparture>290920</dateOfDeparture>
            <timeOfDeparture>0830</timeOfDeparture>
            <dateOfArrival>290920</dateOfArrival>
            <timeOfArrival>1128</timeOfArrival>
          </productDateTime>
          <location>
            <locationId>MIA</locationId>
          </location>
          <location>
            <locationId>JFK</locationId>
            <terminal>4</terminal>
          </location>
          <companyId>
            <marketingCarrier>DL</marketingCarrier>
            <operatingCarrier>DL</operatingCarrier>
          </companyId>
          <flightOrtrainNumber>2732</flightOrtrainNumber>
          <productDetail>
            <equipmentType>321</equipmentType>
          </productDetail>
          <addProductDetail>
            <electronicTicketing>Y</electronicTicketing>
            <productDetailQualifier>IAC</productDetailQualifier>
          </addProductDetail>
        </flightInformation>
        <fareBasis>VAVNA0BQ</fareBasis>
        <fareType>RP</fareType>
        <cabinProduct>
          <rbd>E</rbd>
          <cabin>M</cabin>
          <avlStatus>9</avlStatus>
        </cabinProduct>
        <bookingClassDetails>
          <designator>M</designator>
        </bookingClassDetails>
      </flightDetails>
    </returnFlights>
    <paxFareProduct>
      <adults>
        <traveller>1</traveller>
        <baseFarePerAdult>156</baseFarePerAdult>
        <taxPerAdult>24.70</taxPerAdult>
      </adults>
      <totalbaseFare>156</totalbaseFare>
      <totaltax>24.70</totaltax>
      <totalFare>180.70</totalFare>
    </paxFareProduct>
  </CustomResponse>
  <CustomResponse>
    <searchID>aa475fe11b92bfc841d200418075925</searchID>
    <flightRefNumber>5394ddbe290d8161c0453370c04316ce_2</flightRefNumber>
    <Currency>USD</Currency>
    <departureFlights>
      <totalFlightDuration>0810</totalFlightDuration>
      <flightDetails>
        <flightInformation>
          <productDateTime>
            <dateOfDeparture>210820</dateOfDeparture>
            <timeOfDeparture>1229</timeOfDeparture>
            <dateOfArrival>210820</dateOfArrival>
            <timeOfArrival>1437</timeOfArrival>
          </productDateTime>
          <location>
            <locationId>JFK</locationId>
            <terminal>4</terminal>
          </location>
          <location>
            <locationId>DTW</locationId>
            <terminal>EM</terminal>
          </location>
          <companyId>
            <marketingCarrier>DL</marketingCarrier>
          </companyId>
          <flightOrtrainNumber>4758</flightOrtrainNumber>
          <productDetail>
            <equipmentType>CR9</equipmentType>
          </productDetail>
          <addProductDetail>
            <electronicTicketing>Y</electronicTicketing>
            <productDetailQualifier>AIP</productDetailQualifier>
          </addProductDetail>
        </flightInformation>
        <fareBasis>VAVNA0BQ</fareBasis>
        <fareType>RP</fareType>
        <cabinProduct>
          <rbd>E</rbd>
          <cabin>M</cabin>
          <avlStatus>9</avlStatus>
        </cabinProduct>
        <bookingClassDetails>
          <designator>M</designator>
        </bookingClassDetails>
      </flightDetails>
      <flightDetails>
        <flightInformation>
          <productDateTime>
            <dateOfDeparture>210820</dateOfDeparture>
            <timeOfDeparture>1740</timeOfDeparture>
            <dateOfArrival>210820</dateOfArrival>
            <timeOfArrival>2039</timeOfArrival>
          </productDateTime>
          <location>
            <locationId>DTW</locationId>
            <terminal>EM</terminal>
          </location>
          <location>
            <locationId>MIA</locationId>
          </location>
          <companyId>
            <marketingCarrier>DL</marketingCarrier>
            <operatingCarrier>DL</operatingCarrier>
          </companyId>
          <flightOrtrainNumber>3025</flightOrtrainNumber>
          <productDetail>
            <equipmentType>319</equipmentType>
          </productDetail>
          <addProductDetail>
            <electronicTicketing>Y</electronicTicketing>
            <productDetailQualifier>AIP</productDetailQualifier>
          </addProductDetail>
        </flightInformation>
        <fareBasis>VAVNA0BQ</fareBasis>
        <fareType>RP</fareType>
        <cabinProduct>
          <rbd>E</rbd>
          <cabin>M</cabin>
          <avlStatus>9</avlStatus>
        </cabinProduct>
        <bookingClassDetails>
          <designator>M</designator>
        </bookingClassDetails>
      </flightDetails>
    </departureFlights>
    <returnFlights>
      <totalFlightDuration>0313</totalFlightDuration>
      <flightDetails>
        <flightInformation>
          <productDateTime>
            <dateOfDeparture>290920</dateOfDeparture>
            <timeOfDeparture>1955</timeOfDeparture>
            <dateOfArrival>290920</dateOfArrival>
            <timeOfArrival>2308</timeOfArrival>
          </productDateTime>
          <location>
            <locationId>MIA</locationId>
          </location>
          <location>
            <locationId>JFK</locationId>
            <terminal>4</terminal>
          </location>
          <companyId>
            <marketingCarrier>DL</marketingCarrier>
            <operatingCarrier>DL</operatingCarrier>
          </companyId>
          <flightOrtrainNumber>2385</flightOrtrainNumber>
          <productDetail>
            <equipmentType>321</equipmentType>
          </productDetail>
          <addProductDetail>
            <electronicTicketing>Y</electronicTicketing>
            <productDetailQualifier>IAC</productDetailQualifier>
          </addProductDetail>
        </flightInformation>
        <fareBasis>VAVNA0BQ</fareBasis>
        <fareType>RP</fareType>
        <cabinProduct>
          <rbd>E</rbd>
          <cabin>M</cabin>
          <avlStatus>9</avlStatus>
        </cabinProduct>
        <bookingClassDetails>
          <designator>M</designator>
        </bookingClassDetails>
      </flightDetails>
    </returnFlights>
    <paxFareProduct>
      <adults>
        <traveller>1</traveller>
        <baseFarePerAdult>156</baseFarePerAdult>
        <taxPerAdult>24.70</taxPerAdult>
      </adults>
      <totalbaseFare>156</totalbaseFare>
      <totaltax>24.70</totaltax>
      <totalFare>180.70</totalFare>
    </paxFareProduct>
  </CustomResponse>
  <CustomResponse>
    <searchID>aa475fe11b92bfc841d200418075925</searchID>
    <flightRefNumber>e6ead3478b266a5b6da6cefe0b92c35b_3</flightRefNumber>
    <Currency>USD</Currency>
    <departureFlights>
      <totalFlightDuration>0810</totalFlightDuration>
      <flightDetails>
        <flightInformation>
          <productDateTime>
            <dateOfDeparture>210820</dateOfDeparture>
            <timeOfDeparture>1229</timeOfDeparture>
            <dateOfArrival>210820</dateOfArrival>
            <timeOfArrival>1437</timeOfArrival>
          </productDateTime>
          <location>
            <locationId>JFK</locationId>
            <terminal>4</terminal>
          </location>
          <location>
            <locationId>DTW</locationId>
            <terminal>EM</terminal>
          </location>
          <companyId>
            <marketingCarrier>DL</marketingCarrier>
          </companyId>
          <flightOrtrainNumber>4758</flightOrtrainNumber>
          <productDetail>
            <equipmentType>CR9</equipmentType>
          </productDetail>
          <addProductDetail>
            <electronicTicketing>Y</electronicTicketing>
            <productDetailQualifier>AIP</productDetailQualifier>
          </addProductDetail>
        </flightInformation>
        <fareBasis>VAVNA0BQ</fareBasis>
        <fareType>RP</fareType>
        <cabinProduct>
          <rbd>E</rbd>
          <cabin>M</cabin>
          <avlStatus>9</avlStatus>
        </cabinProduct>
        <bookingClassDetails>
          <designator>M</designator>
        </bookingClassDetails>
      </flightDetails>
      <flightDetails>
        <flightInformation>
          <productDateTime>
            <dateOfDeparture>210820</dateOfDeparture>
            <timeOfDeparture>1740</timeOfDeparture>
            <dateOfArrival>210820</dateOfArrival>
            <timeOfArrival>2039</timeOfArrival>
          </productDateTime>
          <location>
            <locationId>DTW</locationId>
            <terminal>EM</terminal>
          </location>
          <location>
            <locationId>MIA</locationId>
          </location>
          <companyId>
            <marketingCarrier>DL</marketingCarrier>
            <operatingCarrier>DL</operatingCarrier>
          </companyId>
          <flightOrtrainNumber>3025</flightOrtrainNumber>
          <productDetail>
            <equipmentType>319</equipmentType>
          </productDetail>
          <addProductDetail>
            <electronicTicketing>Y</electronicTicketing>
            <productDetailQualifier>AIP</productDetailQualifier>
          </addProductDetail>
        </flightInformation>
        <fareBasis>VAVNA0BQ</fareBasis>
        <fareType>RP</fareType>
        <cabinProduct>
          <rbd>E</rbd>
          <cabin>M</cabin>
          <avlStatus>9</avlStatus>
        </cabinProduct>
        <bookingClassDetails>
          <designator>M</designator>
        </bookingClassDetails>
      </flightDetails>
    </departureFlights>
    <returnFlights>
      <totalFlightDuration>0704</totalFlightDuration>
      <flightDetails>
        <flightInformation>
          <productDateTime>
            <dateOfDeparture>290920</dateOfDeparture>
            <timeOfDeparture>1654</timeOfDeparture>
            <dateOfArrival>290920</dateOfArrival>
            <timeOfArrival>1851</timeOfArrival>
          </productDateTime>
          <location>
            <locationId>MIA</locationId>
          </location>
          <location>
            <locationId>ATL</locationId>
            <terminal>S</terminal>
          </location>
          <companyId>
            <marketingCarrier>DL</marketingCarrier>
            <operatingCarrier>DL</operatingCarrier>
          </companyId>
          <flightOrtrainNumber>1224</flightOrtrainNumber>
          <productDetail>
            <equipmentType>321</equipmentType>
          </productDetail>
          <addProductDetail>
            <electronicTicketing>Y</electronicTicketing>
            <productDetailQualifier>LCA</productDetailQualifier>
          </addProductDetail>
        </flightInformation>
        <fareBasis>VAVNA0BQ</fareBasis>
        <fareType>RP</fareType>
        <cabinProduct>
          <rbd>E</rbd>
          <cabin>M</cabin>
          <avlStatus>9</avlStatus>
        </cabinProduct>
        <bookingClassDetails>
          <designator>M</designator>
        </bookingClassDetails>
      </flightDetails>
      <flightDetails>
        <flightInformation>
          <productDateTime>
            <dateOfDeparture>290920</dateOfDeparture>
            <timeOfDeparture>2137</timeOfDeparture>
            <dateOfArrival>290920</dateOfArrival>
            <timeOfArrival>2358</timeOfArrival>
          </productDateTime>
          <location>
            <locationId>ATL</locationId>
            <terminal>S</terminal>
          </location>
          <location>
            <locationId>JFK</locationId>
            <terminal>4</terminal>
          </location>
          <companyId>
            <marketingCarrier>DL</marketingCarrier>
            <operatingCarrier>DL</operatingCarrier>
          </companyId>
          <flightOrtrainNumber>1888</flightOrtrainNumber>
          <productDetail>
            <equipmentType>738</equipmentType>
          </productDetail>
          <addProductDetail>
            <electronicTicketing>Y</electronicTicketing>
            <productDetailQualifier>LCA</productDetailQualifier>
          </addProductDetail>
        </flightInformation>
        <fareBasis>VAVNA0BQ</fareBasis>
        <fareType>RP</fareType>
        <cabinProduct>
          <rbd>E</rbd>
          <cabin>M</cabin>
          <avlStatus>9</avlStatus>
        </cabinProduct>
        <bookingClassDetails>
          <designator>M</designator>
        </bookingClassDetails>
      </flightDetails>
    </returnFlights>
    <paxFareProduct>
      <adults>
        <traveller>1</traveller>
        <baseFarePerAdult>156</baseFarePerAdult>
        <taxPerAdult>29.20</taxPerAdult>
      </adults>
      <totalbaseFare>156</totalbaseFare>
      <totaltax>29.20</totaltax>
      <totalFare>185.20</totalFare>
    </paxFareProduct>
  </CustomResponse>
  <CustomResponse>
    <searchID>aa475fe11b92bfc841d200418075925</searchID>
    <flightRefNumber>f7683d3fd339959d77146045b3a0f2f2_4</flightRefNumber>
    <Currency>USD</Currency>
    <departureFlights>
      <totalFlightDuration>0810</totalFlightDuration>
      <flightDetails>
        <flightInformation>
          <productDateTime>
            <dateOfDeparture>210820</dateOfDeparture>
            <timeOfDeparture>1229</timeOfDeparture>
            <dateOfArrival>210820</dateOfArrival>
            <timeOfArrival>1437</timeOfArrival>
          </productDateTime>
          <location>
            <locationId>JFK</locationId>
            <terminal>4</terminal>
          </location>
          <location>
            <locationId>DTW</locationId>
            <terminal>EM</terminal>
          </location>
          <companyId>
            <marketingCarrier>DL</marketingCarrier>
          </companyId>
          <flightOrtrainNumber>4758</flightOrtrainNumber>
          <productDetail>
            <equipmentType>CR9</equipmentType>
          </productDetail>
          <addProductDetail>
            <electronicTicketing>Y</electronicTicketing>
            <productDetailQualifier>AIP</productDetailQualifier>
          </addProductDetail>
        </flightInformation>
        <fareBasis>VAVNA0BQ</fareBasis>
        <fareType>RP</fareType>
        <cabinProduct>
          <rbd>E</rbd>
          <cabin>M</cabin>
          <avlStatus>9</avlStatus>
        </cabinProduct>
        <bookingClassDetails>
          <designator>M</designator>
        </bookingClassDetails>
      </flightDetails>
      <flightDetails>
        <flightInformation>
          <productDateTime>
            <dateOfDeparture>210820</dateOfDeparture>
            <timeOfDeparture>1740</timeOfDeparture>
            <dateOfArrival>210820</dateOfArrival>
            <timeOfArrival>2039</timeOfArrival>
          </productDateTime>
          <location>
            <locationId>DTW</locationId>
            <terminal>EM</terminal>
          </location>
          <location>
            <locationId>MIA</locationId>
          </location>
          <companyId>
            <marketingCarrier>DL</marketingCarrier>
            <operatingCarrier>DL</operatingCarrier>
          </companyId>
          <flightOrtrainNumber>3025</flightOrtrainNumber>
          <productDetail>
            <equipmentType>319</equipmentType>
          </productDetail>
          <addProductDetail>
            <electronicTicketing>Y</electronicTicketing>
            <productDetailQualifier>AIP</productDetailQualifier>
          </addProductDetail>
        </flightInformation>
        <fareBasis>VAVNA0BQ</fareBasis>
        <fareType>RP</fareType>
        <cabinProduct>
          <rbd>E</rbd>
          <cabin>M</cabin>
          <avlStatus>9</avlStatus>
        </cabinProduct>
        <bookingClassDetails>
          <designator>M</designator>
        </bookingClassDetails>
      </flightDetails>
    </departureFlights>
    <returnFlights>
      <totalFlightDuration>0747</totalFlightDuration>
      <flightDetails>
        <flightInformation>
          <productDateTime>
            <dateOfDeparture>290920</dateOfDeparture>
            <timeOfDeparture>1204</timeOfDeparture>
            <dateOfArrival>290920</dateOfArrival>
            <timeOfArrival>1459</timeOfArrival>
          </productDateTime>
          <location>
            <locationId>MIA</locationId>
          </location>
          <location>
            <locationId>DTW</locationId>
            <terminal>EM</terminal>
          </location>
          <companyId>
            <marketingCarrier>DL</marketingCarrier>
            <operatingCarrier>DL</operatingCarrier>
          </companyId>
          <flightOrtrainNumber>1829</flightOrtrainNumber>
          <productDetail>
            <equipmentType>319</equipmentType>
          </productDetail>
          <addProductDetail>
            <electronicTicketing>Y</electronicTicketing>
            <productDetailQualifier>LCA</productDetailQualifier>
          </addProductDetail>
        </flightInformation>
        <fareBasis>VAVNA0BQ</fareBasis>
        <fareType>RP</fareType>
        <cabinProduct>
          <rbd>E</rbd>
          <cabin>M</cabin>
          <avlStatus>9</avlStatus>
        </cabinProduct>
        <bookingClassDetails>
          <designator>M</designator>
        </bookingClassDetails>
      </flightDetails>
      <flightDetails>
        <flightInformation>
          <productDateTime>
            <dateOfDeparture>290920</dateOfDeparture>
            <timeOfDeparture>1750</timeOfDeparture>
            <dateOfArrival>290920</dateOfArrival>
            <timeOfArrival>1951</timeOfArrival>
          </productDateTime>
          <location>
            <locationId>DTW</locationId>
            <terminal>EM</terminal>
          </location>
          <location>
            <locationId>JFK</locationId>
            <terminal>4</terminal>
          </location>
          <companyId>
            <marketingCarrier>DL</marketingCarrier>
          </companyId>
          <flightOrtrainNumber>4813</flightOrtrainNumber>
          <productDetail>
            <equipmentType>CR9</equipmentType>
          </productDetail>
          <addProductDetail>
            <electronicTicketing>Y</electronicTicketing>
            <productDetailQualifier>LCA</productDetailQualifier>
          </addProductDetail>
        </flightInformation>
        <fareBasis>VAVNA0BQ</fareBasis>
        <fareType>RP</fareType>
        <cabinProduct>
          <rbd>E</rbd>
          <cabin>M</cabin>
          <avlStatus>9</avlStatus>
        </cabinProduct>
        <bookingClassDetails>
          <designator>M</designator>
        </bookingClassDetails>
      </flightDetails>
    </returnFlights>
    <paxFareProduct>
      <adults>
        <traveller>1</traveller>
        <baseFarePerAdult>156</baseFarePerAdult>
        <taxPerAdult>29.20</taxPerAdult>
      </adults>
      <totalbaseFare>156</totalbaseFare>
      <totaltax>29.20</totaltax>
      <totalFare>185.20</totalFare>
    </paxFareProduct>
  </CustomResponse>
  <CustomResponse>
    <searchID>aa475fe11b92bfc841d200418075925</searchID>
    <flightRefNumber>f2735b5227f1188ae6320e0a16d9544e_5</flightRefNumber>
    <Currency>USD</Currency>
    <departureFlights>
      <totalFlightDuration>0810</totalFlightDuration>
      <flightDetails>
        <flightInformation>
          <productDateTime>
            <dateOfDeparture>210820</dateOfDeparture>
            <timeOfDeparture>1229</timeOfDeparture>
            <dateOfArrival>210820</dateOfArrival>
            <timeOfArrival>1437</timeOfArrival>
          </productDateTime>
          <location>
            <locationId>JFK</locationId>
            <terminal>4</terminal>
          </location>
          <location>
            <locationId>DTW</locationId>
            <terminal>EM</terminal>
          </location>
          <companyId>
            <marketingCarrier>DL</marketingCarrier>
          </companyId>
          <flightOrtrainNumber>4758</flightOrtrainNumber>
          <productDetail>
            <equipmentType>CR9</equipmentType>
          </productDetail>
          <addProductDetail>
            <electronicTicketing>Y</electronicTicketing>
            <productDetailQualifier>AIP</productDetailQualifier>
          </addProductDetail>
        </flightInformation>
        <fareBasis>VAVNA0BQ</fareBasis>
        <fareType>RP</fareType>
        <cabinProduct>
          <rbd>E</rbd>
          <cabin>M</cabin>
          <avlStatus>9</avlStatus>
        </cabinProduct>
        <bookingClassDetails>
          <designator>M</designator>
        </bookingClassDetails>
      </flightDetails>
      <flightDetails>
        <flightInformation>
          <productDateTime>
            <dateOfDeparture>210820</dateOfDeparture>
            <timeOfDeparture>1740</timeOfDeparture>
            <dateOfArrival>210820</dateOfArrival>
            <timeOfArrival>2039</timeOfArrival>
          </productDateTime>
          <location>
            <locationId>DTW</locationId>
            <terminal>EM</terminal>
          </location>
          <location>
            <locationId>MIA</locationId>
          </location>
          <companyId>
            <marketingCarrier>DL</marketingCarrier>
            <operatingCarrier>DL</operatingCarrier>
          </companyId>
          <flightOrtrainNumber>3025</flightOrtrainNumber>
          <productDetail>
            <equipmentType>319</equipmentType>
          </productDetail>
          <addProductDetail>
            <electronicTicketing>Y</electronicTicketing>
            <productDetailQualifier>AIP</productDetailQualifier>
          </addProductDetail>
        </flightInformation>
        <fareBasis>VAVNA0BQ</fareBasis>
        <fareType>RP</fareType>
        <cabinProduct>
          <rbd>E</rbd>
          <cabin>M</cabin>
          <avlStatus>9</avlStatus>
        </cabinProduct>
        <bookingClassDetails>
          <designator>M</designator>
        </bookingClassDetails>
      </flightDetails>
    </departureFlights>
    <returnFlights>
      <totalFlightDuration>0309</totalFlightDuration>
      <flightDetails>
        <flightInformation>
          <productDateTime>
            <dateOfDeparture>290920</dateOfDeparture>
            <timeOfDeparture>1630</timeOfDeparture>
            <dateOfArrival>290920</dateOfArrival>
            <timeOfArrival>1939</timeOfArrival>
          </productDateTime>
          <location>
            <locationId>MIA</locationId>
          </location>
          <location>
            <locationId>JFK</locationId>
            <terminal>4</terminal>
          </location>
          <companyId>
            <marketingCarrier>DL</marketingCarrier>
            <operatingCarrier>DL</operatingCarrier>
          </companyId>
          <flightOrtrainNumber>2175</flightOrtrainNumber>
          <productDetail>
            <equipmentType>321</equipmentType>
          </productDetail>
          <addProductDetail>
            <electronicTicketing>Y</electronicTicketing>
            <productDetailQualifier>IAC</productDetailQualifier>
          </addProductDetail>
        </flightInformation>
        <fareBasis>XAVQA0BQ</fareBasis>
        <fareType>RP</fareType>
        <cabinProduct>
          <rbd>E</rbd>
          <cabin>M</cabin>
          <avlStatus>9</avlStatus>
        </cabinProduct>
        <bookingClassDetails>
          <designator>M</designator>
        </bookingClassDetails>
      </flightDetails>
    </returnFlights>
    <paxFareProduct>
      <adults>
        <traveller>1</traveller>
        <baseFarePerAdult>166</baseFarePerAdult>
        <taxPerAdult>24.70</taxPerAdult>
      </adults>
      <totalbaseFare>166</totalbaseFare>
      <totaltax>24.70</totaltax>
      <totalFare>190.70</totalFare>
    </paxFareProduct>
  </CustomResponse>
  <CustomResponse>
    <searchID>aa475fe11b92bfc841d200418075925</searchID>
    <flightRefNumber>c6bb00300bdb27a320ac4cbb5d02594f_6</flightRefNumber>
    <Currency>USD</Currency>
    <departureFlights>
      <totalFlightDuration>0308</totalFlightDuration>
      <flightDetails>
        <flightInformation>
          <productDateTime>
            <dateOfDeparture>210820</dateOfDeparture>
            <timeOfDeparture>0630</timeOfDeparture>
            <dateOfArrival>210820</dateOfArrival>
            <timeOfArrival>0938</timeOfArrival>
          </productDateTime>
          <location>
            <locationId>JFK</locationId>
            <terminal>8</terminal>
          </location>
          <location>
            <locationId>MIA</locationId>
          </location>
          <companyId>
            <marketingCarrier>AA</marketingCarrier>
            <operatingCarrier>AA</operatingCarrier>
          </companyId>
          <flightOrtrainNumber>2268</flightOrtrainNumber>
          <productDetail>
            <equipmentType>738</equipmentType>
          </productDetail>
          <addProductDetail>
            <electronicTicketing>Y</electronicTicketing>
            <productDetailQualifier>LCA</productDetailQualifier>
          </addProductDetail>
        </flightInformation>
        <fareBasis>GVAHZNM3</fareBasis>
        <fareType>RP</fareType>
        <cabinProduct>
          <rbd>G</rbd>
          <cabin>M</cabin>
          <avlStatus>7</avlStatus>
        </cabinProduct>
        <bookingClassDetails>
          <designator>M</designator>
        </bookingClassDetails>
      </flightDetails>
    </departureFlights>
    <returnFlights>
      <totalFlightDuration>0249</totalFlightDuration>
      <flightDetails>
        <flightInformation>
          <productDateTime>
            <dateOfDeparture>290920</dateOfDeparture>
            <timeOfDeparture>1241</timeOfDeparture>
            <dateOfArrival>290920</dateOfArrival>
            <timeOfArrival>1530</timeOfArrival>
          </productDateTime>
          <location>
            <locationId>MIA</locationId>
          </location>
          <location>
            <locationId>JFK</locationId>
            <terminal>8</terminal>
          </location>
          <companyId>
            <marketingCarrier>AA</marketingCarrier>
            <operatingCarrier>AA</operatingCarrier>
          </companyId>
          <flightOrtrainNumber>309</flightOrtrainNumber>
          <productDetail>
            <equipmentType>738</equipmentType>
          </productDetail>
          <addProductDetail>
            <electronicTicketing>Y</electronicTicketing>
            <productDetailQualifier>AIP</productDetailQualifier>
          </addProductDetail>
        </flightInformation>
        <fareBasis>GVAHZNM3</fareBasis>
        <fareType>RP</fareType>
        <cabinProduct>
          <rbd>G</rbd>
          <cabin>M</cabin>
          <avlStatus>7</avlStatus>
        </cabinProduct>
        <bookingClassDetails>
          <designator>M</designator>
        </bookingClassDetails>
      </flightDetails>
    </returnFlights>
    <paxFareProduct>
      <adults>
        <traveller>1</traveller>
        <baseFarePerAdult>186</baseFarePerAdult>
        <taxPerAdult>20.20</taxPerAdult>
      </adults>
      <totalbaseFare>186</totalbaseFare>
      <totaltax>20.20</totaltax>
      <totalFare>206.20</totalFare>
    </paxFareProduct>
  </CustomResponse>
  <CustomResponse>
    <searchID>aa475fe11b92bfc841d200418075925</searchID>
    <flightRefNumber>6e0be14451e98c2ccf09b1880fbd4cdc_7</flightRefNumber>
    <Currency>USD</Currency>
    <departureFlights>
      <totalFlightDuration>0310</totalFlightDuration>
      <flightDetails>
        <flightInformation>
          <productDateTime>
            <dateOfDeparture>210820</dateOfDeparture>
            <timeOfDeparture>1315</timeOfDeparture>
            <dateOfArrival>210820</dateOfArrival>
            <timeOfArrival>1625</timeOfArrival>
          </productDateTime>
          <location>
            <locationId>JFK</locationId>
            <terminal>8</terminal>
          </location>
          <location>
            <locationId>MIA</locationId>
          </location>
          <companyId>
            <marketingCarrier>AA</marketingCarrier>
            <operatingCarrier>AA</operatingCarrier>
          </companyId>
          <flightOrtrainNumber>2572</flightOrtrainNumber>
          <productDetail>
            <equipmentType>757</equipmentType>
          </productDetail>
          <addProductDetail>
            <electronicTicketing>Y</electronicTicketing>
            <productDetailQualifier>LCA</productDetailQualifier>
          </addProductDetail>
        </flightInformation>
        <fareBasis>GVAHZNM3</fareBasis>
        <fareType>RP</fareType>
        <cabinProduct>
          <rbd>G</rbd>
          <cabin>M</cabin>
          <avlStatus>7</avlStatus>
        </cabinProduct>
        <bookingClassDetails>
          <designator>M</designator>
        </bookingClassDetails>
      </flightDetails>
    </departureFlights>
    <returnFlights>
      <totalFlightDuration>0249</totalFlightDuration>
      <flightDetails>
        <flightInformation>
          <productDateTime>
            <dateOfDeparture>290920</dateOfDeparture>
            <timeOfDeparture>1241</timeOfDeparture>
            <dateOfArrival>290920</dateOfArrival>
            <timeOfArrival>1530</timeOfArrival>
          </productDateTime>
          <location>
            <locationId>MIA</locationId>
          </location>
          <location>
            <locationId>JFK</locationId>
            <terminal>8</terminal>
          </location>
          <companyId>
            <marketingCarrier>AA</marketingCarrier>
            <operatingCarrier>AA</operatingCarrier>
          </companyId>
          <flightOrtrainNumber>309</flightOrtrainNumber>
          <productDetail>
            <equipmentType>738</equipmentType>
          </productDetail>
          <addProductDetail>
            <electronicTicketing>Y</electronicTicketing>
            <productDetailQualifier>AIP</productDetailQualifier>
          </addProductDetail>
        </flightInformation>
        <fareBasis>GVAHZNM3</fareBasis>
        <fareType>RP</fareType>
        <cabinProduct>
          <rbd>G</rbd>
          <cabin>M</cabin>
          <avlStatus>7</avlStatus>
        </cabinProduct>
        <bookingClassDetails>
          <designator>M</designator>
        </bookingClassDetails>
      </flightDetails>
    </returnFlights>
    <paxFareProduct>
      <adults>
        <traveller>1</traveller>
        <baseFarePerAdult>186</baseFarePerAdult>
        <taxPerAdult>20.20</taxPerAdult>
      </adults>
      <totalbaseFare>186</totalbaseFare>
      <totaltax>20.20</totaltax>
      <totalFare>206.20</totalFare>
    </paxFareProduct>
  </CustomResponse>
  <CustomResponse>
    <searchID>aa475fe11b92bfc841d200418075925</searchID>
    <flightRefNumber>2a7805bdb07a66426a358a97371a0329_8</flightRefNumber>
    <Currency>USD</Currency>
    <departureFlights>
      <totalFlightDuration>0308</totalFlightDuration>
      <flightDetails>
        <flightInformation>
          <productDateTime>
            <dateOfDeparture>210820</dateOfDeparture>
            <timeOfDeparture>0630</timeOfDeparture>
            <dateOfArrival>210820</dateOfArrival>
            <timeOfArrival>0938</timeOfArrival>
          </productDateTime>
          <location>
            <locationId>JFK</locationId>
            <terminal>8</terminal>
          </location>
          <location>
            <locationId>MIA</locationId>
          </location>
          <companyId>
            <marketingCarrier>AA</marketingCarrier>
            <operatingCarrier>AA</operatingCarrier>
          </companyId>
          <flightOrtrainNumber>2268</flightOrtrainNumber>
          <productDetail>
            <equipmentType>738</equipmentType>
          </productDetail>
          <addProductDetail>
            <electronicTicketing>Y</electronicTicketing>
            <productDetailQualifier>LCA</productDetailQualifier>
          </addProductDetail>
        </flightInformation>
        <fareBasis>GVAHZNM3</fareBasis>
        <fareType>RP</fareType>
        <cabinProduct>
          <rbd>G</rbd>
          <cabin>M</cabin>
          <avlStatus>7</avlStatus>
        </cabinProduct>
        <bookingClassDetails>
          <designator>M</designator>
        </bookingClassDetails>
      </flightDetails>
    </departureFlights>
    <returnFlights>
      <totalFlightDuration>0252</totalFlightDuration>
      <flightDetails>
        <flightInformation>
          <productDateTime>
            <dateOfDeparture>290920</dateOfDeparture>
            <timeOfDeparture>2240</timeOfDeparture>
            <dateOfArrival>300920</dateOfArrival>
            <timeOfArrival>0132</timeOfArrival>
            <dateVariation>1</dateVariation>
          </productDateTime>
          <location>
            <locationId>MIA</locationId>
          </location>
          <location>
            <locationId>JFK</locationId>
            <terminal>8</terminal>
          </location>
          <companyId>
            <marketingCarrier>AA</marketingCarrier>
            <operatingCarrier>AA</operatingCarrier>
          </companyId>
          <flightOrtrainNumber>2452</flightOrtrainNumber>
          <productDetail>
            <equipmentType>738</equipmentType>
          </productDetail>
          <addProductDetail>
            <electronicTicketing>Y</electronicTicketing>
            <productDetailQualifier>AIP</productDetailQualifier>
          </addProductDetail>
        </flightInformation>
        <fareBasis>GVAHZNM3</fareBasis>
        <fareType>RP</fareType>
        <cabinProduct>
          <rbd>G</rbd>
          <cabin>M</cabin>
          <avlStatus>7</avlStatus>
        </cabinProduct>
        <bookingClassDetails>
          <designator>M</designator>
        </bookingClassDetails>
      </flightDetails>
    </returnFlights>
    <paxFareProduct>
      <adults>
        <traveller>1</traveller>
        <baseFarePerAdult>186</baseFarePerAdult>
        <taxPerAdult>20.20</taxPerAdult>
      </adults>
      <totalbaseFare>186</totalbaseFare>
      <totaltax>20.20</totaltax>
      <totalFare>206.20</totalFare>
    </paxFareProduct>
  </CustomResponse>
  <CustomResponse>
    <searchID>aa475fe11b92bfc841d200418075925</searchID>
    <flightRefNumber>74c6c301b1810a4d26afabcbefc9d71b_9</flightRefNumber>
    <Currency>USD</Currency>
    <departureFlights>
      <totalFlightDuration>0311</totalFlightDuration>
      <flightDetails>
        <flightInformation>
          <productDateTime>
            <dateOfDeparture>210820</dateOfDeparture>
            <timeOfDeparture>1105</timeOfDeparture>
            <dateOfArrival>210820</dateOfArrival>
            <timeOfArrival>1416</timeOfArrival>
          </productDateTime>
          <location>
            <locationId>JFK</locationId>
            <terminal>8</terminal>
          </location>
          <location>
            <locationId>MIA</locationId>
          </location>
          <companyId>
            <marketingCarrier>AA</marketingCarrier>
            <operatingCarrier>AA</operatingCarrier>
          </companyId>
          <flightOrtrainNumber>1571</flightOrtrainNumber>
          <productDetail>
            <equipmentType>763</equipmentType>
          </productDetail>
          <addProductDetail>
            <electronicTicketing>Y</electronicTicketing>
            <productDetailQualifier>LCA</productDetailQualifier>
          </addProductDetail>
        </flightInformation>
        <fareBasis>GVAHZNM3</fareBasis>
        <fareType>RP</fareType>
        <cabinProduct>
          <rbd>G</rbd>
          <cabin>M</cabin>
          <avlStatus>7</avlStatus>
        </cabinProduct>
        <bookingClassDetails>
          <designator>M</designator>
        </bookingClassDetails>
      </flightDetails>
    </departureFlights>
    <returnFlights>
      <totalFlightDuration>0249</totalFlightDuration>
      <flightDetails>
        <flightInformation>
          <productDateTime>
            <dateOfDeparture>290920</dateOfDeparture>
            <timeOfDeparture>1241</timeOfDeparture>
            <dateOfArrival>290920</dateOfArrival>
            <timeOfArrival>1530</timeOfArrival>
          </productDateTime>
          <location>
            <locationId>MIA</locationId>
          </location>
          <location>
            <locationId>JFK</locationId>
            <terminal>8</terminal>
          </location>
          <companyId>
            <marketingCarrier>AA</marketingCarrier>
            <operatingCarrier>AA</operatingCarrier>
          </companyId>
          <flightOrtrainNumber>309</flightOrtrainNumber>
          <productDetail>
            <equipmentType>738</equipmentType>
          </productDetail>
          <addProductDetail>
            <electronicTicketing>Y</electronicTicketing>
            <productDetailQualifier>AIP</productDetailQualifier>
          </addProductDetail>
        </flightInformation>
        <fareBasis>GVAHZNM3</fareBasis>
        <fareType>RP</fareType>
        <cabinProduct>
          <rbd>G</rbd>
          <cabin>M</cabin>
          <avlStatus>7</avlStatus>
        </cabinProduct>
        <bookingClassDetails>
          <designator>M</designator>
        </bookingClassDetails>
      </flightDetails>
    </returnFlights>
    <paxFareProduct>
      <adults>
        <traveller>1</traveller>
        <baseFarePerAdult>186</baseFarePerAdult>
        <taxPerAdult>20.20</taxPerAdult>
      </adults>
      <totalbaseFare>186</totalbaseFare>
      <totaltax>20.20</totaltax>
      <totalFare>206.20</totalFare>
    </paxFareProduct>
  </CustomResponse>
  <CustomResponse>
    <searchID>aa475fe11b92bfc841d200418075925</searchID>
    <flightRefNumber>b2c0809e7ba066ab442b50b8c5f5c54f_10</flightRefNumber>
    <Currency>USD</Currency>
    <departureFlights>
      <totalFlightDuration>0312</totalFlightDuration>
      <flightDetails>
        <flightInformation>
          <productDateTime>
            <dateOfDeparture>210820</dateOfDeparture>
            <timeOfDeparture>0800</timeOfDeparture>
            <dateOfArrival>210820</dateOfArrival>
            <timeOfArrival>1112</timeOfArrival>
          </productDateTime>
          <location>
            <locationId>JFK</locationId>
            <terminal>8</terminal>
          </location>
          <location>
            <locationId>MIA</locationId>
          </location>
          <companyId>
            <marketingCarrier>AA</marketingCarrier>
            <operatingCarrier>AA</operatingCarrier>
          </companyId>
          <flightOrtrainNumber>1610</flightOrtrainNumber>
          <productDetail>
            <equipmentType>757</equipmentType>
          </productDetail>
          <addProductDetail>
            <electronicTicketing>Y</electronicTicketing>
            <productDetailQualifier>LCA</productDetailQualifier>
          </addProductDetail>
        </flightInformation>
        <fareBasis>GVAHZNM3</fareBasis>
        <fareType>RP</fareType>
        <cabinProduct>
          <rbd>G</rbd>
          <cabin>M</cabin>
          <avlStatus>7</avlStatus>
        </cabinProduct>
        <bookingClassDetails>
          <designator>M</designator>
        </bookingClassDetails>
      </flightDetails>
    </departureFlights>
    <returnFlights>
      <totalFlightDuration>0249</totalFlightDuration>
      <flightDetails>
        <flightInformation>
          <productDateTime>
            <dateOfDeparture>290920</dateOfDeparture>
            <timeOfDeparture>1241</timeOfDeparture>
            <dateOfArrival>290920</dateOfArrival>
            <timeOfArrival>1530</timeOfArrival>
          </productDateTime>
          <location>
            <locationId>MIA</locationId>
          </location>
          <location>
            <locationId>JFK</locationId>
            <terminal>8</terminal>
          </location>
          <companyId>
            <marketingCarrier>AA</marketingCarrier>
            <operatingCarrier>AA</operatingCarrier>
          </companyId>
          <flightOrtrainNumber>309</flightOrtrainNumber>
          <productDetail>
            <equipmentType>738</equipmentType>
          </productDetail>
          <addProductDetail>
            <electronicTicketing>Y</electronicTicketing>
            <productDetailQualifier>AIP</productDetailQualifier>
          </addProductDetail>
        </flightInformation>
        <fareBasis>GVAHZNM3</fareBasis>
        <fareType>RP</fareType>
        <cabinProduct>
          <rbd>G</rbd>
          <cabin>M</cabin>
          <avlStatus>7</avlStatus>
        </cabinProduct>
        <bookingClassDetails>
          <designator>M</designator>
        </bookingClassDetails>
      </flightDetails>
    </returnFlights>
    <paxFareProduct>
      <adults>
        <traveller>1</traveller>
        <baseFarePerAdult>186</baseFarePerAdult>
        <taxPerAdult>20.20</taxPerAdult>
      </adults>
      <totalbaseFare>186</totalbaseFare>
      <totaltax>20.20</totaltax>
      <totalFare>206.20</totalFare>
    </paxFareProduct>
  </CustomResponse>
  <CustomResponse>
    <searchID>aa475fe11b92bfc841d200418075925</searchID>
    <flightRefNumber>66caf046815e12778cabd28dca2a589c_11</flightRefNumber>
    <Currency>USD</Currency>
    <departureFlights>
      <totalFlightDuration>0310</totalFlightDuration>
      <flightDetails>
        <flightInformation>
          <productDateTime>
            <dateOfDeparture>210820</dateOfDeparture>
            <timeOfDeparture>1315</timeOfDeparture>
            <dateOfArrival>210820</dateOfArrival>
            <timeOfArrival>1625</timeOfArrival>
          </productDateTime>
          <location>
            <locationId>JFK</locationId>
            <terminal>8</terminal>
          </location>
          <location>
            <locationId>MIA</locationId>
          </location>
          <companyId>
            <marketingCarrier>AA</marketingCarrier>
            <operatingCarrier>AA</operatingCarrier>
          </companyId>
          <flightOrtrainNumber>2572</flightOrtrainNumber>
          <productDetail>
            <equipmentType>757</equipmentType>
          </productDetail>
          <addProductDetail>
            <electronicTicketing>Y</electronicTicketing>
            <productDetailQualifier>LCA</productDetailQualifier>
          </addProductDetail>
        </flightInformation>
        <fareBasis>GVAHZNM3</fareBasis>
        <fareType>RP</fareType>
        <cabinProduct>
          <rbd>G</rbd>
          <cabin>M</cabin>
          <avlStatus>7</avlStatus>
        </cabinProduct>
        <bookingClassDetails>
          <designator>M</designator>
        </bookingClassDetails>
      </flightDetails>
    </departureFlights>
    <returnFlights>
      <totalFlightDuration>0252</totalFlightDuration>
      <flightDetails>
        <flightInformation>
          <productDateTime>
            <dateOfDeparture>290920</dateOfDeparture>
            <timeOfDeparture>2240</timeOfDeparture>
            <dateOfArrival>300920</dateOfArrival>
            <timeOfArrival>0132</timeOfArrival>
            <dateVariation>1</dateVariation>
          </productDateTime>
          <location>
            <locationId>MIA</locationId>
          </location>
          <location>
            <locationId>JFK</locationId>
            <terminal>8</terminal>
          </location>
          <companyId>
            <marketingCarrier>AA</marketingCarrier>
            <operatingCarrier>AA</operatingCarrier>
          </companyId>
          <flightOrtrainNumber>2452</flightOrtrainNumber>
          <productDetail>
            <equipmentType>738</equipmentType>
          </productDetail>
          <addProductDetail>
            <electronicTicketing>Y</electronicTicketing>
            <productDetailQualifier>AIP</productDetailQualifier>
          </addProductDetail>
        </flightInformation>
        <fareBasis>GVAHZNM3</fareBasis>
        <fareType>RP</fareType>
        <cabinProduct>
          <rbd>G</rbd>
          <cabin>M</cabin>
          <avlStatus>7</avlStatus>
        </cabinProduct>
        <bookingClassDetails>
          <designator>M</designator>
        </bookingClassDetails>
      </flightDetails>
    </returnFlights>
    <paxFareProduct>
      <adults>
        <traveller>1</traveller>
        <baseFarePerAdult>186</baseFarePerAdult>
        <taxPerAdult>20.20</taxPerAdult>
      </adults>
      <totalbaseFare>186</totalbaseFare>
      <totaltax>20.20</totaltax>
      <totalFare>206.20</totalFare>
    </paxFareProduct>
  </CustomResponse>
  <CustomResponse>
    <searchID>aa475fe11b92bfc841d200418075925</searchID>
    <flightRefNumber>0ff2d846d9681a969ab28300cdff93ed_12</flightRefNumber>
    <Currency>USD</Currency>
    <departureFlights>
      <totalFlightDuration>0311</totalFlightDuration>
      <flightDetails>
        <flightInformation>
          <productDateTime>
            <dateOfDeparture>210820</dateOfDeparture>
            <timeOfDeparture>1105</timeOfDeparture>
            <dateOfArrival>210820</dateOfArrival>
            <timeOfArrival>1416</timeOfArrival>
          </productDateTime>
          <location>
            <locationId>JFK</locationId>
            <terminal>8</terminal>
          </location>
          <location>
            <locationId>MIA</locationId>
          </location>
          <companyId>
            <marketingCarrier>AA</marketingCarrier>
            <operatingCarrier>AA</operatingCarrier>
          </companyId>
          <flightOrtrainNumber>1571</flightOrtrainNumber>
          <productDetail>
            <equipmentType>763</equipmentType>
          </productDetail>
          <addProductDetail>
            <electronicTicketing>Y</electronicTicketing>
            <productDetailQualifier>LCA</productDetailQualifier>
          </addProductDetail>
        </flightInformation>
        <fareBasis>GVAHZNM3</fareBasis>
        <fareType>RP</fareType>
        <cabinProduct>
          <rbd>G</rbd>
          <cabin>M</cabin>
          <avlStatus>7</avlStatus>
        </cabinProduct>
        <bookingClassDetails>
          <designator>M</designator>
        </bookingClassDetails>
      </flightDetails>
    </departureFlights>
    <returnFlights>
      <totalFlightDuration>0252</totalFlightDuration>
      <flightDetails>
        <flightInformation>
          <productDateTime>
            <dateOfDeparture>290920</dateOfDeparture>
            <timeOfDeparture>2240</timeOfDeparture>
            <dateOfArrival>300920</dateOfArrival>
            <timeOfArrival>0132</timeOfArrival>
            <dateVariation>1</dateVariation>
          </productDateTime>
          <location>
            <locationId>MIA</locationId>
          </location>
          <location>
            <locationId>JFK</locationId>
            <terminal>8</terminal>
          </location>
          <companyId>
            <marketingCarrier>AA</marketingCarrier>
            <operatingCarrier>AA</operatingCarrier>
          </companyId>
          <flightOrtrainNumber>2452</flightOrtrainNumber>
          <productDetail>
            <equipmentType>738</equipmentType>
          </productDetail>
          <addProductDetail>
            <electronicTicketing>Y</electronicTicketing>
            <productDetailQualifier>AIP</productDetailQualifier>
          </addProductDetail>
        </flightInformation>
        <fareBasis>GVAHZNM3</fareBasis>
        <fareType>RP</fareType>
        <cabinProduct>
          <rbd>G</rbd>
          <cabin>M</cabin>
          <avlStatus>7</avlStatus>
        </cabinProduct>
        <bookingClassDetails>
          <designator>M</designator>
        </bookingClassDetails>
      </flightDetails>
    </returnFlights>
    <paxFareProduct>
      <adults>
        <traveller>1</traveller>
        <baseFarePerAdult>186</baseFarePerAdult>
        <taxPerAdult>20.20</taxPerAdult>
      </adults>
      <totalbaseFare>186</totalbaseFare>
      <totaltax>20.20</totaltax>
      <totalFare>206.20</totalFare>
    </paxFareProduct>
  </CustomResponse>
  <CustomResponse>
    <searchID>aa475fe11b92bfc841d200418075925</searchID>
    <flightRefNumber>e827cd9764092a2035bd2fdde046adc4_13</flightRefNumber>
    <Currency>USD</Currency>
    <departureFlights>
      <totalFlightDuration>0312</totalFlightDuration>
      <flightDetails>
        <flightInformation>
          <productDateTime>
            <dateOfDeparture>210820</dateOfDeparture>
            <timeOfDeparture>0800</timeOfDeparture>
            <dateOfArrival>210820</dateOfArrival>
            <timeOfArrival>1112</timeOfArrival>
          </productDateTime>
          <location>
            <locationId>JFK</locationId>
            <terminal>8</terminal>
          </location>
          <location>
            <locationId>MIA</locationId>
          </location>
          <companyId>
            <marketingCarrier>AA</marketingCarrier>
            <operatingCarrier>AA</operatingCarrier>
          </companyId>
          <flightOrtrainNumber>1610</flightOrtrainNumber>
          <productDetail>
            <equipmentType>757</equipmentType>
          </productDetail>
          <addProductDetail>
            <electronicTicketing>Y</electronicTicketing>
            <productDetailQualifier>LCA</productDetailQualifier>
          </addProductDetail>
        </flightInformation>
        <fareBasis>GVAHZNM3</fareBasis>
        <fareType>RP</fareType>
        <cabinProduct>
          <rbd>G</rbd>
          <cabin>M</cabin>
          <avlStatus>7</avlStatus>
        </cabinProduct>
        <bookingClassDetails>
          <designator>M</designator>
        </bookingClassDetails>
      </flightDetails>
    </departureFlights>
    <returnFlights>
      <totalFlightDuration>0252</totalFlightDuration>
      <flightDetails>
        <flightInformation>
          <productDateTime>
            <dateOfDeparture>290920</dateOfDeparture>
            <timeOfDeparture>2240</timeOfDeparture>
            <dateOfArrival>300920</dateOfArrival>
            <timeOfArrival>0132</timeOfArrival>
            <dateVariation>1</dateVariation>
          </productDateTime>
          <location>
            <locationId>MIA</locationId>
          </location>
          <location>
            <locationId>JFK</locationId>
            <terminal>8</terminal>
          </location>
          <companyId>
            <marketingCarrier>AA</marketingCarrier>
            <operatingCarrier>AA</operatingCarrier>
          </companyId>
          <flightOrtrainNumber>2452</flightOrtrainNumber>
          <productDetail>
            <equipmentType>738</equipmentType>
          </productDetail>
          <addProductDetail>
            <electronicTicketing>Y</electronicTicketing>
            <productDetailQualifier>AIP</productDetailQualifier>
          </addProductDetail>
        </flightInformation>
        <fareBasis>GVAHZNM3</fareBasis>
        <fareType>RP</fareType>
        <cabinProduct>
          <rbd>G</rbd>
          <cabin>M</cabin>
          <avlStatus>7</avlStatus>
        </cabinProduct>
        <bookingClassDetails>
          <designator>M</designator>
        </bookingClassDetails>
      </flightDetails>
    </returnFlights>
    <paxFareProduct>
      <adults>
        <traveller>1</traveller>
        <baseFarePerAdult>186</baseFarePerAdult>
        <taxPerAdult>20.20</taxPerAdult>
      </adults>
      <totalbaseFare>186</totalbaseFare>
      <totaltax>20.20</totaltax>
      <totalFare>206.20</totalFare>
    </paxFareProduct>
  </CustomResponse>
  <CustomResponse>
    <searchID>aa475fe11b92bfc841d200418075925</searchID>
    <flightRefNumber>0fcf3d91e4583acc280da7ca5756d648_14</flightRefNumber>
    <Currency>USD</Currency>
    <departureFlights>
      <totalFlightDuration>0308</totalFlightDuration>
      <flightDetails>
        <flightInformation>
          <productDateTime>
            <dateOfDeparture>210820</dateOfDeparture>
            <timeOfDeparture>0630</timeOfDeparture>
            <dateOfArrival>210820</dateOfArrival>
            <timeOfArrival>0938</timeOfArrival>
          </productDateTime>
          <location>
            <locationId>JFK</locationId>
            <terminal>8</terminal>
          </location>
          <location>
            <locationId>MIA</locationId>
          </location>
          <companyId>
            <marketingCarrier>AA</marketingCarrier>
            <operatingCarrier>AA</operatingCarrier>
          </companyId>
          <flightOrtrainNumber>2268</flightOrtrainNumber>
          <productDetail>
            <equipmentType>738</equipmentType>
          </productDetail>
          <addProductDetail>
            <electronicTicketing>Y</electronicTicketing>
            <productDetailQualifier>LCA</productDetailQualifier>
          </addProductDetail>
        </flightInformation>
        <fareBasis>GVAHZNM3</fareBasis>
        <fareType>RP</fareType>
        <cabinProduct>
          <rbd>G</rbd>
          <cabin>M</cabin>
          <avlStatus>7</avlStatus>
        </cabinProduct>
        <bookingClassDetails>
          <designator>M</designator>
        </bookingClassDetails>
      </flightDetails>
    </departureFlights>
    <returnFlights>
      <totalFlightDuration>0301</totalFlightDuration>
      <flightDetails>
        <flightInformation>
          <productDateTime>
            <dateOfDeparture>290920</dateOfDeparture>
            <timeOfDeparture>0700</timeOfDeparture>
            <dateOfArrival>290920</dateOfArrival>
            <timeOfArrival>1001</timeOfArrival>
          </productDateTime>
          <location>
            <locationId>MIA</locationId>
          </location>
          <location>
            <locationId>JFK</locationId>
            <terminal>8</terminal>
          </location>
          <companyId>
            <marketingCarrier>AA</marketingCarrier>
            <operatingCarrier>AA</operatingCarrier>
          </companyId>
          <flightOrtrainNumber>1571</flightOrtrainNumber>
          <productDetail>
            <equipmentType>763</equipmentType>
          </productDetail>
          <addProductDetail>
            <electronicTicketing>Y</electronicTicketing>
            <productDetailQualifier>LCA</productDetailQualifier>
          </addProductDetail>
        </flightInformation>
        <fareBasis>GVAHZNM3</fareBasis>
        <fareType>RP</fareType>
        <cabinProduct>
          <rbd>G</rbd>
          <cabin>M</cabin>
          <avlStatus>7</avlStatus>
        </cabinProduct>
        <bookingClassDetails>
          <designator>M</designator>
        </bookingClassDetails>
      </flightDetails>
    </returnFlights>
    <paxFareProduct>
      <adults>
        <traveller>1</traveller>
        <baseFarePerAdult>186</baseFarePerAdult>
        <taxPerAdult>20.20</taxPerAdult>
      </adults>
      <totalbaseFare>186</totalbaseFare>
      <totaltax>20.20</totaltax>
      <totalFare>206.20</totalFare>
    </paxFareProduct>
  </CustomResponse>
  <CustomResponse>
    <searchID>aa475fe11b92bfc841d200418075925</searchID>
    <flightRefNumber>76a8453a1b865e114abb29ffbee5d7e8_15</flightRefNumber>
    <Currency>USD</Currency>
    <departureFlights>
      <totalFlightDuration>0320</totalFlightDuration>
      <flightDetails>
        <flightInformation>
          <productDateTime>
            <dateOfDeparture>210820</dateOfDeparture>
            <timeOfDeparture>0700</timeOfDeparture>
            <dateOfArrival>210820</dateOfArrival>
            <timeOfArrival>1020</timeOfArrival>
          </productDateTime>
          <location>
            <locationId>JFK</locationId>
            <terminal>8</terminal>
          </location>
          <location>
            <locationId>MIA</locationId>
          </location>
          <companyId>
            <marketingCarrier>AA</marketingCarrier>
            <operatingCarrier>AA</operatingCarrier>
          </companyId>
          <flightOrtrainNumber>309</flightOrtrainNumber>
          <productDetail>
            <equipmentType>738</equipmentType>
          </productDetail>
          <addProductDetail>
            <electronicTicketing>Y</electronicTicketing>
            <productDetailQualifier>LCA</productDetailQualifier>
          </addProductDetail>
        </flightInformation>
        <fareBasis>GVAHZNM3</fareBasis>
        <fareType>RP</fareType>
        <cabinProduct>
          <rbd>G</rbd>
          <cabin>M</cabin>
          <avlStatus>7</avlStatus>
        </cabinProduct>
        <bookingClassDetails>
          <designator>M</designator>
        </bookingClassDetails>
      </flightDetails>
    </departureFlights>
    <returnFlights>
      <totalFlightDuration>0249</totalFlightDuration>
      <flightDetails>
        <flightInformation>
          <productDateTime>
            <dateOfDeparture>290920</dateOfDeparture>
            <timeOfDeparture>1241</timeOfDeparture>
            <dateOfArrival>290920</dateOfArrival>
            <timeOfArrival>1530</timeOfArrival>
          </productDateTime>
          <location>
            <locationId>MIA</locationId>
          </location>
          <location>
            <locationId>JFK</locationId>
            <terminal>8</terminal>
          </location>
          <companyId>
            <marketingCarrier>AA</marketingCarrier>
            <operatingCarrier>AA</operatingCarrier>
          </companyId>
          <flightOrtrainNumber>309</flightOrtrainNumber>
          <productDetail>
            <equipmentType>738</equipmentType>
          </productDetail>
          <addProductDetail>
            <electronicTicketing>Y</electronicTicketing>
            <productDetailQualifier>AIP</productDetailQualifier>
          </addProductDetail>
        </flightInformation>
        <fareBasis>GVAHZNM3</fareBasis>
        <fareType>RP</fareType>
        <cabinProduct>
          <rbd>G</rbd>
          <cabin>M</cabin>
          <avlStatus>7</avlStatus>
        </cabinProduct>
        <bookingClassDetails>
          <designator>M</designator>
        </bookingClassDetails>
      </flightDetails>
    </returnFlights>
    <paxFareProduct>
      <adults>
        <traveller>1</traveller>
        <baseFarePerAdult>186</baseFarePerAdult>
        <taxPerAdult>20.20</taxPerAdult>
      </adults>
      <totalbaseFare>186</totalbaseFare>
      <totaltax>20.20</totaltax>
      <totalFare>206.20</totalFare>
    </paxFareProduct>
  </CustomResponse>
  <CustomResponse>
    <searchID>aa475fe11b92bfc841d200418075925</searchID>
    <flightRefNumber>a3f6f1b673fbda03c12a958623790429_16</flightRefNumber>
    <Currency>USD</Currency>
    <departureFlights>
      <totalFlightDuration>0810</totalFlightDuration>
      <flightDetails>
        <flightInformation>
          <productDateTime>
            <dateOfDeparture>210820</dateOfDeparture>
            <timeOfDeparture>1229</timeOfDeparture>
            <dateOfArrival>210820</dateOfArrival>
            <timeOfArrival>1437</timeOfArrival>
          </productDateTime>
          <location>
            <locationId>JFK</locationId>
            <terminal>4</terminal>
          </location>
          <location>
            <locationId>DTW</locationId>
            <terminal>EM</terminal>
          </location>
          <companyId>
            <marketingCarrier>DL</marketingCarrier>
          </companyId>
          <flightOrtrainNumber>4758</flightOrtrainNumber>
          <productDetail>
            <equipmentType>CR9</equipmentType>
          </productDetail>
          <addProductDetail>
            <electronicTicketing>Y</electronicTicketing>
            <productDetailQualifier>AIP</productDetailQualifier>
          </addProductDetail>
        </flightInformation>
        <fareBasis>VAVNA0BQ</fareBasis>
        <fareType>RP</fareType>
        <cabinProduct>
          <rbd>E</rbd>
          <cabin>M</cabin>
          <avlStatus>9</avlStatus>
        </cabinProduct>
        <bookingClassDetails>
          <designator>M</designator>
        </bookingClassDetails>
      </flightDetails>
      <flightDetails>
        <flightInformation>
          <productDateTime>
            <dateOfDeparture>210820</dateOfDeparture>
            <timeOfDeparture>1740</timeOfDeparture>
            <dateOfArrival>210820</dateOfArrival>
            <timeOfArrival>2039</timeOfArrival>
          </productDateTime>
          <location>
            <locationId>DTW</locationId>
            <terminal>EM</terminal>
          </location>
          <location>
            <locationId>MIA</locationId>
          </location>
          <companyId>
            <marketingCarrier>DL</marketingCarrier>
            <operatingCarrier>DL</operatingCarrier>
          </companyId>
          <flightOrtrainNumber>3025</flightOrtrainNumber>
          <productDetail>
            <equipmentType>319</equipmentType>
          </productDetail>
          <addProductDetail>
            <electronicTicketing>Y</electronicTicketing>
            <productDetailQualifier>AIP</productDetailQualifier>
          </addProductDetail>
        </flightInformation>
        <fareBasis>VAVNA0BQ</fareBasis>
        <fareType>RP</fareType>
        <cabinProduct>
          <rbd>E</rbd>
          <cabin>M</cabin>
          <avlStatus>9</avlStatus>
        </cabinProduct>
        <bookingClassDetails>
          <designator>M</designator>
        </bookingClassDetails>
      </flightDetails>
    </departureFlights>
    <returnFlights>
      <totalFlightDuration>0257</totalFlightDuration>
      <flightDetails>
        <flightInformation>
          <productDateTime>
            <dateOfDeparture>290920</dateOfDeparture>
            <timeOfDeparture>1215</timeOfDeparture>
            <dateOfArrival>290920</dateOfArrival>
            <timeOfArrival>1512</timeOfArrival>
          </productDateTime>
          <location>
            <locationId>MIA</locationId>
          </location>
          <location>
            <locationId>JFK</locationId>
            <terminal>4</terminal>
          </location>
          <companyId>
            <marketingCarrier>DL</marketingCarrier>
            <operatingCarrier>DL</operatingCarrier>
          </companyId>
          <flightOrtrainNumber>2190</flightOrtrainNumber>
          <productDetail>
            <equipmentType>321</equipmentType>
          </productDetail>
          <addProductDetail>
            <electronicTicketing>Y</electronicTicketing>
            <productDetailQualifier>IAC</productDetailQualifier>
          </addProductDetail>
        </flightInformation>
        <fareBasis>TAUNA0BQ</fareBasis>
        <fareType>RP</fareType>
        <cabinProduct>
          <rbd>E</rbd>
          <cabin>M</cabin>
          <avlStatus>9</avlStatus>
        </cabinProduct>
        <bookingClassDetails>
          <designator>M</designator>
        </bookingClassDetails>
      </flightDetails>
    </returnFlights>
    <paxFareProduct>
      <adults>
        <traveller>1</traveller>
        <baseFarePerAdult>191</baseFarePerAdult>
        <taxPerAdult>24.70</taxPerAdult>
      </adults>
      <totalbaseFare>191</totalbaseFare>
      <totaltax>24.70</totaltax>
      <totalFare>215.70</totalFare>
    </paxFareProduct>
  </CustomResponse>
  <CustomResponse>
    <searchID>aa475fe11b92bfc841d200418075925</searchID>
    <flightRefNumber>d34d4c03ac37b4b06575cedbc0a6a6e5_17</flightRefNumber>
    <Currency>USD</Currency>
    <departureFlights>
      <totalFlightDuration>0519</totalFlightDuration>
      <flightDetails>
        <flightInformation>
          <productDateTime>
            <dateOfDeparture>210820</dateOfDeparture>
            <timeOfDeparture>1259</timeOfDeparture>
            <dateOfArrival>210820</dateOfArrival>
            <timeOfArrival>1600</timeOfArrival>
          </productDateTime>
          <location>
            <locationId>JFK</locationId>
            <terminal>4</terminal>
          </location>
          <location>
            <locationId>MCO</locationId>
          </location>
          <companyId>
            <marketingCarrier>DL</marketingCarrier>
            <operatingCarrier>DL</operatingCarrier>
          </companyId>
          <flightOrtrainNumber>869</flightOrtrainNumber>
          <productDetail>
            <equipmentType>320</equipmentType>
          </productDetail>
          <addProductDetail>
            <electronicTicketing>Y</electronicTicketing>
            <productDetailQualifier>LCA</productDetailQualifier>
          </addProductDetail>
        </flightInformation>
        <fareBasis>XA7NA0BC</fareBasis>
        <fareType>RP</fareType>
        <cabinProduct>
          <rbd>E</rbd>
          <cabin>M</cabin>
          <avlStatus>9</avlStatus>
        </cabinProduct>
        <bookingClassDetails>
          <designator>M</designator>
        </bookingClassDetails>
      </flightDetails>
      <flightDetails>
        <flightInformation>
          <productDateTime>
            <dateOfDeparture>210820</dateOfDeparture>
            <timeOfDeparture>1710</timeOfDeparture>
            <dateOfArrival>210820</dateOfArrival>
            <timeOfArrival>1818</timeOfArrival>
          </productDateTime>
          <location>
            <locationId>MCO</locationId>
          </location>
          <location>
            <locationId>MIA</locationId>
          </location>
          <companyId>
            <marketingCarrier>DL</marketingCarrier>
          </companyId>
          <flightOrtrainNumber>5978</flightOrtrainNumber>
          <productDetail>
            <equipmentType>E75</equipmentType>
          </productDetail>
          <addProductDetail>
            <electronicTicketing>Y</electronicTicketing>
            <productDetailQualifier>LCA</productDetailQualifier>
          </addProductDetail>
        </flightInformation>
        <fareBasis>VFVNA0BQ</fareBasis>
        <fareType>RP</fareType>
        <cabinProduct>
          <rbd>E</rbd>
          <cabin>M</cabin>
          <avlStatus>9</avlStatus>
        </cabinProduct>
        <bookingClassDetails>
          <designator>M</designator>
        </bookingClassDetails>
      </flightDetails>
    </departureFlights>
    <returnFlights>
      <totalFlightDuration>0258</totalFlightDuration>
      <flightDetails>
        <flightInformation>
          <productDateTime>
            <dateOfDeparture>290920</dateOfDeparture>
            <timeOfDeparture>0830</timeOfDeparture>
            <dateOfArrival>290920</dateOfArrival>
            <timeOfArrival>1128</timeOfArrival>
          </productDateTime>
          <location>
            <locationId>MIA</locationId>
          </location>
          <location>
            <locationId>JFK</locationId>
            <terminal>4</terminal>
          </location>
          <companyId>
            <marketingCarrier>DL</marketingCarrier>
            <operatingCarrier>DL</operatingCarrier>
          </companyId>
          <flightOrtrainNumber>2732</flightOrtrainNumber>
          <productDetail>
            <equipmentType>321</equipmentType>
          </productDetail>
          <addProductDetail>
            <electronicTicketing>Y</electronicTicketing>
            <productDetailQualifier>IAC</productDetailQualifier>
          </addProductDetail>
        </flightInformation>
        <fareBasis>VAVNA0BQ</fareBasis>
        <fareType>RP</fareType>
        <cabinProduct>
          <rbd>E</rbd>
          <cabin>M</cabin>
          <avlStatus>9</avlStatus>
        </cabinProduct>
        <bookingClassDetails>
          <designator>M</designator>
        </bookingClassDetails>
      </flightDetails>
    </returnFlights>
    <paxFareProduct>
      <adults>
        <traveller>1</traveller>
        <baseFarePerAdult>194</baseFarePerAdult>
        <taxPerAdult>24.70</taxPerAdult>
      </adults>
      <totalbaseFare>194</totalbaseFare>
      <totaltax>24.70</totaltax>
      <totalFare>218.70</totalFare>
    </paxFareProduct>
  </CustomResponse>
  <CustomResponse>
    <searchID>aa475fe11b92bfc841d200418075925</searchID>
    <flightRefNumber>451b2b6165e83c08363de8145a99dca2_18</flightRefNumber>
    <Currency>USD</Currency>
    <departureFlights>
      <totalFlightDuration>0519</totalFlightDuration>
      <flightDetails>
        <flightInformation>
          <productDateTime>
            <dateOfDeparture>210820</dateOfDeparture>
            <timeOfDeparture>1259</timeOfDeparture>
            <dateOfArrival>210820</dateOfArrival>
            <timeOfArrival>1600</timeOfArrival>
          </productDateTime>
          <location>
            <locationId>JFK</locationId>
            <terminal>4</terminal>
          </location>
          <location>
            <locationId>MCO</locationId>
          </location>
          <companyId>
            <marketingCarrier>DL</marketingCarrier>
            <operatingCarrier>DL</operatingCarrier>
          </companyId>
          <flightOrtrainNumber>869</flightOrtrainNumber>
          <productDetail>
            <equipmentType>320</equipmentType>
          </productDetail>
          <addProductDetail>
            <electronicTicketing>Y</electronicTicketing>
            <productDetailQualifier>LCA</productDetailQualifier>
          </addProductDetail>
        </flightInformation>
        <fareBasis>XA7NA0BC</fareBasis>
        <fareType>RP</fareType>
        <cabinProduct>
          <rbd>E</rbd>
          <cabin>M</cabin>
          <avlStatus>9</avlStatus>
        </cabinProduct>
        <bookingClassDetails>
          <designator>M</designator>
        </bookingClassDetails>
      </flightDetails>
      <flightDetails>
        <flightInformation>
          <productDateTime>
            <dateOfDeparture>210820</dateOfDeparture>
            <timeOfDeparture>1710</timeOfDeparture>
            <dateOfArrival>210820</dateOfArrival>
            <timeOfArrival>1818</timeOfArrival>
          </productDateTime>
          <location>
            <locationId>MCO</locationId>
          </location>
          <location>
            <locationId>MIA</locationId>
          </location>
          <companyId>
            <marketingCarrier>DL</marketingCarrier>
          </companyId>
          <flightOrtrainNumber>5978</flightOrtrainNumber>
          <productDetail>
            <equipmentType>E75</equipmentType>
          </productDetail>
          <addProductDetail>
            <electronicTicketing>Y</electronicTicketing>
            <productDetailQualifier>LCA</productDetailQualifier>
          </addProductDetail>
        </flightInformation>
        <fareBasis>VFVNA0BQ</fareBasis>
        <fareType>RP</fareType>
        <cabinProduct>
          <rbd>E</rbd>
          <cabin>M</cabin>
          <avlStatus>9</avlStatus>
        </cabinProduct>
        <bookingClassDetails>
          <designator>M</designator>
        </bookingClassDetails>
      </flightDetails>
    </departureFlights>
    <returnFlights>
      <totalFlightDuration>0313</totalFlightDuration>
      <flightDetails>
        <flightInformation>
          <productDateTime>
            <dateOfDeparture>290920</dateOfDeparture>
            <timeOfDeparture>1955</timeOfDeparture>
            <dateOfArrival>290920</dateOfArrival>
            <timeOfArrival>2308</timeOfArrival>
          </productDateTime>
          <location>
            <locationId>MIA</locationId>
          </location>
          <location>
            <locationId>JFK</locationId>
            <terminal>4</terminal>
          </location>
          <companyId>
            <marketingCarrier>DL</marketingCarrier>
            <operatingCarrier>DL</operatingCarrier>
          </companyId>
          <flightOrtrainNumber>2385</flightOrtrainNumber>
          <productDetail>
            <equipmentType>321</equipmentType>
          </productDetail>
          <addProductDetail>
            <electronicTicketing>Y</electronicTicketing>
            <productDetailQualifier>IAC</productDetailQualifier>
          </addProductDetail>
        </flightInformation>
        <fareBasis>VAVNA0BQ</fareBasis>
        <fareType>RP</fareType>
        <cabinProduct>
          <rbd>E</rbd>
          <cabin>M</cabin>
          <avlStatus>9</avlStatus>
        </cabinProduct>
        <bookingClassDetails>
          <designator>M</designator>
        </bookingClassDetails>
      </flightDetails>
    </returnFlights>
    <paxFareProduct>
      <adults>
        <traveller>1</traveller>
        <baseFarePerAdult>194</baseFarePerAdult>
        <taxPerAdult>24.70</taxPerAdult>
      </adults>
      <totalbaseFare>194</totalbaseFare>
      <totaltax>24.70</totaltax>
      <totalFare>218.70</totalFare>
    </paxFareProduct>
  </CustomResponse>
  <CustomResponse>
    <searchID>aa475fe11b92bfc841d200418075925</searchID>
    <flightRefNumber>3f0745022e3f4509a910462b7f757112_19</flightRefNumber>
    <Currency>USD</Currency>
    <departureFlights>
      <totalFlightDuration>0704</totalFlightDuration>
      <flightDetails>
        <flightInformation>
          <productDateTime>
            <dateOfDeparture>210820</dateOfDeparture>
            <timeOfDeparture>1114</timeOfDeparture>
            <dateOfArrival>210820</dateOfArrival>
            <timeOfArrival>1407</timeOfArrival>
          </productDateTime>
          <location>
            <locationId>JFK</locationId>
            <terminal>4</terminal>
          </location>
          <location>
            <locationId>MCO</locationId>
          </location>
          <companyId>
            <marketingCarrier>DL</marketingCarrier>
            <operatingCarrier>DL</operatingCarrier>
          </companyId>
          <flightOrtrainNumber>2634</flightOrtrainNumber>
          <productDetail>
            <equipmentType>321</equipmentType>
          </productDetail>
          <addProductDetail>
            <electronicTicketing>Y</electronicTicketing>
            <productDetailQualifier>LCA</productDetailQualifier>
          </addProductDetail>
        </flightInformation>
        <fareBasis>XA7NA0BC</fareBasis>
        <fareType>RP</fareType>
        <cabinProduct>
          <rbd>E</rbd>
          <cabin>M</cabin>
          <avlStatus>9</avlStatus>
        </cabinProduct>
        <bookingClassDetails>
          <designator>M</designator>
        </bookingClassDetails>
      </flightDetails>
      <flightDetails>
        <flightInformation>
          <productDateTime>
            <dateOfDeparture>210820</dateOfDeparture>
            <timeOfDeparture>1710</timeOfDeparture>
            <dateOfArrival>210820</dateOfArrival>
            <timeOfArrival>1818</timeOfArrival>
          </productDateTime>
          <location>
            <locationId>MCO</locationId>
          </location>
          <location>
            <locationId>MIA</locationId>
          </location>
          <companyId>
            <marketingCarrier>DL</marketingCarrier>
          </companyId>
          <flightOrtrainNumber>5978</flightOrtrainNumber>
          <productDetail>
            <equipmentType>E75</equipmentType>
          </productDetail>
          <addProductDetail>
            <electronicTicketing>Y</electronicTicketing>
            <productDetailQualifier>LCA</productDetailQualifier>
          </addProductDetail>
        </flightInformation>
        <fareBasis>VFVNA0BQ</fareBasis>
        <fareType>RP</fareType>
        <cabinProduct>
          <rbd>E</rbd>
          <cabin>M</cabin>
          <avlStatus>9</avlStatus>
        </cabinProduct>
        <bookingClassDetails>
          <designator>M</designator>
        </bookingClassDetails>
      </flightDetails>
    </departureFlights>
    <returnFlights>
      <totalFlightDuration>0258</totalFlightDuration>
      <flightDetails>
        <flightInformation>
          <productDateTime>
            <dateOfDeparture>290920</dateOfDeparture>
            <timeOfDeparture>0830</timeOfDeparture>
            <dateOfArrival>290920</dateOfArrival>
            <timeOfArrival>1128</timeOfArrival>
          </productDateTime>
          <location>
            <locationId>MIA</locationId>
          </location>
          <location>
            <locationId>JFK</locationId>
            <terminal>4</terminal>
          </location>
          <companyId>
            <marketingCarrier>DL</marketingCarrier>
            <operatingCarrier>DL</operatingCarrier>
          </companyId>
          <flightOrtrainNumber>2732</flightOrtrainNumber>
          <productDetail>
            <equipmentType>321</equipmentType>
          </productDetail>
          <addProductDetail>
            <electronicTicketing>Y</electronicTicketing>
            <productDetailQualifier>IAC</productDetailQualifier>
          </addProductDetail>
        </flightInformation>
        <fareBasis>VAVNA0BQ</fareBasis>
        <fareType>RP</fareType>
        <cabinProduct>
          <rbd>E</rbd>
          <cabin>M</cabin>
          <avlStatus>9</avlStatus>
        </cabinProduct>
        <bookingClassDetails>
          <designator>M</designator>
        </bookingClassDetails>
      </flightDetails>
    </returnFlights>
    <paxFareProduct>
      <adults>
        <traveller>1</traveller>
        <baseFarePerAdult>194</baseFarePerAdult>
        <taxPerAdult>24.70</taxPerAdult>
      </adults>
      <totalbaseFare>194</totalbaseFare>
      <totaltax>24.70</totaltax>
      <totalFare>218.70</totalFare>
    </paxFareProduct>
  </CustomResponse>
  <CustomResponse>
    <searchID>aa475fe11b92bfc841d200418075925</searchID>
    <flightRefNumber>78316210f77895aea376c7a714219eea_20</flightRefNumber>
    <Currency>USD</Currency>
    <departureFlights>
      <totalFlightDuration>0713</totalFlightDuration>
      <flightDetails>
        <flightInformation>
          <productDateTime>
            <dateOfDeparture>210820</dateOfDeparture>
            <timeOfDeparture>0740</timeOfDeparture>
            <dateOfArrival>210820</dateOfArrival>
            <timeOfArrival>1034</timeOfArrival>
          </productDateTime>
          <location>
            <locationId>JFK</locationId>
            <terminal>4</terminal>
          </location>
          <location>
            <locationId>MCO</locationId>
          </location>
          <companyId>
            <marketingCarrier>DL</marketingCarrier>
            <operatingCarrier>DL</operatingCarrier>
          </companyId>
          <flightOrtrainNumber>2822</flightOrtrainNumber>
          <productDetail>
            <equipmentType>321</equipmentType>
          </productDetail>
          <addProductDetail>
            <electronicTicketing>Y</electronicTicketing>
            <productDetailQualifier>LCA</productDetailQualifier>
          </addProductDetail>
        </flightInformation>
        <fareBasis>XA7NA0BC</fareBasis>
        <fareType>RP</fareType>
        <cabinProduct>
          <rbd>E</rbd>
          <cabin>M</cabin>
          <avlStatus>9</avlStatus>
        </cabinProduct>
        <bookingClassDetails>
          <designator>M</designator>
        </bookingClassDetails>
      </flightDetails>
      <flightDetails>
        <flightInformation>
          <productDateTime>
            <dateOfDeparture>210820</dateOfDeparture>
            <timeOfDeparture>1345</timeOfDeparture>
            <dateOfArrival>210820</dateOfArrival>
            <timeOfArrival>1453</timeOfArrival>
          </productDateTime>
          <location>
            <locationId>MCO</locationId>
          </location>
          <location>
            <locationId>MIA</locationId>
          </location>
          <companyId>
            <marketingCarrier>DL</marketingCarrier>
          </companyId>
          <flightOrtrainNumber>5667</flightOrtrainNumber>
          <productDetail>
            <equipmentType>E75</equipmentType>
          </productDetail>
          <addProductDetail>
            <electronicTicketing>Y</electronicTicketing>
            <productDetailQualifier>LCA</productDetailQualifier>
          </addProductDetail>
        </flightInformation>
        <fareBasis>VFVNA0BQ</fareBasis>
        <fareType>RP</fareType>
        <cabinProduct>
          <rbd>E</rbd>
          <cabin>M</cabin>
          <avlStatus>9</avlStatus>
        </cabinProduct>
        <bookingClassDetails>
          <designator>M</designator>
        </bookingClassDetails>
      </flightDetails>
    </departureFlights>
    <returnFlights>
      <totalFlightDuration>0258</totalFlightDuration>
      <flightDetails>
        <flightInformation>
          <productDateTime>
            <dateOfDeparture>290920</dateOfDeparture>
            <timeOfDeparture>0830</timeOfDeparture>
            <dateOfArrival>290920</dateOfArrival>
            <timeOfArrival>1128</timeOfArrival>
          </productDateTime>
          <location>
            <locationId>MIA</locationId>
          </location>
          <location>
            <locationId>JFK</locationId>
            <terminal>4</terminal>
          </location>
          <companyId>
            <marketingCarrier>DL</marketingCarrier>
            <operatingCarrier>DL</operatingCarrier>
          </companyId>
          <flightOrtrainNumber>2732</flightOrtrainNumber>
          <productDetail>
            <equipmentType>321</equipmentType>
          </productDetail>
          <addProductDetail>
            <electronicTicketing>Y</electronicTicketing>
            <productDetailQualifier>IAC</productDetailQualifier>
          </addProductDetail>
        </flightInformation>
        <fareBasis>VAVNA0BQ</fareBasis>
        <fareType>RP</fareType>
        <cabinProduct>
          <rbd>E</rbd>
          <cabin>M</cabin>
          <avlStatus>9</avlStatus>
        </cabinProduct>
        <bookingClassDetails>
          <designator>M</designator>
        </bookingClassDetails>
      </flightDetails>
    </returnFlights>
    <paxFareProduct>
      <adults>
        <traveller>1</traveller>
        <baseFarePerAdult>194</baseFarePerAdult>
        <taxPerAdult>24.70</taxPerAdult>
      </adults>
      <totalbaseFare>194</totalbaseFare>
      <totaltax>24.70</totaltax>
      <totalFare>218.70</totalFare>
    </paxFareProduct>
  </CustomResponse>
</FlightsInfo>
