<?xml version="1.0" encoding="UTF-8" standalone="yes"?>
<FlightsInfo>
  <CustomResponse>
    <searchID>e41771dba1b8449030d200415081945</searchID>
    <flightRefNumber>f32852762a3a508d4e5e2ad5522c51a8_1</flightRefNumber>
    <Currency>USD</Currency>
    <departureFlights>
      <totalFlightDuration>0249</totalFlightDuration>
      <flightDetails>
        <flightInformation>
          <productDateTime>
            <dateOfDeparture>111120</dateOfDeparture>
            <timeOfDeparture>0830</timeOfDeparture>
            <dateOfArrival>111120</dateOfArrival>
            <timeOfArrival>1119</timeOfArrival>
          </productDateTime>
          <location>
            <locationId>MIA</locationId>
          </location>
          <location>
            <locationId>JFK</locationId>
            <terminal>4</terminal>
          </location>
          <companyId>
            <marketingCarrier>DL</marketingCarrier>
            <operatingCarrier>DL</operatingCarrier>
          </companyId>
          <flightOrtrainNumber>2732</flightOrtrainNumber>
          <productDetail>
            <equipmentType>321</equipmentType>
          </productDetail>
          <addProductDetail>
            <electronicTicketing>Y</electronicTicketing>
            <productDetailQualifier>IAC</productDetailQualifier>
          </addProductDetail>
        </flightInformation>
        <fareBasis>VAVNA0BQ</fareBasis>
        <fareType>RP</fareType>
        <cabinProduct>
          <rbd>E</rbd>
          <cabin>M</cabin>
          <avlStatus>9</avlStatus>
        </cabinProduct>
        <bookingClassDetails>
          <designator>M</designator>
        </bookingClassDetails>
      </flightDetails>
    </departureFlights>
    <returnFlights>
      <totalFlightDuration>0310</totalFlightDuration>
      <flightDetails>
        <flightInformation>
          <productDateTime>
            <dateOfDeparture>241220</dateOfDeparture>
            <timeOfDeparture>1230</timeOfDeparture>
            <dateOfArrival>241220</dateOfArrival>
            <timeOfArrival>1540</timeOfArrival>
          </productDateTime>
          <location>
            <locationId>JFK</locationId>
            <terminal>4</terminal>
          </location>
          <location>
            <locationId>MIA</locationId>
          </location>
          <companyId>
            <marketingCarrier>DL</marketingCarrier>
            <operatingCarrier>DL</operatingCarrier>
          </companyId>
          <flightOrtrainNumber>2175</flightOrtrainNumber>
          <productDetail>
            <equipmentType>321</equipmentType>
          </productDetail>
          <addProductDetail>
            <electronicTicketing>Y</electronicTicketing>
            <productDetailQualifier>AVR</productDetailQualifier>
          </addProductDetail>
        </flightInformation>
        <fareBasis>VAVNA0BQ</fareBasis>
        <fareType>RP</fareType>
        <cabinProduct>
          <rbd>E</rbd>
          <cabin>M</cabin>
          <avlStatus>7</avlStatus>
        </cabinProduct>
        <bookingClassDetails>
          <designator>M</designator>
        </bookingClassDetails>
      </flightDetails>
    </returnFlights>
    <paxFareProduct>
      <adults>
        <traveller>1</traveller>
        <baseFarePerAdult>186</baseFarePerAdult>
        <taxPerAdult>20.20</taxPerAdult>
      </adults>
      <childs>
        <traveller>1</traveller>
        <baseFarePerChild>186</baseFarePerChild>
        <taxPerChild>20.20</taxPerChild>
      </childs>
      <totalbaseFare>372</totalbaseFare>
      <totaltax>40.40</totaltax>
      <totalFare>412.40</totalFare>
    </paxFareProduct>
  </CustomResponse>
  <CustomResponse>
    <searchID>e41771dba1b8449030d200415081945</searchID>
    <flightRefNumber>be1e384a113f0641880adc71d1a59a17_2</flightRefNumber>
    <Currency>USD</Currency>
    <departureFlights>
      <totalFlightDuration>0249</totalFlightDuration>
      <flightDetails>
        <flightInformation>
          <productDateTime>
            <dateOfDeparture>111120</dateOfDeparture>
            <timeOfDeparture>1241</timeOfDeparture>
            <dateOfArrival>111120</dateOfArrival>
            <timeOfArrival>1530</timeOfArrival>
          </productDateTime>
          <location>
            <locationId>MIA</locationId>
          </location>
          <location>
            <locationId>JFK</locationId>
            <terminal>8</terminal>
          </location>
          <companyId>
            <marketingCarrier>AA</marketingCarrier>
            <operatingCarrier>AA</operatingCarrier>
          </companyId>
          <flightOrtrainNumber>2195</flightOrtrainNumber>
          <productDetail>
            <equipmentType>738</equipmentType>
          </productDetail>
          <addProductDetail>
            <electronicTicketing>Y</electronicTicketing>
            <productDetailQualifier>AIP</productDetailQualifier>
          </addProductDetail>
        </flightInformation>
        <fareBasis>GVAHZNM3</fareBasis>
        <fareType>RP</fareType>
        <cabinProduct>
          <rbd>G</rbd>
          <cabin>M</cabin>
          <avlStatus>7</avlStatus>
        </cabinProduct>
        <bookingClassDetails>
          <designator>M</designator>
        </bookingClassDetails>
      </flightDetails>
    </departureFlights>
    <returnFlights>
      <totalFlightDuration>0311</totalFlightDuration>
      <flightDetails>
        <flightInformation>
          <productDateTime>
            <dateOfDeparture>241220</dateOfDeparture>
            <timeOfDeparture>1105</timeOfDeparture>
            <dateOfArrival>241220</dateOfArrival>
            <timeOfArrival>1416</timeOfArrival>
          </productDateTime>
          <location>
            <locationId>JFK</locationId>
            <terminal>8</terminal>
          </location>
          <location>
            <locationId>MIA</locationId>
          </location>
          <companyId>
            <marketingCarrier>AA</marketingCarrier>
            <operatingCarrier>AA</operatingCarrier>
          </companyId>
          <flightOrtrainNumber>1099</flightOrtrainNumber>
          <productDetail>
            <equipmentType>763</equipmentType>
          </productDetail>
          <addProductDetail>
            <electronicTicketing>Y</electronicTicketing>
            <productDetailQualifier>AIP</productDetailQualifier>
          </addProductDetail>
        </flightInformation>
        <fareBasis>GVAHZNM3</fareBasis>
        <fareType>RP</fareType>
        <cabinProduct>
          <rbd>G</rbd>
          <cabin>M</cabin>
          <avlStatus>7</avlStatus>
        </cabinProduct>
        <bookingClassDetails>
          <designator>M</designator>
        </bookingClassDetails>
      </flightDetails>
    </returnFlights>
    <paxFareProduct>
      <adults>
        <traveller>1</traveller>
        <baseFarePerAdult>186</baseFarePerAdult>
        <taxPerAdult>20.20</taxPerAdult>
      </adults>
      <childs>
        <traveller>1</traveller>
        <baseFarePerChild>186</baseFarePerChild>
        <taxPerChild>20.20</taxPerChild>
      </childs>
      <totalbaseFare>372</totalbaseFare>
      <totaltax>40.40</totaltax>
      <totalFare>412.40</totalFare>
    </paxFareProduct>
  </CustomResponse>
</FlightsInfo>
