<?xml version="1.0" encoding="UTF-8"?>
<soapenv:Envelope xmlns:soapenv="http://schemas.xmlsoap.org/soap/envelope/" xmlns:awsse="http://xml.amadeus.com/2010/06/Session_v3" xmlns:wsa="http://www.w3.org/2005/08/addressing">
  <soapenv:Header>
    <wsa:To>http://www.w3.org/2005/08/addressing/anonymous</wsa:To>
    <wsa:From>
      <wsa:Address>https://nodeD1.test.webservices.amadeus.com/1ASIWIBESXI</wsa:Address>
    </wsa:From>
    <wsa:Action>http://webservices.amadeus.com/TAUTCQ_04_1_1A</wsa:Action>
    <wsa:MessageID>urn:uuid:e0d3b060-c9ed-2964-355c-61ac2e6bbf9b</wsa:MessageID>
    <wsa:RelatesTo RelationshipType="http://www.w3.org/2005/08/addressing/reply">a5d418cf-a9ab-07cd-1a73-7110e7c77c2f</wsa:RelatesTo>
    <awsse:Session TransactionStatusCode="InSeries">
      <awsse:SessionId>00QZQDFYL5</awsse:SessionId>
      <awsse:SequenceNumber>4</awsse:SequenceNumber>
      <awsse:SecurityToken>JH5RJ86NDJDH3UNXXTNIW18KK</awsse:SecurityToken>
    </awsse:Session>
  </soapenv:Header>
  <soapenv:Body>
    <Ticket_CreateTSTFromPricingReply xmlns="http://xml.amadeus.com/TAUTCR_04_1_1A">
      <tstList>
        <tstReference>
          <referenceType>TST</referenceType>
          <uniqueReference>1</uniqueReference>
          <iDDescription>
            <iDSequenceNumber>1</iDSequenceNumber>
          </iDDescription>
        </tstReference>
        <paxInformation>
          <refDetails>
            <refQualifier>PA</refQualifier>
            <refNumber>2</refNumber>
          </refDetails>
        </paxInformation>
      </tstList>
    </Ticket_CreateTSTFromPricingReply>
  </soapenv:Body>
</soapenv:Envelope>
