<?xml version="1.0" encoding="UTF-8"?>
<soapenv:Envelope xmlns:soapenv="http://schemas.xmlsoap.org/soap/envelope/" xmlns:awsse="http://xml.amadeus.com/2010/06/Session_v3" xmlns:wsa="http://www.w3.org/2005/08/addressing">
  <soapenv:Header>
    <wsa:To>http://www.w3.org/2005/08/addressing/anonymous</wsa:To>
    <wsa:From>
      <wsa:Address>https://nodeD1.test.webservices.amadeus.com/1ASIWIBESXI</wsa:Address>
    </wsa:From>
    <wsa:Action>http://webservices.amadeus.com/TAUTCQ_04_1_1A</wsa:Action>
    <wsa:MessageID>urn:uuid:7066ad67-686e-a3a4-8507-9eb4393a93de</wsa:MessageID>
    <wsa:RelatesTo RelationshipType="http://www.w3.org/2005/08/addressing/reply">08a1ce63-3a1b-75c7-d0d5-56ed2a31fe23</wsa:RelatesTo>
    <awsse:Session TransactionStatusCode="InSeries">
      <awsse:SessionId>00QZ8M5XY2</awsse:SessionId>
      <awsse:SequenceNumber>4</awsse:SequenceNumber>
      <awsse:SecurityToken>1XP0T1XMSZHXVLNMYSY3YJGYP</awsse:SecurityToken>
    </awsse:Session>
  </soapenv:Header>
  <soapenv:Body>
    <Ticket_CreateTSTFromPricingReply xmlns="http://xml.amadeus.com/TAUTCR_04_1_1A">
      <tstList>
        <tstReference>
          <referenceType>TST</referenceType>
          <uniqueReference>1</uniqueReference>
          <iDDescription>
            <iDSequenceNumber>1</iDSequenceNumber>
          </iDDescription>
        </tstReference>
        <paxInformation>
          <refDetails>
            <refQualifier>PA</refQualifier>
            <refNumber>2</refNumber>
          </refDetails>
        </paxInformation>
      </tstList>
    </Ticket_CreateTSTFromPricingReply>
  </soapenv:Body>
</soapenv:Envelope>
