<?xml version="1.0" encoding="UTF-8"?>
<soapenv:Envelope xmlns:soapenv="http://schemas.xmlsoap.org/soap/envelope/" xmlns:awsse="http://xml.amadeus.com/2010/06/Session_v3" xmlns:wsa="http://www.w3.org/2005/08/addressing">
  <soapenv:Header>
    <wsa:To>http://www.w3.org/2005/08/addressing/anonymous</wsa:To>
    <wsa:From>
      <wsa:Address>https://nodeD1.test.webservices.amadeus.com/1ASIWIBESXI</wsa:Address>
    </wsa:From>
    <wsa:Action>http://webservices.amadeus.com/TAUTCQ_04_1_1A</wsa:Action>
    <wsa:MessageID>urn:uuid:7ba93a5e-5bd3-2bf4-61ba-4f6b04fc6999</wsa:MessageID>
    <wsa:RelatesTo RelationshipType="http://www.w3.org/2005/08/addressing/reply">258eba70-9d3d-c90c-552a-b5d12841f694</wsa:RelatesTo>
    <awsse:Session TransactionStatusCode="InSeries">
      <awsse:SessionId>00R8495YKX</awsse:SessionId>
      <awsse:SequenceNumber>4</awsse:SequenceNumber>
      <awsse:SecurityToken>1J06AGCGBIUN9TV68SP42CUG2</awsse:SecurityToken>
    </awsse:Session>
  </soapenv:Header>
  <soapenv:Body>
    <Ticket_CreateTSTFromPricingReply xmlns="http://xml.amadeus.com/TAUTCR_04_1_1A">
      <tstList>
        <tstReference>
          <referenceType>TST</referenceType>
          <uniqueReference>1</uniqueReference>
          <iDDescription>
            <iDSequenceNumber>1</iDSequenceNumber>
          </iDDescription>
        </tstReference>
        <paxInformation>
          <refDetails>
            <refQualifier>PA</refQualifier>
            <refNumber>2</refNumber>
          </refDetails>
        </paxInformation>
      </tstList>
    </Ticket_CreateTSTFromPricingReply>
  </soapenv:Body>
</soapenv:Envelope>
