<?xml version="1.0" encoding="UTF-8"?>
<soapenv:Envelope xmlns:soapenv="http://schemas.xmlsoap.org/soap/envelope/" xmlns:awsse="http://xml.amadeus.com/2010/06/Session_v3" xmlns:wsa="http://www.w3.org/2005/08/addressing">
  <soapenv:Header>
    <wsa:To>http://www.w3.org/2005/08/addressing/anonymous</wsa:To>
    <wsa:From>
      <wsa:Address>https://nodeD1.test.webservices.amadeus.com/1ASIWIBESXI</wsa:Address>
    </wsa:From>
    <wsa:Action>http://webservices.amadeus.com/TAUTCQ_04_1_1A</wsa:Action>
    <wsa:MessageID>urn:uuid:1114113f-d1f6-19b4-cdac-5c9f75b843b2</wsa:MessageID>
    <wsa:RelatesTo RelationshipType="http://www.w3.org/2005/08/addressing/reply">e9ed9d90-675a-fc3f-b12b-b5c51b12b757</wsa:RelatesTo>
    <awsse:Session TransactionStatusCode="InSeries">
      <awsse:SessionId>01BH3QWW9A</awsse:SessionId>
      <awsse:SequenceNumber>4</awsse:SequenceNumber>
      <awsse:SecurityToken>84E1YGEC271YY9ORM01D96PR</awsse:SecurityToken>
    </awsse:Session>
  </soapenv:Header>
  <soapenv:Body>
    <Ticket_CreateTSTFromPricingReply xmlns="http://xml.amadeus.com/TAUTCR_04_1_1A">
      <tstList>
        <tstReference>
          <referenceType>TST</referenceType>
          <uniqueReference>1</uniqueReference>
          <iDDescription>
            <iDSequenceNumber>1</iDSequenceNumber>
          </iDDescription>
        </tstReference>
        <paxInformation>
          <refDetails>
            <refQualifier>PA</refQualifier>
            <refNumber>4</refNumber>
          </refDetails>
          <refDetails>
            <refQualifier>PA</refQualifier>
            <refNumber>5</refNumber>
          </refDetails>
        </paxInformation>
      </tstList>
      <tstList>
        <tstReference>
          <referenceType>TST</referenceType>
          <uniqueReference>2</uniqueReference>
          <iDDescription>
            <iDSequenceNumber>2</iDSequenceNumber>
          </iDDescription>
        </tstReference>
        <paxInformation>
          <refDetails>
            <refQualifier>PA</refQualifier>
            <refNumber>2</refNumber>
          </refDetails>
          <refDetails>
            <refQualifier>PA</refQualifier>
            <refNumber>3</refNumber>
          </refDetails>
        </paxInformation>
      </tstList>
    </Ticket_CreateTSTFromPricingReply>
  </soapenv:Body>
</soapenv:Envelope>
