<?xml version="1.0" encoding="UTF-8"?>
<soapenv:Envelope xmlns:soapenv="http://schemas.xmlsoap.org/soap/envelope/" xmlns:awsse="http://xml.amadeus.com/2010/06/Session_v3" xmlns:wsa="http://www.w3.org/2005/08/addressing">
  <soapenv:Header>
    <wsa:To>http://www.w3.org/2005/08/addressing/anonymous</wsa:To>
    <wsa:From>
      <wsa:Address>https://nodeD1.test.webservices.amadeus.com/1ASIWIBESXI</wsa:Address>
    </wsa:From>
    <wsa:Action>http://webservices.amadeus.com/FMPTBQ_17_4_1A</wsa:Action>
    <wsa:MessageID>urn:uuid:76a3f360-4f22-2984-8d13-a9eb9c40365e</wsa:MessageID>
    <wsa:RelatesTo RelationshipType="http://www.w3.org/2005/08/addressing/reply">662d43ae-d0f1-9138-7c22-7f0323a20740</wsa:RelatesTo>
    <awsse:Session TransactionStatusCode="End">
      <awsse:SessionId>00R8M0G1XK</awsse:SessionId>
      <awsse:SequenceNumber>1</awsse:SequenceNumber>
      <awsse:SecurityToken>2JKBI1D0N6WS92LCOWADMYQ8GY</awsse:SecurityToken>
    </awsse:Session>
  </soapenv:Header>
  <soapenv:Body>
    <Fare_MasterPricerTravelBoardSearchReply xmlns="http://xml.amadeus.com/FMPTBR_17_4_1A">
      <replyStatus>
        <status>
          <advisoryTypeInfo>FQX</advisoryTypeInfo>
        </status>
      </replyStatus>
      <conversionRate>
        <conversionRateDetail>
          <currency>USD</currency>
        </conversionRateDetail>
      </conversionRate>
      <companyIdText>
        <textRefNumber>172</textRefNumber>
        <companyText>ENDEAVOR AIR DBA DELTA CONNECTION</companyText>
      </companyIdText>
      <flightIndex>
        <requestedSegmentRef>
          <segRef>1</segRef>
        </requestedSegmentRef>
        <groupOfFlights>
          <propFlightGrDetail>
            <flightProposal>
              <ref>1</ref>
            </flightProposal>
            <flightProposal>
              <ref>0543</ref>
              <unitQualifier>EFT</unitQualifier>
            </flightProposal>
            <flightProposal>
              <ref>DL</ref>
              <unitQualifier>MCX</unitQualifier>
            </flightProposal>
          </propFlightGrDetail>
          <flightDetails>
            <flightInformation>
              <productDateTime>
                <dateOfDeparture>130820</dateOfDeparture>
                <timeOfDeparture>0630</timeOfDeparture>
                <dateOfArrival>130820</dateOfArrival>
                <timeOfArrival>0824</timeOfArrival>
              </productDateTime>
              <location>
                <locationId>MIA</locationId>
              </location>
              <location>
                <locationId>ATL</locationId>
                <terminal>S</terminal>
              </location>
              <companyId>
                <marketingCarrier>DL</marketingCarrier>
                <operatingCarrier>DL</operatingCarrier>
              </companyId>
              <flightOrtrainNumber>940</flightOrtrainNumber>
              <productDetail>
                <equipmentType>321</equipmentType>
              </productDetail>
              <addProductDetail>
                <electronicTicketing>Y</electronicTicketing>
                <productDetailQualifier>LCA</productDetailQualifier>
              </addProductDetail>
            </flightInformation>
          </flightDetails>
          <flightDetails>
            <flightInformation>
              <productDateTime>
                <dateOfDeparture>130820</dateOfDeparture>
                <timeOfDeparture>0955</timeOfDeparture>
                <dateOfArrival>130820</dateOfArrival>
                <timeOfArrival>1213</timeOfArrival>
              </productDateTime>
              <location>
                <locationId>ATL</locationId>
                <terminal>S</terminal>
              </location>
              <location>
                <locationId>JFK</locationId>
                <terminal>4</terminal>
              </location>
              <companyId>
                <marketingCarrier>DL</marketingCarrier>
                <operatingCarrier>DL</operatingCarrier>
              </companyId>
              <flightOrtrainNumber>843</flightOrtrainNumber>
              <productDetail>
                <equipmentType>739</equipmentType>
              </productDetail>
              <addProductDetail>
                <electronicTicketing>Y</electronicTicketing>
                <productDetailQualifier>LCA</productDetailQualifier>
              </addProductDetail>
            </flightInformation>
          </flightDetails>
        </groupOfFlights>
        <groupOfFlights>
          <propFlightGrDetail>
            <flightProposal>
              <ref>2</ref>
            </flightProposal>
            <flightProposal>
              <ref>0643</ref>
              <unitQualifier>EFT</unitQualifier>
            </flightProposal>
            <flightProposal>
              <ref>DL</ref>
              <unitQualifier>MCX</unitQualifier>
            </flightProposal>
          </propFlightGrDetail>
          <flightDetails>
            <flightInformation>
              <productDateTime>
                <dateOfDeparture>130820</dateOfDeparture>
                <timeOfDeparture>0530</timeOfDeparture>
                <dateOfArrival>130820</dateOfArrival>
                <timeOfArrival>0717</timeOfArrival>
              </productDateTime>
              <location>
                <locationId>MIA</locationId>
              </location>
              <location>
                <locationId>ATL</locationId>
                <terminal>S</terminal>
              </location>
              <companyId>
                <marketingCarrier>DL</marketingCarrier>
                <operatingCarrier>DL</operatingCarrier>
              </companyId>
              <flightOrtrainNumber>1987</flightOrtrainNumber>
              <productDetail>
                <equipmentType>321</equipmentType>
              </productDetail>
              <addProductDetail>
                <electronicTicketing>Y</electronicTicketing>
                <productDetailQualifier>LCA</productDetailQualifier>
              </addProductDetail>
            </flightInformation>
          </flightDetails>
          <flightDetails>
            <flightInformation>
              <productDateTime>
                <dateOfDeparture>130820</dateOfDeparture>
                <timeOfDeparture>0955</timeOfDeparture>
                <dateOfArrival>130820</dateOfArrival>
                <timeOfArrival>1213</timeOfArrival>
              </productDateTime>
              <location>
                <locationId>ATL</locationId>
                <terminal>S</terminal>
              </location>
              <location>
                <locationId>JFK</locationId>
                <terminal>4</terminal>
              </location>
              <companyId>
                <marketingCarrier>DL</marketingCarrier>
                <operatingCarrier>DL</operatingCarrier>
              </companyId>
              <flightOrtrainNumber>843</flightOrtrainNumber>
              <productDetail>
                <equipmentType>739</equipmentType>
              </productDetail>
              <addProductDetail>
                <electronicTicketing>Y</electronicTicketing>
                <productDetailQualifier>LCA</productDetailQualifier>
              </addProductDetail>
            </flightInformation>
          </flightDetails>
        </groupOfFlights>
        <groupOfFlights>
          <propFlightGrDetail>
            <flightProposal>
              <ref>3</ref>
            </flightProposal>
            <flightProposal>
              <ref>0314</ref>
              <unitQualifier>EFT</unitQualifier>
            </flightProposal>
            <flightProposal>
              <ref>DL</ref>
              <unitQualifier>MCX</unitQualifier>
            </flightProposal>
          </propFlightGrDetail>
          <flightDetails>
            <flightInformation>
              <productDateTime>
                <dateOfDeparture>130820</dateOfDeparture>
                <timeOfDeparture>1958</timeOfDeparture>
                <dateOfArrival>130820</dateOfArrival>
                <timeOfArrival>2312</timeOfArrival>
              </productDateTime>
              <location>
                <locationId>MIA</locationId>
              </location>
              <location>
                <locationId>JFK</locationId>
                <terminal>4</terminal>
              </location>
              <companyId>
                <marketingCarrier>DL</marketingCarrier>
                <operatingCarrier>DL</operatingCarrier>
              </companyId>
              <flightOrtrainNumber>2385</flightOrtrainNumber>
              <productDetail>
                <equipmentType>321</equipmentType>
              </productDetail>
              <addProductDetail>
                <electronicTicketing>Y</electronicTicketing>
                <productDetailQualifier>IAC</productDetailQualifier>
              </addProductDetail>
            </flightInformation>
          </flightDetails>
        </groupOfFlights>
        <groupOfFlights>
          <propFlightGrDetail>
            <flightProposal>
              <ref>4</ref>
            </flightProposal>
            <flightProposal>
              <ref>0559</ref>
              <unitQualifier>EFT</unitQualifier>
            </flightProposal>
            <flightProposal>
              <ref>DL</ref>
              <unitQualifier>MCX</unitQualifier>
            </flightProposal>
          </propFlightGrDetail>
          <flightDetails>
            <flightInformation>
              <productDateTime>
                <dateOfDeparture>130820</dateOfDeparture>
                <timeOfDeparture>0730</timeOfDeparture>
                <dateOfArrival>130820</dateOfArrival>
                <timeOfArrival>0929</timeOfArrival>
              </productDateTime>
              <location>
                <locationId>MIA</locationId>
              </location>
              <location>
                <locationId>ATL</locationId>
                <terminal>S</terminal>
              </location>
              <companyId>
                <marketingCarrier>DL</marketingCarrier>
                <operatingCarrier>DL</operatingCarrier>
              </companyId>
              <flightOrtrainNumber>891</flightOrtrainNumber>
              <productDetail>
                <equipmentType>321</equipmentType>
              </productDetail>
              <addProductDetail>
                <electronicTicketing>Y</electronicTicketing>
                <productDetailQualifier>LCA</productDetailQualifier>
              </addProductDetail>
            </flightInformation>
          </flightDetails>
          <flightDetails>
            <flightInformation>
              <productDateTime>
                <dateOfDeparture>130820</dateOfDeparture>
                <timeOfDeparture>1107</timeOfDeparture>
                <dateOfArrival>130820</dateOfArrival>
                <timeOfArrival>1329</timeOfArrival>
              </productDateTime>
              <location>
                <locationId>ATL</locationId>
                <terminal>S</terminal>
              </location>
              <location>
                <locationId>JFK</locationId>
                <terminal>4</terminal>
              </location>
              <companyId>
                <marketingCarrier>DL</marketingCarrier>
                <operatingCarrier>DL</operatingCarrier>
              </companyId>
              <flightOrtrainNumber>2684</flightOrtrainNumber>
              <productDetail>
                <equipmentType>757</equipmentType>
              </productDetail>
              <addProductDetail>
                <electronicTicketing>Y</electronicTicketing>
                <productDetailQualifier>LCA</productDetailQualifier>
              </addProductDetail>
            </flightInformation>
          </flightDetails>
        </groupOfFlights>
        <groupOfFlights>
          <propFlightGrDetail>
            <flightProposal>
              <ref>5</ref>
            </flightProposal>
            <flightProposal>
              <ref>0659</ref>
              <unitQualifier>EFT</unitQualifier>
            </flightProposal>
            <flightProposal>
              <ref>DL</ref>
              <unitQualifier>MCX</unitQualifier>
            </flightProposal>
          </propFlightGrDetail>
          <flightDetails>
            <flightInformation>
              <productDateTime>
                <dateOfDeparture>130820</dateOfDeparture>
                <timeOfDeparture>0630</timeOfDeparture>
                <dateOfArrival>130820</dateOfArrival>
                <timeOfArrival>0824</timeOfArrival>
              </productDateTime>
              <location>
                <locationId>MIA</locationId>
              </location>
              <location>
                <locationId>ATL</locationId>
                <terminal>S</terminal>
              </location>
              <companyId>
                <marketingCarrier>DL</marketingCarrier>
                <operatingCarrier>DL</operatingCarrier>
              </companyId>
              <flightOrtrainNumber>940</flightOrtrainNumber>
              <productDetail>
                <equipmentType>321</equipmentType>
              </productDetail>
              <addProductDetail>
                <electronicTicketing>Y</electronicTicketing>
                <productDetailQualifier>LCA</productDetailQualifier>
              </addProductDetail>
            </flightInformation>
          </flightDetails>
          <flightDetails>
            <flightInformation>
              <productDateTime>
                <dateOfDeparture>130820</dateOfDeparture>
                <timeOfDeparture>1107</timeOfDeparture>
                <dateOfArrival>130820</dateOfArrival>
                <timeOfArrival>1329</timeOfArrival>
              </productDateTime>
              <location>
                <locationId>ATL</locationId>
                <terminal>S</terminal>
              </location>
              <location>
                <locationId>JFK</locationId>
                <terminal>4</terminal>
              </location>
              <companyId>
                <marketingCarrier>DL</marketingCarrier>
                <operatingCarrier>DL</operatingCarrier>
              </companyId>
              <flightOrtrainNumber>2684</flightOrtrainNumber>
              <productDetail>
                <equipmentType>757</equipmentType>
              </productDetail>
              <addProductDetail>
                <electronicTicketing>Y</electronicTicketing>
                <productDetailQualifier>LCA</productDetailQualifier>
              </addProductDetail>
            </flightInformation>
          </flightDetails>
        </groupOfFlights>
      </flightIndex>
      <flightIndex>
        <requestedSegmentRef>
          <segRef>2</segRef>
        </requestedSegmentRef>
        <groupOfFlights>
          <propFlightGrDetail>
            <flightProposal>
              <ref>1</ref>
            </flightProposal>
            <flightProposal>
              <ref>0308</ref>
              <unitQualifier>EFT</unitQualifier>
            </flightProposal>
            <flightProposal>
              <ref>DL</ref>
              <unitQualifier>MCX</unitQualifier>
            </flightProposal>
          </propFlightGrDetail>
          <flightDetails>
            <flightInformation>
              <productDateTime>
                <dateOfDeparture>290920</dateOfDeparture>
                <timeOfDeparture>0805</timeOfDeparture>
                <dateOfArrival>290920</dateOfArrival>
                <timeOfArrival>1113</timeOfArrival>
              </productDateTime>
              <location>
                <locationId>JFK</locationId>
                <terminal>4</terminal>
              </location>
              <location>
                <locationId>MIA</locationId>
              </location>
              <companyId>
                <marketingCarrier>DL</marketingCarrier>
                <operatingCarrier>DL</operatingCarrier>
              </companyId>
              <flightOrtrainNumber>2190</flightOrtrainNumber>
              <productDetail>
                <equipmentType>321</equipmentType>
              </productDetail>
              <addProductDetail>
                <electronicTicketing>Y</electronicTicketing>
                <productDetailQualifier>IAC</productDetailQualifier>
              </addProductDetail>
            </flightInformation>
          </flightDetails>
        </groupOfFlights>
        <groupOfFlights>
          <propFlightGrDetail>
            <flightProposal>
              <ref>2</ref>
            </flightProposal>
            <flightProposal>
              <ref>0310</ref>
              <unitQualifier>EFT</unitQualifier>
            </flightProposal>
            <flightProposal>
              <ref>DL</ref>
              <unitQualifier>MCX</unitQualifier>
            </flightProposal>
          </propFlightGrDetail>
          <flightDetails>
            <flightInformation>
              <productDateTime>
                <dateOfDeparture>290920</dateOfDeparture>
                <timeOfDeparture>1230</timeOfDeparture>
                <dateOfArrival>290920</dateOfArrival>
                <timeOfArrival>1540</timeOfArrival>
              </productDateTime>
              <location>
                <locationId>JFK</locationId>
                <terminal>4</terminal>
              </location>
              <location>
                <locationId>MIA</locationId>
              </location>
              <companyId>
                <marketingCarrier>DL</marketingCarrier>
                <operatingCarrier>DL</operatingCarrier>
              </companyId>
              <flightOrtrainNumber>2175</flightOrtrainNumber>
              <productDetail>
                <equipmentType>321</equipmentType>
              </productDetail>
              <addProductDetail>
                <electronicTicketing>Y</electronicTicketing>
                <productDetailQualifier>IAC</productDetailQualifier>
              </addProductDetail>
            </flightInformation>
          </flightDetails>
        </groupOfFlights>
        <groupOfFlights>
          <propFlightGrDetail>
            <flightProposal>
              <ref>3</ref>
            </flightProposal>
            <flightProposal>
              <ref>0315</ref>
              <unitQualifier>EFT</unitQualifier>
            </flightProposal>
            <flightProposal>
              <ref>DL</ref>
              <unitQualifier>MCX</unitQualifier>
            </flightProposal>
          </propFlightGrDetail>
          <flightDetails>
            <flightInformation>
              <productDateTime>
                <dateOfDeparture>290920</dateOfDeparture>
                <timeOfDeparture>1530</timeOfDeparture>
                <dateOfArrival>290920</dateOfArrival>
                <timeOfArrival>1845</timeOfArrival>
              </productDateTime>
              <location>
                <locationId>JFK</locationId>
                <terminal>4</terminal>
              </location>
              <location>
                <locationId>MIA</locationId>
              </location>
              <companyId>
                <marketingCarrier>DL</marketingCarrier>
                <operatingCarrier>DL</operatingCarrier>
              </companyId>
              <flightOrtrainNumber>2385</flightOrtrainNumber>
              <productDetail>
                <equipmentType>321</equipmentType>
              </productDetail>
              <addProductDetail>
                <electronicTicketing>Y</electronicTicketing>
                <productDetailQualifier>IAC</productDetailQualifier>
              </addProductDetail>
            </flightInformation>
          </flightDetails>
        </groupOfFlights>
        <groupOfFlights>
          <propFlightGrDetail>
            <flightProposal>
              <ref>4</ref>
            </flightProposal>
            <flightProposal>
              <ref>0315</ref>
              <unitQualifier>EFT</unitQualifier>
            </flightProposal>
            <flightProposal>
              <ref>DL</ref>
              <unitQualifier>MCX</unitQualifier>
            </flightProposal>
          </propFlightGrDetail>
          <flightDetails>
            <flightInformation>
              <productDateTime>
                <dateOfDeparture>290920</dateOfDeparture>
                <timeOfDeparture>2030</timeOfDeparture>
                <dateOfArrival>290920</dateOfArrival>
                <timeOfArrival>2345</timeOfArrival>
              </productDateTime>
              <location>
                <locationId>JFK</locationId>
                <terminal>4</terminal>
              </location>
              <location>
                <locationId>MIA</locationId>
              </location>
              <companyId>
                <marketingCarrier>DL</marketingCarrier>
                <operatingCarrier>DL</operatingCarrier>
              </companyId>
              <flightOrtrainNumber>2756</flightOrtrainNumber>
              <productDetail>
                <equipmentType>321</equipmentType>
              </productDetail>
              <addProductDetail>
                <electronicTicketing>Y</electronicTicketing>
                <productDetailQualifier>IAC</productDetailQualifier>
              </addProductDetail>
            </flightInformation>
          </flightDetails>
        </groupOfFlights>
        <groupOfFlights>
          <propFlightGrDetail>
            <flightProposal>
              <ref>5</ref>
            </flightProposal>
            <flightProposal>
              <ref>0643</ref>
              <unitQualifier>EFT</unitQualifier>
            </flightProposal>
            <flightProposal>
              <ref>DL</ref>
              <unitQualifier>MCX</unitQualifier>
            </flightProposal>
          </propFlightGrDetail>
          <flightDetails>
            <flightInformation>
              <productDateTime>
                <dateOfDeparture>290920</dateOfDeparture>
                <timeOfDeparture>1129</timeOfDeparture>
                <dateOfArrival>290920</dateOfArrival>
                <timeOfArrival>1353</timeOfArrival>
              </productDateTime>
              <location>
                <locationId>JFK</locationId>
                <terminal>4</terminal>
              </location>
              <location>
                <locationId>ATL</locationId>
                <terminal>S</terminal>
              </location>
              <companyId>
                <marketingCarrier>DL</marketingCarrier>
                <operatingCarrier>DL</operatingCarrier>
              </companyId>
              <flightOrtrainNumber>2139</flightOrtrainNumber>
              <productDetail>
                <equipmentType>320</equipmentType>
              </productDetail>
              <addProductDetail>
                <electronicTicketing>Y</electronicTicketing>
                <productDetailQualifier>LCA</productDetailQualifier>
              </addProductDetail>
            </flightInformation>
          </flightDetails>
          <flightDetails>
            <flightInformation>
              <productDateTime>
                <dateOfDeparture>290920</dateOfDeparture>
                <timeOfDeparture>1615</timeOfDeparture>
                <dateOfArrival>290920</dateOfArrival>
                <timeOfArrival>1812</timeOfArrival>
              </productDateTime>
              <location>
                <locationId>ATL</locationId>
                <terminal>S</terminal>
              </location>
              <location>
                <locationId>MIA</locationId>
              </location>
              <companyId>
                <marketingCarrier>DL</marketingCarrier>
                <operatingCarrier>DL</operatingCarrier>
              </companyId>
              <flightOrtrainNumber>2025</flightOrtrainNumber>
              <productDetail>
                <equipmentType>321</equipmentType>
              </productDetail>
              <addProductDetail>
                <electronicTicketing>Y</electronicTicketing>
                <productDetailQualifier>LCA</productDetailQualifier>
              </addProductDetail>
            </flightInformation>
          </flightDetails>
        </groupOfFlights>
        <groupOfFlights>
          <propFlightGrDetail>
            <flightProposal>
              <ref>6</ref>
            </flightProposal>
            <flightProposal>
              <ref>0801</ref>
              <unitQualifier>EFT</unitQualifier>
            </flightProposal>
            <flightProposal>
              <ref>DL</ref>
              <unitQualifier>MCX</unitQualifier>
            </flightProposal>
          </propFlightGrDetail>
          <flightDetails>
            <flightInformation>
              <productDateTime>
                <dateOfDeparture>290920</dateOfDeparture>
                <timeOfDeparture>1229</timeOfDeparture>
                <dateOfArrival>290920</dateOfArrival>
                <timeOfArrival>1432</timeOfArrival>
              </productDateTime>
              <location>
                <locationId>JFK</locationId>
                <terminal>4</terminal>
              </location>
              <location>
                <locationId>DTW</locationId>
                <terminal>EM</terminal>
              </location>
              <companyId>
                <marketingCarrier>DL</marketingCarrier>
              </companyId>
              <flightOrtrainNumber>4758</flightOrtrainNumber>
              <productDetail>
                <equipmentType>CR9</equipmentType>
              </productDetail>
              <addProductDetail>
                <electronicTicketing>Y</electronicTicketing>
                <productDetailQualifier>LCA</productDetailQualifier>
              </addProductDetail>
            </flightInformation>
            <commercialAgreement>
              <codeshareDetails>
                <codeShareType>S</codeShareType>
                <flightNumber>172</flightNumber>
              </codeshareDetails>
            </commercialAgreement>
          </flightDetails>
          <flightDetails>
            <flightInformation>
              <productDateTime>
                <dateOfDeparture>290920</dateOfDeparture>
                <timeOfDeparture>1740</timeOfDeparture>
                <dateOfArrival>290920</dateOfArrival>
                <timeOfArrival>2030</timeOfArrival>
              </productDateTime>
              <location>
                <locationId>DTW</locationId>
                <terminal>EM</terminal>
              </location>
              <location>
                <locationId>MIA</locationId>
              </location>
              <companyId>
                <marketingCarrier>DL</marketingCarrier>
                <operatingCarrier>DL</operatingCarrier>
              </companyId>
              <flightOrtrainNumber>3025</flightOrtrainNumber>
              <productDetail>
                <equipmentType>319</equipmentType>
              </productDetail>
              <addProductDetail>
                <electronicTicketing>Y</electronicTicketing>
                <productDetailQualifier>LCA</productDetailQualifier>
              </addProductDetail>
            </flightInformation>
          </flightDetails>
        </groupOfFlights>
      </flightIndex>
      <recommendation>
        <itemNumber>
          <itemNumberId>
            <number>1</number>
          </itemNumberId>
        </itemNumber>
        <recPriceInfo>
          <monetaryDetail>
            <amount>180.70</amount>
          </monetaryDetail>
          <monetaryDetail>
            <amount>24.70</amount>
          </monetaryDetail>
        </recPriceInfo>
        <segmentFlightRef>
          <referencingDetail>
            <refQualifier>S</refQualifier>
            <refNumber>1</refNumber>
          </referencingDetail>
          <referencingDetail>
            <refQualifier>S</refQualifier>
            <refNumber>1</refNumber>
          </referencingDetail>
          <referencingDetail>
            <refQualifier>B</refQualifier>
            <refNumber>1</refNumber>
          </referencingDetail>
        </segmentFlightRef>
        <segmentFlightRef>
          <referencingDetail>
            <refQualifier>S</refQualifier>
            <refNumber>1</refNumber>
          </referencingDetail>
          <referencingDetail>
            <refQualifier>S</refQualifier>
            <refNumber>2</refNumber>
          </referencingDetail>
          <referencingDetail>
            <refQualifier>B</refQualifier>
            <refNumber>1</refNumber>
          </referencingDetail>
        </segmentFlightRef>
        <segmentFlightRef>
          <referencingDetail>
            <refQualifier>S</refQualifier>
            <refNumber>1</refNumber>
          </referencingDetail>
          <referencingDetail>
            <refQualifier>S</refQualifier>
            <refNumber>3</refNumber>
          </referencingDetail>
          <referencingDetail>
            <refQualifier>B</refQualifier>
            <refNumber>1</refNumber>
          </referencingDetail>
        </segmentFlightRef>
        <segmentFlightRef>
          <referencingDetail>
            <refQualifier>S</refQualifier>
            <refNumber>1</refNumber>
          </referencingDetail>
          <referencingDetail>
            <refQualifier>S</refQualifier>
            <refNumber>4</refNumber>
          </referencingDetail>
          <referencingDetail>
            <refQualifier>B</refQualifier>
            <refNumber>1</refNumber>
          </referencingDetail>
        </segmentFlightRef>
        <segmentFlightRef>
          <referencingDetail>
            <refQualifier>S</refQualifier>
            <refNumber>2</refNumber>
          </referencingDetail>
          <referencingDetail>
            <refQualifier>S</refQualifier>
            <refNumber>1</refNumber>
          </referencingDetail>
          <referencingDetail>
            <refQualifier>B</refQualifier>
            <refNumber>1</refNumber>
          </referencingDetail>
        </segmentFlightRef>
        <segmentFlightRef>
          <referencingDetail>
            <refQualifier>S</refQualifier>
            <refNumber>2</refNumber>
          </referencingDetail>
          <referencingDetail>
            <refQualifier>S</refQualifier>
            <refNumber>2</refNumber>
          </referencingDetail>
          <referencingDetail>
            <refQualifier>B</refQualifier>
            <refNumber>1</refNumber>
          </referencingDetail>
        </segmentFlightRef>
        <segmentFlightRef>
          <referencingDetail>
            <refQualifier>S</refQualifier>
            <refNumber>2</refNumber>
          </referencingDetail>
          <referencingDetail>
            <refQualifier>S</refQualifier>
            <refNumber>3</refNumber>
          </referencingDetail>
          <referencingDetail>
            <refQualifier>B</refQualifier>
            <refNumber>1</refNumber>
          </referencingDetail>
        </segmentFlightRef>
        <segmentFlightRef>
          <referencingDetail>
            <refQualifier>S</refQualifier>
            <refNumber>2</refNumber>
          </referencingDetail>
          <referencingDetail>
            <refQualifier>S</refQualifier>
            <refNumber>4</refNumber>
          </referencingDetail>
          <referencingDetail>
            <refQualifier>B</refQualifier>
            <refNumber>1</refNumber>
          </referencingDetail>
        </segmentFlightRef>
        <paxFareProduct>
          <paxFareDetail>
            <paxFareNum>1</paxFareNum>
            <totalFareAmount>180.70</totalFareAmount>
            <totalTaxAmount>24.70</totalTaxAmount>
            <codeShareDetails>
              <transportStageQualifier>V</transportStageQualifier>
              <company>DL</company>
            </codeShareDetails>
            <codeShareDetails>
              <company>KL</company>
            </codeShareDetails>
            <pricingTicketing>
              <priceType>OBV</priceType>
            </pricingTicketing>
          </paxFareDetail>
          <paxReference>
            <ptc>ADT</ptc>
            <traveller>
              <ref>1</ref>
            </traveller>
          </paxReference>
          <fare>
            <pricingMessage>
              <freeTextQualification>
                <textSubjectQualifier>PEN</textSubjectQualifier>
                <informationType>70</informationType>
              </freeTextQualification>
              <description>TICKETS ARE NON-REFUNDABLE</description>
            </pricingMessage>
          </fare>
          <fare>
            <pricingMessage>
              <freeTextQualification>
                <textSubjectQualifier>LTD</textSubjectQualifier>
                <informationType>40</informationType>
              </freeTextQualification>
              <description>LAST TKT DTE</description>
              <description>19APR20</description>
              <description> - SEE ADV PURCHASE</description>
            </pricingMessage>
          </fare>
          <fareDetails>
            <segmentRef>
              <segRef>1</segRef>
            </segmentRef>
            <groupOfFares>
              <productInformation>
                <cabinProduct>
                  <rbd>E</rbd>
                  <cabin>M</cabin>
                  <avlStatus>9</avlStatus>
                </cabinProduct>
                <fareProductDetail>
                  <fareBasis>VAVNA0BQ</fareBasis>
                  <passengerType>ADT</passengerType>
                  <fareType>RP</fareType>
                </fareProductDetail>
                <breakPoint>N</breakPoint>
              </productInformation>
            </groupOfFares>
            <groupOfFares>
              <productInformation>
                <cabinProduct>
                  <rbd>E</rbd>
                  <cabin>M</cabin>
                  <avlStatus>9</avlStatus>
                </cabinProduct>
                <fareProductDetail>
                  <fareBasis>VAVNA0BQ</fareBasis>
                  <passengerType>ADT</passengerType>
                  <fareType>RP</fareType>
                </fareProductDetail>
                <breakPoint>Y</breakPoint>
              </productInformation>
            </groupOfFares>
            <majCabin>
              <bookingClassDetails>
                <designator>M</designator>
              </bookingClassDetails>
            </majCabin>
          </fareDetails>
          <fareDetails>
            <segmentRef>
              <segRef>2</segRef>
            </segmentRef>
            <groupOfFares>
              <productInformation>
                <cabinProduct>
                  <rbd>E</rbd>
                  <cabin>M</cabin>
                  <avlStatus>9</avlStatus>
                </cabinProduct>
                <fareProductDetail>
                  <fareBasis>VAVNA0BQ</fareBasis>
                  <passengerType>ADT</passengerType>
                  <fareType>RP</fareType>
                </fareProductDetail>
                <breakPoint>Y</breakPoint>
              </productInformation>
            </groupOfFares>
            <majCabin>
              <bookingClassDetails>
                <designator>M</designator>
              </bookingClassDetails>
            </majCabin>
          </fareDetails>
        </paxFareProduct>
      </recommendation>
      <recommendation>
        <itemNumber>
          <itemNumberId>
            <number>2</number>
          </itemNumberId>
        </itemNumber>
        <recPriceInfo>
          <monetaryDetail>
            <amount>185.20</amount>
          </monetaryDetail>
          <monetaryDetail>
            <amount>29.20</amount>
          </monetaryDetail>
        </recPriceInfo>
        <segmentFlightRef>
          <referencingDetail>
            <refQualifier>S</refQualifier>
            <refNumber>1</refNumber>
          </referencingDetail>
          <referencingDetail>
            <refQualifier>S</refQualifier>
            <refNumber>5</refNumber>
          </referencingDetail>
          <referencingDetail>
            <refQualifier>B</refQualifier>
            <refNumber>2</refNumber>
          </referencingDetail>
        </segmentFlightRef>
        <segmentFlightRef>
          <referencingDetail>
            <refQualifier>S</refQualifier>
            <refNumber>2</refNumber>
          </referencingDetail>
          <referencingDetail>
            <refQualifier>S</refQualifier>
            <refNumber>5</refNumber>
          </referencingDetail>
          <referencingDetail>
            <refQualifier>B</refQualifier>
            <refNumber>2</refNumber>
          </referencingDetail>
        </segmentFlightRef>
        <segmentFlightRef>
          <referencingDetail>
            <refQualifier>S</refQualifier>
            <refNumber>1</refNumber>
          </referencingDetail>
          <referencingDetail>
            <refQualifier>S</refQualifier>
            <refNumber>6</refNumber>
          </referencingDetail>
          <referencingDetail>
            <refQualifier>B</refQualifier>
            <refNumber>2</refNumber>
          </referencingDetail>
        </segmentFlightRef>
        <segmentFlightRef>
          <referencingDetail>
            <refQualifier>S</refQualifier>
            <refNumber>2</refNumber>
          </referencingDetail>
          <referencingDetail>
            <refQualifier>S</refQualifier>
            <refNumber>6</refNumber>
          </referencingDetail>
          <referencingDetail>
            <refQualifier>B</refQualifier>
            <refNumber>2</refNumber>
          </referencingDetail>
        </segmentFlightRef>
        <paxFareProduct>
          <paxFareDetail>
            <paxFareNum>1</paxFareNum>
            <totalFareAmount>185.20</totalFareAmount>
            <totalTaxAmount>29.20</totalTaxAmount>
            <codeShareDetails>
              <transportStageQualifier>V</transportStageQualifier>
              <company>DL</company>
            </codeShareDetails>
            <codeShareDetails>
              <company>KL</company>
            </codeShareDetails>
            <pricingTicketing>
              <priceType>OBV</priceType>
            </pricingTicketing>
          </paxFareDetail>
          <paxReference>
            <ptc>ADT</ptc>
            <traveller>
              <ref>1</ref>
            </traveller>
          </paxReference>
          <fare>
            <pricingMessage>
              <freeTextQualification>
                <textSubjectQualifier>PEN</textSubjectQualifier>
                <informationType>70</informationType>
              </freeTextQualification>
              <description>TICKETS ARE NON-REFUNDABLE</description>
            </pricingMessage>
          </fare>
          <fare>
            <pricingMessage>
              <freeTextQualification>
                <textSubjectQualifier>LTD</textSubjectQualifier>
                <informationType>40</informationType>
              </freeTextQualification>
              <description>LAST TKT DTE</description>
              <description>19APR20</description>
              <description> - SEE ADV PURCHASE</description>
            </pricingMessage>
          </fare>
          <fareDetails>
            <segmentRef>
              <segRef>1</segRef>
            </segmentRef>
            <groupOfFares>
              <productInformation>
                <cabinProduct>
                  <rbd>E</rbd>
                  <cabin>M</cabin>
                  <avlStatus>9</avlStatus>
                </cabinProduct>
                <fareProductDetail>
                  <fareBasis>VAVNA0BQ</fareBasis>
                  <passengerType>ADT</passengerType>
                  <fareType>RP</fareType>
                </fareProductDetail>
                <breakPoint>N</breakPoint>
              </productInformation>
            </groupOfFares>
            <groupOfFares>
              <productInformation>
                <cabinProduct>
                  <rbd>E</rbd>
                  <cabin>M</cabin>
                  <avlStatus>9</avlStatus>
                </cabinProduct>
                <fareProductDetail>
                  <fareBasis>VAVNA0BQ</fareBasis>
                  <passengerType>ADT</passengerType>
                  <fareType>RP</fareType>
                </fareProductDetail>
                <breakPoint>Y</breakPoint>
              </productInformation>
            </groupOfFares>
            <majCabin>
              <bookingClassDetails>
                <designator>M</designator>
              </bookingClassDetails>
            </majCabin>
          </fareDetails>
          <fareDetails>
            <segmentRef>
              <segRef>2</segRef>
            </segmentRef>
            <groupOfFares>
              <productInformation>
                <cabinProduct>
                  <rbd>E</rbd>
                  <cabin>M</cabin>
                  <avlStatus>9</avlStatus>
                </cabinProduct>
                <fareProductDetail>
                  <fareBasis>VAVNA0BQ</fareBasis>
                  <passengerType>ADT</passengerType>
                  <fareType>RP</fareType>
                </fareProductDetail>
                <breakPoint>N</breakPoint>
              </productInformation>
            </groupOfFares>
            <groupOfFares>
              <productInformation>
                <cabinProduct>
                  <rbd>E</rbd>
                  <cabin>M</cabin>
                  <avlStatus>9</avlStatus>
                </cabinProduct>
                <fareProductDetail>
                  <fareBasis>VAVNA0BQ</fareBasis>
                  <passengerType>ADT</passengerType>
                  <fareType>RP</fareType>
                </fareProductDetail>
                <breakPoint>Y</breakPoint>
              </productInformation>
            </groupOfFares>
            <majCabin>
              <bookingClassDetails>
                <designator>M</designator>
              </bookingClassDetails>
            </majCabin>
          </fareDetails>
        </paxFareProduct>
      </recommendation>
      <recommendation>
        <itemNumber>
          <itemNumberId>
            <number>3</number>
          </itemNumberId>
        </itemNumber>
        <recPriceInfo>
          <monetaryDetail>
            <amount>186.20</amount>
          </monetaryDetail>
          <monetaryDetail>
            <amount>20.20</amount>
          </monetaryDetail>
        </recPriceInfo>
        <segmentFlightRef>
          <referencingDetail>
            <refQualifier>S</refQualifier>
            <refNumber>3</refNumber>
          </referencingDetail>
          <referencingDetail>
            <refQualifier>S</refQualifier>
            <refNumber>1</refNumber>
          </referencingDetail>
          <referencingDetail>
            <refQualifier>B</refQualifier>
            <refNumber>3</refNumber>
          </referencingDetail>
        </segmentFlightRef>
        <segmentFlightRef>
          <referencingDetail>
            <refQualifier>S</refQualifier>
            <refNumber>3</refNumber>
          </referencingDetail>
          <referencingDetail>
            <refQualifier>S</refQualifier>
            <refNumber>2</refNumber>
          </referencingDetail>
          <referencingDetail>
            <refQualifier>B</refQualifier>
            <refNumber>3</refNumber>
          </referencingDetail>
        </segmentFlightRef>
        <segmentFlightRef>
          <referencingDetail>
            <refQualifier>S</refQualifier>
            <refNumber>3</refNumber>
          </referencingDetail>
          <referencingDetail>
            <refQualifier>S</refQualifier>
            <refNumber>3</refNumber>
          </referencingDetail>
          <referencingDetail>
            <refQualifier>B</refQualifier>
            <refNumber>3</refNumber>
          </referencingDetail>
        </segmentFlightRef>
        <segmentFlightRef>
          <referencingDetail>
            <refQualifier>S</refQualifier>
            <refNumber>3</refNumber>
          </referencingDetail>
          <referencingDetail>
            <refQualifier>S</refQualifier>
            <refNumber>4</refNumber>
          </referencingDetail>
          <referencingDetail>
            <refQualifier>B</refQualifier>
            <refNumber>3</refNumber>
          </referencingDetail>
        </segmentFlightRef>
        <paxFareProduct>
          <paxFareDetail>
            <paxFareNum>1</paxFareNum>
            <totalFareAmount>186.20</totalFareAmount>
            <totalTaxAmount>20.20</totalTaxAmount>
            <codeShareDetails>
              <transportStageQualifier>V</transportStageQualifier>
              <company>DL</company>
            </codeShareDetails>
            <codeShareDetails>
              <company>KL</company>
            </codeShareDetails>
            <pricingTicketing>
              <priceType>OBV</priceType>
            </pricingTicketing>
          </paxFareDetail>
          <paxReference>
            <ptc>ADT</ptc>
            <traveller>
              <ref>1</ref>
            </traveller>
          </paxReference>
          <fare>
            <pricingMessage>
              <freeTextQualification>
                <textSubjectQualifier>PEN</textSubjectQualifier>
                <informationType>70</informationType>
              </freeTextQualification>
              <description>TICKETS ARE NON-REFUNDABLE</description>
            </pricingMessage>
          </fare>
          <fare>
            <pricingMessage>
              <freeTextQualification>
                <textSubjectQualifier>LTD</textSubjectQualifier>
                <informationType>40</informationType>
              </freeTextQualification>
              <description>LAST TKT DTE</description>
              <description>19APR20</description>
              <description> - SEE ADV PURCHASE</description>
            </pricingMessage>
          </fare>
          <fareDetails>
            <segmentRef>
              <segRef>1</segRef>
            </segmentRef>
            <groupOfFares>
              <productInformation>
                <cabinProduct>
                  <rbd>E</rbd>
                  <cabin>M</cabin>
                  <avlStatus>9</avlStatus>
                </cabinProduct>
                <fareProductDetail>
                  <fareBasis>XAVQA0BQ</fareBasis>
                  <passengerType>ADT</passengerType>
                  <fareType>RP</fareType>
                </fareProductDetail>
                <breakPoint>Y</breakPoint>
              </productInformation>
            </groupOfFares>
            <majCabin>
              <bookingClassDetails>
                <designator>M</designator>
              </bookingClassDetails>
            </majCabin>
          </fareDetails>
          <fareDetails>
            <segmentRef>
              <segRef>2</segRef>
            </segmentRef>
            <groupOfFares>
              <productInformation>
                <cabinProduct>
                  <rbd>E</rbd>
                  <cabin>M</cabin>
                  <avlStatus>9</avlStatus>
                </cabinProduct>
                <fareProductDetail>
                  <fareBasis>VAVNA0BQ</fareBasis>
                  <passengerType>ADT</passengerType>
                  <fareType>RP</fareType>
                </fareProductDetail>
                <breakPoint>Y</breakPoint>
              </productInformation>
            </groupOfFares>
            <majCabin>
              <bookingClassDetails>
                <designator>M</designator>
              </bookingClassDetails>
            </majCabin>
          </fareDetails>
        </paxFareProduct>
      </recommendation>
      <recommendation>
        <itemNumber>
          <itemNumberId>
            <number>4</number>
          </itemNumberId>
        </itemNumber>
        <recPriceInfo>
          <monetaryDetail>
            <amount>190.70</amount>
          </monetaryDetail>
          <monetaryDetail>
            <amount>24.70</amount>
          </monetaryDetail>
        </recPriceInfo>
        <segmentFlightRef>
          <referencingDetail>
            <refQualifier>S</refQualifier>
            <refNumber>4</refNumber>
          </referencingDetail>
          <referencingDetail>
            <refQualifier>S</refQualifier>
            <refNumber>1</refNumber>
          </referencingDetail>
          <referencingDetail>
            <refQualifier>B</refQualifier>
            <refNumber>1</refNumber>
          </referencingDetail>
        </segmentFlightRef>
        <segmentFlightRef>
          <referencingDetail>
            <refQualifier>S</refQualifier>
            <refNumber>5</refNumber>
          </referencingDetail>
          <referencingDetail>
            <refQualifier>S</refQualifier>
            <refNumber>1</refNumber>
          </referencingDetail>
          <referencingDetail>
            <refQualifier>B</refQualifier>
            <refNumber>1</refNumber>
          </referencingDetail>
        </segmentFlightRef>
        <paxFareProduct>
          <paxFareDetail>
            <paxFareNum>1</paxFareNum>
            <totalFareAmount>190.70</totalFareAmount>
            <totalTaxAmount>24.70</totalTaxAmount>
            <codeShareDetails>
              <transportStageQualifier>V</transportStageQualifier>
              <company>DL</company>
            </codeShareDetails>
            <codeShareDetails>
              <company>KL</company>
            </codeShareDetails>
            <pricingTicketing>
              <priceType>OBV</priceType>
            </pricingTicketing>
          </paxFareDetail>
          <paxReference>
            <ptc>ADT</ptc>
            <traveller>
              <ref>1</ref>
            </traveller>
          </paxReference>
          <fare>
            <pricingMessage>
              <freeTextQualification>
                <textSubjectQualifier>PEN</textSubjectQualifier>
                <informationType>70</informationType>
              </freeTextQualification>
              <description>TICKETS ARE NON-REFUNDABLE</description>
            </pricingMessage>
          </fare>
          <fare>
            <pricingMessage>
              <freeTextQualification>
                <textSubjectQualifier>LTD</textSubjectQualifier>
                <informationType>40</informationType>
              </freeTextQualification>
              <description>LAST TKT DTE</description>
              <description>19APR20</description>
              <description> - SEE ADV PURCHASE</description>
            </pricingMessage>
          </fare>
          <fareDetails>
            <segmentRef>
              <segRef>1</segRef>
            </segmentRef>
            <groupOfFares>
              <productInformation>
                <cabinProduct>
                  <rbd>E</rbd>
                  <cabin>M</cabin>
                  <avlStatus>9</avlStatus>
                </cabinProduct>
                <fareProductDetail>
                  <fareBasis>XAVQA0BQ</fareBasis>
                  <passengerType>ADT</passengerType>
                  <fareType>RP</fareType>
                </fareProductDetail>
                <breakPoint>N</breakPoint>
              </productInformation>
            </groupOfFares>
            <groupOfFares>
              <productInformation>
                <cabinProduct>
                  <rbd>E</rbd>
                  <cabin>M</cabin>
                  <avlStatus>9</avlStatus>
                </cabinProduct>
                <fareProductDetail>
                  <fareBasis>XAVQA0BQ</fareBasis>
                  <passengerType>ADT</passengerType>
                  <fareType>RP</fareType>
                </fareProductDetail>
                <breakPoint>Y</breakPoint>
              </productInformation>
            </groupOfFares>
            <majCabin>
              <bookingClassDetails>
                <designator>M</designator>
              </bookingClassDetails>
            </majCabin>
          </fareDetails>
          <fareDetails>
            <segmentRef>
              <segRef>2</segRef>
            </segmentRef>
            <groupOfFares>
              <productInformation>
                <cabinProduct>
                  <rbd>E</rbd>
                  <cabin>M</cabin>
                  <avlStatus>9</avlStatus>
                </cabinProduct>
                <fareProductDetail>
                  <fareBasis>VAVNA0BQ</fareBasis>
                  <passengerType>ADT</passengerType>
                  <fareType>RP</fareType>
                </fareProductDetail>
                <breakPoint>Y</breakPoint>
              </productInformation>
            </groupOfFares>
            <majCabin>
              <bookingClassDetails>
                <designator>M</designator>
              </bookingClassDetails>
            </majCabin>
          </fareDetails>
        </paxFareProduct>
      </recommendation>
      <recommendation>
        <itemNumber>
          <itemNumberId>
            <number>5</number>
          </itemNumberId>
        </itemNumber>
        <recPriceInfo>
          <monetaryDetail>
            <amount>190.70</amount>
          </monetaryDetail>
          <monetaryDetail>
            <amount>24.70</amount>
          </monetaryDetail>
        </recPriceInfo>
        <segmentFlightRef>
          <referencingDetail>
            <refQualifier>S</refQualifier>
            <refNumber>3</refNumber>
          </referencingDetail>
          <referencingDetail>
            <refQualifier>S</refQualifier>
            <refNumber>5</refNumber>
          </referencingDetail>
          <referencingDetail>
            <refQualifier>B</refQualifier>
            <refNumber>4</refNumber>
          </referencingDetail>
        </segmentFlightRef>
        <segmentFlightRef>
          <referencingDetail>
            <refQualifier>S</refQualifier>
            <refNumber>3</refNumber>
          </referencingDetail>
          <referencingDetail>
            <refQualifier>S</refQualifier>
            <refNumber>6</refNumber>
          </referencingDetail>
          <referencingDetail>
            <refQualifier>B</refQualifier>
            <refNumber>4</refNumber>
          </referencingDetail>
        </segmentFlightRef>
        <paxFareProduct>
          <paxFareDetail>
            <paxFareNum>1</paxFareNum>
            <totalFareAmount>190.70</totalFareAmount>
            <totalTaxAmount>24.70</totalTaxAmount>
            <codeShareDetails>
              <transportStageQualifier>V</transportStageQualifier>
              <company>DL</company>
            </codeShareDetails>
            <codeShareDetails>
              <company>KL</company>
            </codeShareDetails>
            <pricingTicketing>
              <priceType>OBV</priceType>
            </pricingTicketing>
          </paxFareDetail>
          <paxReference>
            <ptc>ADT</ptc>
            <traveller>
              <ref>1</ref>
            </traveller>
          </paxReference>
          <fare>
            <pricingMessage>
              <freeTextQualification>
                <textSubjectQualifier>PEN</textSubjectQualifier>
                <informationType>70</informationType>
              </freeTextQualification>
              <description>TICKETS ARE NON-REFUNDABLE</description>
            </pricingMessage>
          </fare>
          <fare>
            <pricingMessage>
              <freeTextQualification>
                <textSubjectQualifier>LTD</textSubjectQualifier>
                <informationType>40</informationType>
              </freeTextQualification>
              <description>LAST TKT DTE</description>
              <description>19APR20</description>
              <description> - SEE ADV PURCHASE</description>
            </pricingMessage>
          </fare>
          <fareDetails>
            <segmentRef>
              <segRef>1</segRef>
            </segmentRef>
            <groupOfFares>
              <productInformation>
                <cabinProduct>
                  <rbd>E</rbd>
                  <cabin>M</cabin>
                  <avlStatus>9</avlStatus>
                </cabinProduct>
                <fareProductDetail>
                  <fareBasis>XAVQA0BQ</fareBasis>
                  <passengerType>ADT</passengerType>
                  <fareType>RP</fareType>
                </fareProductDetail>
                <breakPoint>Y</breakPoint>
              </productInformation>
            </groupOfFares>
            <majCabin>
              <bookingClassDetails>
                <designator>M</designator>
              </bookingClassDetails>
            </majCabin>
          </fareDetails>
          <fareDetails>
            <segmentRef>
              <segRef>2</segRef>
            </segmentRef>
            <groupOfFares>
              <productInformation>
                <cabinProduct>
                  <rbd>E</rbd>
                  <cabin>M</cabin>
                  <avlStatus>9</avlStatus>
                </cabinProduct>
                <fareProductDetail>
                  <fareBasis>VAVNA0BQ</fareBasis>
                  <passengerType>ADT</passengerType>
                  <fareType>RP</fareType>
                </fareProductDetail>
                <breakPoint>N</breakPoint>
              </productInformation>
            </groupOfFares>
            <groupOfFares>
              <productInformation>
                <cabinProduct>
                  <rbd>E</rbd>
                  <cabin>M</cabin>
                  <avlStatus>9</avlStatus>
                </cabinProduct>
                <fareProductDetail>
                  <fareBasis>VAVNA0BQ</fareBasis>
                  <passengerType>ADT</passengerType>
                  <fareType>RP</fareType>
                </fareProductDetail>
                <breakPoint>Y</breakPoint>
              </productInformation>
            </groupOfFares>
            <majCabin>
              <bookingClassDetails>
                <designator>M</designator>
              </bookingClassDetails>
            </majCabin>
          </fareDetails>
        </paxFareProduct>
      </recommendation>
      <serviceFeesGrp>
        <serviceTypeInfo>
          <carrierFeeDetails>
            <type>FBA</type>
          </carrierFeeDetails>
        </serviceTypeInfo>
        <serviceCoverageInfoGrp>
          <itemNumberInfo>
            <itemNumber>
              <number>1</number>
            </itemNumber>
          </itemNumberInfo>
          <serviceCovInfoGrp>
            <paxRefInfo>
              <travellerDetails>
                <referenceNumber>1</referenceNumber>
              </travellerDetails>
            </paxRefInfo>
            <coveragePerFlightsInfo>
              <numberOfItemsDetails>
                <referenceQualifier>RS</referenceQualifier>
                <refNum>1</refNum>
              </numberOfItemsDetails>
              <lastItemsDetails>
                <refOfLeg>1</refOfLeg>
              </lastItemsDetails>
              <lastItemsDetails>
                <refOfLeg>2</refOfLeg>
              </lastItemsDetails>
            </coveragePerFlightsInfo>
            <coveragePerFlightsInfo>
              <numberOfItemsDetails>
                <referenceQualifier>RS</referenceQualifier>
                <refNum>2</refNum>
              </numberOfItemsDetails>
              <lastItemsDetails>
                <refOfLeg>1</refOfLeg>
              </lastItemsDetails>
            </coveragePerFlightsInfo>
            <refInfo>
              <referencingDetail>
                <refQualifier>F</refQualifier>
                <refNumber>1</refNumber>
              </referencingDetail>
            </refInfo>
          </serviceCovInfoGrp>
        </serviceCoverageInfoGrp>
        <serviceCoverageInfoGrp>
          <itemNumberInfo>
            <itemNumber>
              <number>2</number>
            </itemNumber>
          </itemNumberInfo>
          <serviceCovInfoGrp>
            <paxRefInfo>
              <travellerDetails>
                <referenceNumber>1</referenceNumber>
              </travellerDetails>
            </paxRefInfo>
            <coveragePerFlightsInfo>
              <numberOfItemsDetails>
                <referenceQualifier>RS</referenceQualifier>
                <refNum>1</refNum>
              </numberOfItemsDetails>
              <lastItemsDetails>
                <refOfLeg>1</refOfLeg>
              </lastItemsDetails>
              <lastItemsDetails>
                <refOfLeg>2</refOfLeg>
              </lastItemsDetails>
            </coveragePerFlightsInfo>
            <coveragePerFlightsInfo>
              <numberOfItemsDetails>
                <referenceQualifier>RS</referenceQualifier>
                <refNum>2</refNum>
              </numberOfItemsDetails>
              <lastItemsDetails>
                <refOfLeg>1</refOfLeg>
              </lastItemsDetails>
              <lastItemsDetails>
                <refOfLeg>2</refOfLeg>
              </lastItemsDetails>
            </coveragePerFlightsInfo>
            <refInfo>
              <referencingDetail>
                <refQualifier>F</refQualifier>
                <refNumber>1</refNumber>
              </referencingDetail>
            </refInfo>
          </serviceCovInfoGrp>
        </serviceCoverageInfoGrp>
        <serviceCoverageInfoGrp>
          <itemNumberInfo>
            <itemNumber>
              <number>3</number>
            </itemNumber>
          </itemNumberInfo>
          <serviceCovInfoGrp>
            <paxRefInfo>
              <travellerDetails>
                <referenceNumber>1</referenceNumber>
              </travellerDetails>
            </paxRefInfo>
            <coveragePerFlightsInfo>
              <numberOfItemsDetails>
                <referenceQualifier>RS</referenceQualifier>
                <refNum>1</refNum>
              </numberOfItemsDetails>
              <lastItemsDetails>
                <refOfLeg>1</refOfLeg>
              </lastItemsDetails>
            </coveragePerFlightsInfo>
            <coveragePerFlightsInfo>
              <numberOfItemsDetails>
                <referenceQualifier>RS</referenceQualifier>
                <refNum>2</refNum>
              </numberOfItemsDetails>
              <lastItemsDetails>
                <refOfLeg>1</refOfLeg>
              </lastItemsDetails>
            </coveragePerFlightsInfo>
            <refInfo>
              <referencingDetail>
                <refQualifier>F</refQualifier>
                <refNumber>1</refNumber>
              </referencingDetail>
            </refInfo>
          </serviceCovInfoGrp>
        </serviceCoverageInfoGrp>
        <serviceCoverageInfoGrp>
          <itemNumberInfo>
            <itemNumber>
              <number>4</number>
            </itemNumber>
          </itemNumberInfo>
          <serviceCovInfoGrp>
            <paxRefInfo>
              <travellerDetails>
                <referenceNumber>1</referenceNumber>
              </travellerDetails>
            </paxRefInfo>
            <coveragePerFlightsInfo>
              <numberOfItemsDetails>
                <referenceQualifier>RS</referenceQualifier>
                <refNum>1</refNum>
              </numberOfItemsDetails>
              <lastItemsDetails>
                <refOfLeg>1</refOfLeg>
              </lastItemsDetails>
            </coveragePerFlightsInfo>
            <coveragePerFlightsInfo>
              <numberOfItemsDetails>
                <referenceQualifier>RS</referenceQualifier>
                <refNum>2</refNum>
              </numberOfItemsDetails>
              <lastItemsDetails>
                <refOfLeg>1</refOfLeg>
              </lastItemsDetails>
              <lastItemsDetails>
                <refOfLeg>2</refOfLeg>
              </lastItemsDetails>
            </coveragePerFlightsInfo>
            <refInfo>
              <referencingDetail>
                <refQualifier>F</refQualifier>
                <refNumber>1</refNumber>
              </referencingDetail>
            </refInfo>
          </serviceCovInfoGrp>
        </serviceCoverageInfoGrp>
        <globalMessageMarker/>
        <freeBagAllowanceGrp>
          <freeBagAllownceInfo>
            <baggageDetails>
              <freeAllowance>0</freeAllowance>
              <quantityCode>N</quantityCode>
            </baggageDetails>
          </freeBagAllownceInfo>
          <itemNumberInfo>
            <itemNumberDetails>
              <number>1</number>
            </itemNumberDetails>
          </itemNumberInfo>
        </freeBagAllowanceGrp>
      </serviceFeesGrp>
    </Fare_MasterPricerTravelBoardSearchReply>
  </soapenv:Body>
</soapenv:Envelope>
