<?xml version="1.0" encoding="UTF-8"?>
<soapenv:Envelope xmlns:soapenv="http://schemas.xmlsoap.org/soap/envelope/" xmlns:awsse="http://xml.amadeus.com/2010/06/Session_v3" xmlns:wsa="http://www.w3.org/2005/08/addressing">
  <soapenv:Header>
    <wsa:To>http://www.w3.org/2005/08/addressing/anonymous</wsa:To>
    <wsa:From>
      <wsa:Address>https://nodeD1.test.webservices.amadeus.com/1ASIWIBESXI</wsa:Address>
    </wsa:From>
    <wsa:Action>http://webservices.amadeus.com/FMPTBQ_17_4_1A</wsa:Action>
    <wsa:MessageID>urn:uuid:a09fa683-e94b-e314-29d7-67c6942df8ca</wsa:MessageID>
    <wsa:RelatesTo RelationshipType="http://www.w3.org/2005/08/addressing/reply">80fa29ea-3f89-d845-4eab-2083230ec5ff</wsa:RelatesTo>
    <awsse:Session TransactionStatusCode="End">
      <awsse:SessionId>00QUSSNPWW</awsse:SessionId>
      <awsse:SequenceNumber>1</awsse:SequenceNumber>
      <awsse:SecurityToken>33YUGSVJWEG441J0ZFMAPNKGLE</awsse:SecurityToken>
    </awsse:Session>
  </soapenv:Header>
  <soapenv:Body>
    <Fare_MasterPricerTravelBoardSearchReply xmlns="http://xml.amadeus.com/FMPTBR_17_4_1A">
      <replyStatus>
        <status>
          <advisoryTypeInfo>FQX</advisoryTypeInfo>
        </status>
      </replyStatus>
      <conversionRate>
        <conversionRateDetail>
          <currency>USD</currency>
        </conversionRateDetail>
      </conversionRate>
      <flightIndex>
        <requestedSegmentRef>
          <segRef>1</segRef>
        </requestedSegmentRef>
        <groupOfFlights>
          <propFlightGrDetail>
            <flightProposal>
              <ref>1</ref>
            </flightProposal>
            <flightProposal>
              <ref>2400</ref>
              <unitQualifier>EFT</unitQualifier>
            </flightProposal>
            <flightProposal>
              <ref>CX</ref>
              <unitQualifier>MCX</unitQualifier>
            </flightProposal>
          </propFlightGrDetail>
          <flightDetails>
            <flightInformation>
              <productDateTime>
                <dateOfDeparture>151020</dateOfDeparture>
                <timeOfDeparture>2240</timeOfDeparture>
                <dateOfArrival>161020</dateOfArrival>
                <timeOfArrival>0650</timeOfArrival>
                <dateVariation>1</dateVariation>
              </productDateTime>
              <location>
                <locationId>DEL</locationId>
                <terminal>3</terminal>
              </location>
              <location>
                <locationId>HKG</locationId>
                <terminal>1</terminal>
              </location>
              <companyId>
                <marketingCarrier>CX</marketingCarrier>
                <operatingCarrier>CX</operatingCarrier>
              </companyId>
              <flightOrtrainNumber>698</flightOrtrainNumber>
              <productDetail>
                <equipmentType>77W</equipmentType>
              </productDetail>
              <addProductDetail>
                <electronicTicketing>Y</electronicTicketing>
                <productDetailQualifier>AIP</productDetailQualifier>
              </addProductDetail>
            </flightInformation>
          </flightDetails>
          <flightDetails>
            <flightInformation>
              <productDateTime>
                <dateOfDeparture>161020</dateOfDeparture>
                <timeOfDeparture>0905</timeOfDeparture>
                <dateOfArrival>161020</dateOfArrival>
                <timeOfArrival>1310</timeOfArrival>
              </productDateTime>
              <location>
                <locationId>HKG</locationId>
                <terminal>1</terminal>
              </location>
              <location>
                <locationId>JFK</locationId>
                <terminal>8</terminal>
              </location>
              <companyId>
                <marketingCarrier>CX</marketingCarrier>
                <operatingCarrier>CX</operatingCarrier>
              </companyId>
              <flightOrtrainNumber>830</flightOrtrainNumber>
              <productDetail>
                <equipmentType>77W</equipmentType>
              </productDetail>
              <addProductDetail>
                <electronicTicketing>Y</electronicTicketing>
                <productDetailQualifier>AIP</productDetailQualifier>
              </addProductDetail>
            </flightInformation>
          </flightDetails>
        </groupOfFlights>
        <groupOfFlights>
          <propFlightGrDetail>
            <flightProposal>
              <ref>2</ref>
            </flightProposal>
            <flightProposal>
              <ref>1520</ref>
              <unitQualifier>EFT</unitQualifier>
            </flightProposal>
            <flightProposal>
              <ref>AI</ref>
              <unitQualifier>MCX</unitQualifier>
            </flightProposal>
          </propFlightGrDetail>
          <flightDetails>
            <flightInformation>
              <productDateTime>
                <dateOfDeparture>151020</dateOfDeparture>
                <timeOfDeparture>0145</timeOfDeparture>
                <dateOfArrival>151020</dateOfArrival>
                <timeOfArrival>0735</timeOfArrival>
              </productDateTime>
              <location>
                <locationId>DEL</locationId>
                <terminal>3</terminal>
              </location>
              <location>
                <locationId>JFK</locationId>
                <terminal>4</terminal>
              </location>
              <companyId>
                <marketingCarrier>AI</marketingCarrier>
                <operatingCarrier>AI</operatingCarrier>
              </companyId>
              <flightOrtrainNumber>101</flightOrtrainNumber>
              <productDetail>
                <equipmentType>77W</equipmentType>
              </productDetail>
              <addProductDetail>
                <electronicTicketing>Y</electronicTicketing>
                <productDetailQualifier>AVR</productDetailQualifier>
              </addProductDetail>
            </flightInformation>
          </flightDetails>
        </groupOfFlights>
      </flightIndex>
      <flightIndex>
        <requestedSegmentRef>
          <segRef>2</segRef>
        </requestedSegmentRef>
        <groupOfFlights>
          <propFlightGrDetail>
            <flightProposal>
              <ref>1</ref>
            </flightProposal>
            <flightProposal>
              <ref>2405</ref>
              <unitQualifier>EFT</unitQualifier>
            </flightProposal>
            <flightProposal>
              <ref>CX</ref>
              <unitQualifier>MCX</unitQualifier>
            </flightProposal>
          </propFlightGrDetail>
          <flightDetails>
            <flightInformation>
              <productDateTime>
                <dateOfDeparture>271120</dateOfDeparture>
                <timeOfDeparture>1350</timeOfDeparture>
                <dateOfArrival>281120</dateOfArrival>
                <timeOfArrival>1905</timeOfArrival>
                <dateVariation>1</dateVariation>
              </productDateTime>
              <location>
                <locationId>JFK</locationId>
                <terminal>8</terminal>
              </location>
              <location>
                <locationId>HKG</locationId>
                <terminal>1</terminal>
              </location>
              <companyId>
                <marketingCarrier>CX</marketingCarrier>
                <operatingCarrier>CX</operatingCarrier>
              </companyId>
              <flightOrtrainNumber>831</flightOrtrainNumber>
              <productDetail>
                <equipmentType>77W</equipmentType>
              </productDetail>
              <addProductDetail>
                <electronicTicketing>Y</electronicTicketing>
                <productDetailQualifier>AIP</productDetailQualifier>
              </addProductDetail>
            </flightInformation>
          </flightDetails>
          <flightDetails>
            <flightInformation>
              <productDateTime>
                <dateOfDeparture>281120</dateOfDeparture>
                <timeOfDeparture>2015</timeOfDeparture>
                <dateOfArrival>291120</dateOfArrival>
                <timeOfArrival>0025</timeOfArrival>
                <dateVariation>1</dateVariation>
              </productDateTime>
              <location>
                <locationId>HKG</locationId>
                <terminal>1</terminal>
              </location>
              <location>
                <locationId>DEL</locationId>
                <terminal>3</terminal>
              </location>
              <companyId>
                <marketingCarrier>CX</marketingCarrier>
                <operatingCarrier>CX</operatingCarrier>
              </companyId>
              <flightOrtrainNumber>679</flightOrtrainNumber>
              <productDetail>
                <equipmentType>333</equipmentType>
              </productDetail>
              <addProductDetail>
                <electronicTicketing>Y</electronicTicketing>
                <productDetailQualifier>AIP</productDetailQualifier>
              </addProductDetail>
            </flightInformation>
          </flightDetails>
        </groupOfFlights>
        <groupOfFlights>
          <propFlightGrDetail>
            <flightProposal>
              <ref>2</ref>
            </flightProposal>
            <flightProposal>
              <ref>1400</ref>
              <unitQualifier>EFT</unitQualifier>
            </flightProposal>
            <flightProposal>
              <ref>AI</ref>
              <unitQualifier>MCX</unitQualifier>
            </flightProposal>
          </propFlightGrDetail>
          <flightDetails>
            <flightInformation>
              <productDateTime>
                <dateOfDeparture>271120</dateOfDeparture>
                <timeOfDeparture>1230</timeOfDeparture>
                <dateOfArrival>281120</dateOfArrival>
                <timeOfArrival>1200</timeOfArrival>
                <dateVariation>1</dateVariation>
              </productDateTime>
              <location>
                <locationId>JFK</locationId>
                <terminal>4</terminal>
              </location>
              <location>
                <locationId>DEL</locationId>
                <terminal>3</terminal>
              </location>
              <companyId>
                <marketingCarrier>AI</marketingCarrier>
                <operatingCarrier>AI</operatingCarrier>
              </companyId>
              <flightOrtrainNumber>102</flightOrtrainNumber>
              <productDetail>
                <equipmentType>77W</equipmentType>
              </productDetail>
              <addProductDetail>
                <electronicTicketing>Y</electronicTicketing>
                <productDetailQualifier>AVR</productDetailQualifier>
              </addProductDetail>
            </flightInformation>
          </flightDetails>
        </groupOfFlights>
      </flightIndex>
      <recommendation>
        <itemNumber>
          <itemNumberId>
            <number>1</number>
          </itemNumberId>
        </itemNumber>
        <recPriceInfo>
          <monetaryDetail>
            <amount>1360.10</amount>
          </monetaryDetail>
          <monetaryDetail>
            <amount>616.10</amount>
          </monetaryDetail>
        </recPriceInfo>
        <segmentFlightRef>
          <referencingDetail>
            <refQualifier>S</refQualifier>
            <refNumber>1</refNumber>
          </referencingDetail>
          <referencingDetail>
            <refQualifier>S</refQualifier>
            <refNumber>1</refNumber>
          </referencingDetail>
          <referencingDetail>
            <refQualifier>B</refQualifier>
            <refNumber>1</refNumber>
          </referencingDetail>
        </segmentFlightRef>
        <paxFareProduct>
          <paxFareDetail>
            <paxFareNum>1</paxFareNum>
            <totalFareAmount>735.70</totalFareAmount>
            <totalTaxAmount>310.70</totalTaxAmount>
            <codeShareDetails>
              <transportStageQualifier>V</transportStageQualifier>
              <company>CX</company>
            </codeShareDetails>
            <pricingTicketing>
              <priceType>OBF</priceType>
              <priceType>OBA</priceType>
              <priceType>OBV</priceType>
            </pricingTicketing>
          </paxFareDetail>
          <paxReference>
            <ptc>ADT</ptc>
            <traveller>
              <ref>1</ref>
            </traveller>
          </paxReference>
          <fare>
            <pricingMessage>
              <freeTextQualification>
                <textSubjectQualifier>PEN</textSubjectQualifier>
                <informationType>73</informationType>
              </freeTextQualification>
              <description>PENALTY APPLIES</description>
            </pricingMessage>
            <monetaryInformation>
              <monetaryDetail>
                <amountType>MT</amountType>
                <amount>126.00</amount>
                <currency>USD</currency>
              </monetaryDetail>
            </monetaryInformation>
          </fare>
          <fare>
            <pricingMessage>
              <freeTextQualification>
                <textSubjectQualifier>LTD</textSubjectQualifier>
                <informationType>40</informationType>
              </freeTextQualification>
              <description>LAST TKT DTE</description>
              <description>12OCT20</description>
              <description> - SEE ADV PURCHASE</description>
            </pricingMessage>
          </fare>
          <fareDetails>
            <segmentRef>
              <segRef>1</segRef>
            </segmentRef>
            <groupOfFares>
              <productInformation>
                <cabinProduct>
                  <rbd>Q</rbd>
                  <cabin>M</cabin>
                  <avlStatus>9</avlStatus>
                </cabinProduct>
                <fareProductDetail>
                  <fareBasis>QAARRDL8</fareBasis>
                  <passengerType>ADT</passengerType>
                  <fareType>RP</fareType>
                </fareProductDetail>
                <breakPoint>N</breakPoint>
              </productInformation>
            </groupOfFares>
            <groupOfFares>
              <productInformation>
                <cabinProduct>
                  <rbd>Q</rbd>
                  <cabin>M</cabin>
                  <avlStatus>9</avlStatus>
                </cabinProduct>
                <fareProductDetail>
                  <fareBasis>QAARRDL8</fareBasis>
                  <passengerType>ADT</passengerType>
                  <fareType>RP</fareType>
                </fareProductDetail>
                <breakPoint>Y</breakPoint>
              </productInformation>
            </groupOfFares>
            <majCabin>
              <bookingClassDetails>
                <designator>M</designator>
              </bookingClassDetails>
            </majCabin>
          </fareDetails>
          <fareDetails>
            <segmentRef>
              <segRef>2</segRef>
            </segmentRef>
            <groupOfFares>
              <productInformation>
                <cabinProduct>
                  <rbd>Q</rbd>
                  <cabin>M</cabin>
                  <avlStatus>9</avlStatus>
                </cabinProduct>
                <fareProductDetail>
                  <fareBasis>QAARRDL8</fareBasis>
                  <passengerType>ADT</passengerType>
                  <fareType>RP</fareType>
                </fareProductDetail>
                <breakPoint>N</breakPoint>
              </productInformation>
            </groupOfFares>
            <groupOfFares>
              <productInformation>
                <cabinProduct>
                  <rbd>Q</rbd>
                  <cabin>M</cabin>
                  <avlStatus>9</avlStatus>
                </cabinProduct>
                <fareProductDetail>
                  <fareBasis>QAARRDL8</fareBasis>
                  <passengerType>ADT</passengerType>
                  <fareType>RP</fareType>
                </fareProductDetail>
                <breakPoint>Y</breakPoint>
              </productInformation>
            </groupOfFares>
            <majCabin>
              <bookingClassDetails>
                <designator>M</designator>
              </bookingClassDetails>
            </majCabin>
          </fareDetails>
        </paxFareProduct>
        <paxFareProduct>
          <paxFareDetail>
            <paxFareNum>2</paxFareNum>
            <totalFareAmount>624.40</totalFareAmount>
            <totalTaxAmount>305.40</totalTaxAmount>
            <codeShareDetails>
              <transportStageQualifier>V</transportStageQualifier>
              <company>CX</company>
            </codeShareDetails>
            <pricingTicketing>
              <priceType>OBF</priceType>
              <priceType>OBA</priceType>
              <priceType>OBV</priceType>
            </pricingTicketing>
          </paxFareDetail>
          <paxReference>
            <ptc>CNN</ptc>
            <traveller>
              <ref>2</ref>
            </traveller>
          </paxReference>
          <fare>
            <pricingMessage>
              <freeTextQualification>
                <textSubjectQualifier>PEN</textSubjectQualifier>
                <informationType>73</informationType>
              </freeTextQualification>
              <description>PENALTY APPLIES</description>
            </pricingMessage>
            <monetaryInformation>
              <monetaryDetail>
                <amountType>MT</amountType>
                <amount>126.00</amount>
                <currency>USD</currency>
              </monetaryDetail>
            </monetaryInformation>
          </fare>
          <fare>
            <pricingMessage>
              <freeTextQualification>
                <textSubjectQualifier>LTD</textSubjectQualifier>
                <informationType>40</informationType>
              </freeTextQualification>
              <description>LAST TKT DTE</description>
              <description>12OCT20</description>
              <description> - SEE ADV PURCHASE</description>
            </pricingMessage>
          </fare>
          <fareDetails>
            <segmentRef>
              <segRef>1</segRef>
            </segmentRef>
            <groupOfFares>
              <productInformation>
                <cabinProduct>
                  <rbd>Q</rbd>
                  <cabin>M</cabin>
                  <avlStatus>9</avlStatus>
                </cabinProduct>
                <fareProductDetail>
                  <fareBasis>QAARRDL8</fareBasis>
                  <passengerType>CNN</passengerType>
                  <fareType>RP</fareType>
                </fareProductDetail>
                <breakPoint>N</breakPoint>
              </productInformation>
              <ticketInfos>
                <additionalFareDetails>
                  <ticketDesignator>CH25</ticketDesignator>
                </additionalFareDetails>
              </ticketInfos>
            </groupOfFares>
            <groupOfFares>
              <productInformation>
                <cabinProduct>
                  <rbd>Q</rbd>
                  <cabin>M</cabin>
                  <avlStatus>9</avlStatus>
                </cabinProduct>
                <fareProductDetail>
                  <fareBasis>QAARRDL8</fareBasis>
                  <passengerType>CNN</passengerType>
                  <fareType>RP</fareType>
                </fareProductDetail>
                <breakPoint>Y</breakPoint>
              </productInformation>
              <ticketInfos>
                <additionalFareDetails>
                  <ticketDesignator>CH25</ticketDesignator>
                </additionalFareDetails>
              </ticketInfos>
            </groupOfFares>
            <majCabin>
              <bookingClassDetails>
                <designator>M</designator>
              </bookingClassDetails>
            </majCabin>
          </fareDetails>
          <fareDetails>
            <segmentRef>
              <segRef>2</segRef>
            </segmentRef>
            <groupOfFares>
              <productInformation>
                <cabinProduct>
                  <rbd>Q</rbd>
                  <cabin>M</cabin>
                  <avlStatus>9</avlStatus>
                </cabinProduct>
                <fareProductDetail>
                  <fareBasis>QAARRDL8</fareBasis>
                  <passengerType>CNN</passengerType>
                  <fareType>RP</fareType>
                </fareProductDetail>
                <breakPoint>N</breakPoint>
              </productInformation>
              <ticketInfos>
                <additionalFareDetails>
                  <ticketDesignator>CH25</ticketDesignator>
                </additionalFareDetails>
              </ticketInfos>
            </groupOfFares>
            <groupOfFares>
              <productInformation>
                <cabinProduct>
                  <rbd>Q</rbd>
                  <cabin>M</cabin>
                  <avlStatus>9</avlStatus>
                </cabinProduct>
                <fareProductDetail>
                  <fareBasis>QAARRDL8</fareBasis>
                  <passengerType>CNN</passengerType>
                  <fareType>RP</fareType>
                </fareProductDetail>
                <breakPoint>Y</breakPoint>
              </productInformation>
              <ticketInfos>
                <additionalFareDetails>
                  <ticketDesignator>CH25</ticketDesignator>
                </additionalFareDetails>
              </ticketInfos>
            </groupOfFares>
            <majCabin>
              <bookingClassDetails>
                <designator>M</designator>
              </bookingClassDetails>
            </majCabin>
          </fareDetails>
        </paxFareProduct>
      </recommendation>
      <recommendation>
        <itemNumber>
          <itemNumberId>
            <number>2</number>
          </itemNumberId>
        </itemNumber>
        <recPriceInfo>
          <monetaryDetail>
            <amount>1877.88</amount>
          </monetaryDetail>
          <monetaryDetail>
            <amount>1561.88</amount>
          </monetaryDetail>
        </recPriceInfo>
        <segmentFlightRef>
          <referencingDetail>
            <refQualifier>S</refQualifier>
            <refNumber>2</refNumber>
          </referencingDetail>
          <referencingDetail>
            <refQualifier>S</refQualifier>
            <refNumber>2</refNumber>
          </referencingDetail>
          <referencingDetail>
            <refQualifier>B</refQualifier>
            <refNumber>2</refNumber>
          </referencingDetail>
        </segmentFlightRef>
        <paxFareProduct>
          <paxFareDetail>
            <paxFareNum>1</paxFareNum>
            <totalFareAmount>953.64</totalFareAmount>
            <totalTaxAmount>781.64</totalTaxAmount>
            <codeShareDetails>
              <transportStageQualifier>V</transportStageQualifier>
              <company>AI</company>
            </codeShareDetails>
          </paxFareDetail>
          <paxReference>
            <ptc>ADT</ptc>
            <traveller>
              <ref>1</ref>
            </traveller>
          </paxReference>
          <fare>
            <pricingMessage>
              <freeTextQualification>
                <textSubjectQualifier>PEN</textSubjectQualifier>
                <informationType>70</informationType>
              </freeTextQualification>
              <description>TICKETS ARE NON-REFUNDABLE</description>
            </pricingMessage>
          </fare>
          <fare>
            <pricingMessage>
              <freeTextQualification>
                <textSubjectQualifier>LTD</textSubjectQualifier>
                <informationType>41</informationType>
              </freeTextQualification>
              <description>LAST TKT DTE</description>
              <description>15OCT20</description>
              <description> - DATE OF ORIGIN</description>
            </pricingMessage>
          </fare>
          <fareDetails>
            <segmentRef>
              <segRef>1</segRef>
            </segmentRef>
            <groupOfFares>
              <productInformation>
                <cabinProduct>
                  <rbd>S</rbd>
                  <cabin>M</cabin>
                  <avlStatus>9</avlStatus>
                </cabinProduct>
                <fareProductDetail>
                  <fareBasis>SL6MIJFK</fareBasis>
                  <passengerType>ADT</passengerType>
                  <fareType>RP</fareType>
                </fareProductDetail>
                <breakPoint>Y</breakPoint>
              </productInformation>
            </groupOfFares>
            <majCabin>
              <bookingClassDetails>
                <designator>M</designator>
              </bookingClassDetails>
            </majCabin>
          </fareDetails>
          <fareDetails>
            <segmentRef>
              <segRef>2</segRef>
            </segmentRef>
            <groupOfFares>
              <productInformation>
                <cabinProduct>
                  <rbd>S</rbd>
                  <cabin>M</cabin>
                  <avlStatus>9</avlStatus>
                </cabinProduct>
                <fareProductDetail>
                  <fareBasis>SL6MIJFK</fareBasis>
                  <passengerType>ADT</passengerType>
                  <fareType>RP</fareType>
                </fareProductDetail>
                <breakPoint>Y</breakPoint>
              </productInformation>
            </groupOfFares>
            <majCabin>
              <bookingClassDetails>
                <designator>M</designator>
              </bookingClassDetails>
            </majCabin>
          </fareDetails>
        </paxFareProduct>
        <paxFareProduct>
          <paxFareDetail>
            <paxFareNum>2</paxFareNum>
            <totalFareAmount>924.24</totalFareAmount>
            <totalTaxAmount>780.24</totalTaxAmount>
            <codeShareDetails>
              <transportStageQualifier>V</transportStageQualifier>
              <company>AI</company>
            </codeShareDetails>
          </paxFareDetail>
          <paxReference>
            <ptc>CNN</ptc>
            <traveller>
              <ref>2</ref>
            </traveller>
          </paxReference>
          <fare>
            <pricingMessage>
              <freeTextQualification>
                <textSubjectQualifier>PEN</textSubjectQualifier>
                <informationType>70</informationType>
              </freeTextQualification>
              <description>TICKETS ARE NON-REFUNDABLE</description>
            </pricingMessage>
          </fare>
          <fare>
            <pricingMessage>
              <freeTextQualification>
                <textSubjectQualifier>LTD</textSubjectQualifier>
                <informationType>41</informationType>
              </freeTextQualification>
              <description>LAST TKT DTE</description>
              <description>15OCT20</description>
              <description> - DATE OF ORIGIN</description>
            </pricingMessage>
          </fare>
          <fareDetails>
            <segmentRef>
              <segRef>1</segRef>
            </segmentRef>
            <groupOfFares>
              <productInformation>
                <cabinProduct>
                  <rbd>S</rbd>
                  <cabin>M</cabin>
                  <avlStatus>9</avlStatus>
                </cabinProduct>
                <fareProductDetail>
                  <fareBasis>SL6MIJFK</fareBasis>
                  <passengerType>CNN</passengerType>
                  <fareType>RP</fareType>
                </fareProductDetail>
                <breakPoint>Y</breakPoint>
              </productInformation>
              <ticketInfos>
                <additionalFareDetails>
                  <ticketDesignator>CH25</ticketDesignator>
                </additionalFareDetails>
              </ticketInfos>
            </groupOfFares>
            <majCabin>
              <bookingClassDetails>
                <designator>M</designator>
              </bookingClassDetails>
            </majCabin>
          </fareDetails>
          <fareDetails>
            <segmentRef>
              <segRef>2</segRef>
            </segmentRef>
            <groupOfFares>
              <productInformation>
                <cabinProduct>
                  <rbd>S</rbd>
                  <cabin>M</cabin>
                  <avlStatus>9</avlStatus>
                </cabinProduct>
                <fareProductDetail>
                  <fareBasis>SL6MIJFK</fareBasis>
                  <passengerType>CNN</passengerType>
                  <fareType>RP</fareType>
                </fareProductDetail>
                <breakPoint>Y</breakPoint>
              </productInformation>
              <ticketInfos>
                <additionalFareDetails>
                  <ticketDesignator>CH25</ticketDesignator>
                </additionalFareDetails>
              </ticketInfos>
            </groupOfFares>
            <majCabin>
              <bookingClassDetails>
                <designator>M</designator>
              </bookingClassDetails>
            </majCabin>
          </fareDetails>
        </paxFareProduct>
      </recommendation>
      <serviceFeesGrp>
        <serviceTypeInfo>
          <carrierFeeDetails>
            <type>FBA</type>
          </carrierFeeDetails>
        </serviceTypeInfo>
        <serviceCoverageInfoGrp>
          <itemNumberInfo>
            <itemNumber>
              <number>1</number>
            </itemNumber>
          </itemNumberInfo>
          <serviceCovInfoGrp>
            <paxRefInfo>
              <travellerDetails>
                <referenceNumber>1</referenceNumber>
              </travellerDetails>
            </paxRefInfo>
            <coveragePerFlightsInfo>
              <numberOfItemsDetails>
                <referenceQualifier>RS</referenceQualifier>
                <refNum>1</refNum>
              </numberOfItemsDetails>
              <lastItemsDetails>
                <refOfLeg>1</refOfLeg>
              </lastItemsDetails>
              <lastItemsDetails>
                <refOfLeg>2</refOfLeg>
              </lastItemsDetails>
            </coveragePerFlightsInfo>
            <coveragePerFlightsInfo>
              <numberOfItemsDetails>
                <referenceQualifier>RS</referenceQualifier>
                <refNum>2</refNum>
              </numberOfItemsDetails>
              <lastItemsDetails>
                <refOfLeg>1</refOfLeg>
              </lastItemsDetails>
              <lastItemsDetails>
                <refOfLeg>2</refOfLeg>
              </lastItemsDetails>
            </coveragePerFlightsInfo>
            <refInfo>
              <referencingDetail>
                <refQualifier>F</refQualifier>
                <refNumber>1</refNumber>
              </referencingDetail>
            </refInfo>
          </serviceCovInfoGrp>
        </serviceCoverageInfoGrp>
        <serviceCoverageInfoGrp>
          <itemNumberInfo>
            <itemNumber>
              <number>2</number>
            </itemNumber>
          </itemNumberInfo>
          <serviceCovInfoGrp>
            <paxRefInfo>
              <travellerDetails>
                <referenceNumber>1</referenceNumber>
              </travellerDetails>
            </paxRefInfo>
            <coveragePerFlightsInfo>
              <numberOfItemsDetails>
                <referenceQualifier>RS</referenceQualifier>
                <refNum>1</refNum>
              </numberOfItemsDetails>
              <lastItemsDetails>
                <refOfLeg>1</refOfLeg>
              </lastItemsDetails>
            </coveragePerFlightsInfo>
            <coveragePerFlightsInfo>
              <numberOfItemsDetails>
                <referenceQualifier>RS</referenceQualifier>
                <refNum>2</refNum>
              </numberOfItemsDetails>
              <lastItemsDetails>
                <refOfLeg>1</refOfLeg>
              </lastItemsDetails>
            </coveragePerFlightsInfo>
            <refInfo>
              <referencingDetail>
                <refQualifier>F</refQualifier>
                <refNumber>1</refNumber>
              </referencingDetail>
            </refInfo>
          </serviceCovInfoGrp>
        </serviceCoverageInfoGrp>
        <globalMessageMarker/>
        <freeBagAllowanceGrp>
          <freeBagAllownceInfo>
            <baggageDetails>
              <freeAllowance>2</freeAllowance>
              <quantityCode>N</quantityCode>
            </baggageDetails>
          </freeBagAllownceInfo>
          <itemNumberInfo>
            <itemNumberDetails>
              <number>1</number>
            </itemNumberDetails>
          </itemNumberInfo>
        </freeBagAllowanceGrp>
      </serviceFeesGrp>
    </Fare_MasterPricerTravelBoardSearchReply>
  </soapenv:Body>
</soapenv:Envelope>
