<?xml version="1.0" encoding="UTF-8"?>
<soapenv:Envelope xmlns:soapenv="http://schemas.xmlsoap.org/soap/envelope/" xmlns:awsse="http://xml.amadeus.com/2010/06/Session_v3" xmlns:wsa="http://www.w3.org/2005/08/addressing">
  <soapenv:Header>
    <wsa:To>http://www.w3.org/2005/08/addressing/anonymous</wsa:To>
    <wsa:From>
      <wsa:Address>https://nodeD1.test.webservices.amadeus.com/1ASIWIBESXI</wsa:Address>
    </wsa:From>
    <wsa:Action>http://webservices.amadeus.com/FMPTBQ_17_4_1A</wsa:Action>
    <wsa:MessageID>urn:uuid:aee7de3c-234a-45b4-31fe-4368dbcd3f3d</wsa:MessageID>
    <wsa:RelatesTo RelationshipType="http://www.w3.org/2005/08/addressing/reply">3bcf64ac-0c4a-119f-7e5a-3c32f12f46ad</wsa:RelatesTo>
    <awsse:Session TransactionStatusCode="End">
      <awsse:SessionId>00QXRCBV8Z</awsse:SessionId>
      <awsse:SequenceNumber>1</awsse:SequenceNumber>
      <awsse:SecurityToken>1AU8EM3PLSBS81MTL6UBBTGXGC</awsse:SecurityToken>
    </awsse:Session>
  </soapenv:Header>
  <soapenv:Body>
    <Fare_MasterPricerTravelBoardSearchReply xmlns="http://xml.amadeus.com/FMPTBR_17_4_1A">
      <replyStatus>
        <status>
          <advisoryTypeInfo>FQX</advisoryTypeInfo>
        </status>
      </replyStatus>
      <conversionRate>
        <conversionRateDetail>
          <currency>USD</currency>
        </conversionRateDetail>
      </conversionRate>
      <companyIdText>
        <textRefNumber>175</textRefNumber>
        <companyText>REPUBLIC AIRWAYS DELTA CONNECTION</companyText>
      </companyIdText>
      <companyIdText>
        <textRefNumber>274</textRefNumber>
        <companyText>SKYWEST DBA UNITED EXPRESS</companyText>
      </companyIdText>
      <flightIndex>
        <requestedSegmentRef>
          <segRef>1</segRef>
        </requestedSegmentRef>
        <groupOfFlights>
          <propFlightGrDetail>
            <flightProposal>
              <ref>1</ref>
            </flightProposal>
            <flightProposal>
              <ref>0742</ref>
              <unitQualifier>EFT</unitQualifier>
            </flightProposal>
            <flightProposal>
              <ref>DL</ref>
              <unitQualifier>MCX</unitQualifier>
            </flightProposal>
          </propFlightGrDetail>
          <flightDetails>
            <flightInformation>
              <productDateTime>
                <dateOfDeparture>130820</dateOfDeparture>
                <timeOfDeparture>0945</timeOfDeparture>
                <dateOfArrival>130820</dateOfArrival>
                <timeOfArrival>1251</timeOfArrival>
              </productDateTime>
              <location>
                <locationId>SEA</locationId>
              </location>
              <location>
                <locationId>SLC</locationId>
                <terminal>2</terminal>
              </location>
              <companyId>
                <marketingCarrier>DL</marketingCarrier>
                <operatingCarrier>DL</operatingCarrier>
              </companyId>
              <flightOrtrainNumber>2124</flightOrtrainNumber>
              <productDetail>
                <equipmentType>738</equipmentType>
              </productDetail>
              <addProductDetail>
                <electronicTicketing>Y</electronicTicketing>
                <productDetailQualifier>AIP</productDetailQualifier>
              </addProductDetail>
            </flightInformation>
          </flightDetails>
          <flightDetails>
            <flightInformation>
              <productDateTime>
                <dateOfDeparture>130820</dateOfDeparture>
                <timeOfDeparture>1345</timeOfDeparture>
                <dateOfArrival>130820</dateOfArrival>
                <timeOfArrival>2027</timeOfArrival>
              </productDateTime>
              <location>
                <locationId>SLC</locationId>
                <terminal>2</terminal>
              </location>
              <location>
                <locationId>MIA</locationId>
              </location>
              <companyId>
                <marketingCarrier>DL</marketingCarrier>
                <operatingCarrier>DL</operatingCarrier>
              </companyId>
              <flightOrtrainNumber>475</flightOrtrainNumber>
              <productDetail>
                <equipmentType>738</equipmentType>
              </productDetail>
              <addProductDetail>
                <electronicTicketing>Y</electronicTicketing>
                <productDetailQualifier>AIP</productDetailQualifier>
              </addProductDetail>
            </flightInformation>
          </flightDetails>
        </groupOfFlights>
        <groupOfFlights>
          <propFlightGrDetail>
            <flightProposal>
              <ref>2</ref>
            </flightProposal>
            <flightProposal>
              <ref>0800</ref>
              <unitQualifier>EFT</unitQualifier>
            </flightProposal>
            <flightProposal>
              <ref>DL</ref>
              <unitQualifier>MCX</unitQualifier>
            </flightProposal>
          </propFlightGrDetail>
          <flightDetails>
            <flightInformation>
              <productDateTime>
                <dateOfDeparture>130820</dateOfDeparture>
                <timeOfDeparture>2054</timeOfDeparture>
                <dateOfArrival>140820</dateOfArrival>
                <timeOfArrival>0520</timeOfArrival>
                <dateVariation>1</dateVariation>
              </productDateTime>
              <location>
                <locationId>SEA</locationId>
              </location>
              <location>
                <locationId>TPA</locationId>
              </location>
              <companyId>
                <marketingCarrier>DL</marketingCarrier>
                <operatingCarrier>DL</operatingCarrier>
              </companyId>
              <flightOrtrainNumber>3113</flightOrtrainNumber>
              <productDetail>
                <equipmentType>738</equipmentType>
              </productDetail>
              <addProductDetail>
                <electronicTicketing>Y</electronicTicketing>
                <productDetailQualifier>AIP</productDetailQualifier>
              </addProductDetail>
            </flightInformation>
          </flightDetails>
          <flightDetails>
            <flightInformation>
              <productDateTime>
                <dateOfDeparture>140820</dateOfDeparture>
                <timeOfDeparture>0645</timeOfDeparture>
                <dateOfArrival>140820</dateOfArrival>
                <timeOfArrival>0754</timeOfArrival>
              </productDateTime>
              <location>
                <locationId>TPA</locationId>
              </location>
              <location>
                <locationId>MIA</locationId>
              </location>
              <companyId>
                <marketingCarrier>DL</marketingCarrier>
              </companyId>
              <flightOrtrainNumber>5665</flightOrtrainNumber>
              <productDetail>
                <equipmentType>E75</equipmentType>
              </productDetail>
              <addProductDetail>
                <electronicTicketing>Y</electronicTicketing>
                <productDetailQualifier>AIP</productDetailQualifier>
              </addProductDetail>
            </flightInformation>
            <commercialAgreement>
              <codeshareDetails>
                <codeShareType>S</codeShareType>
                <flightNumber>175</flightNumber>
              </codeshareDetails>
            </commercialAgreement>
          </flightDetails>
        </groupOfFlights>
        <groupOfFlights>
          <propFlightGrDetail>
            <flightProposal>
              <ref>3</ref>
            </flightProposal>
            <flightProposal>
              <ref>0805</ref>
              <unitQualifier>EFT</unitQualifier>
            </flightProposal>
            <flightProposal>
              <ref>UA</ref>
              <unitQualifier>MCX</unitQualifier>
            </flightProposal>
          </propFlightGrDetail>
          <flightDetails>
            <flightInformation>
              <productDateTime>
                <dateOfDeparture>130820</dateOfDeparture>
                <timeOfDeparture>1230</timeOfDeparture>
                <dateOfArrival>130820</dateOfArrival>
                <timeOfArrival>1845</timeOfArrival>
              </productDateTime>
              <location>
                <locationId>SEA</locationId>
              </location>
              <location>
                <locationId>IAH</locationId>
                <terminal>C</terminal>
              </location>
              <companyId>
                <marketingCarrier>UA</marketingCarrier>
                <operatingCarrier>UA</operatingCarrier>
              </companyId>
              <flightOrtrainNumber>618</flightOrtrainNumber>
              <productDetail>
                <equipmentType>739</equipmentType>
              </productDetail>
              <addProductDetail>
                <electronicTicketing>Y</electronicTicketing>
                <productDetailQualifier>IAC</productDetailQualifier>
              </addProductDetail>
            </flightInformation>
          </flightDetails>
          <flightDetails>
            <flightInformation>
              <productDateTime>
                <dateOfDeparture>130820</dateOfDeparture>
                <timeOfDeparture>2010</timeOfDeparture>
                <dateOfArrival>130820</dateOfArrival>
                <timeOfArrival>2335</timeOfArrival>
              </productDateTime>
              <location>
                <locationId>IAH</locationId>
                <terminal>C</terminal>
              </location>
              <location>
                <locationId>MIA</locationId>
              </location>
              <companyId>
                <marketingCarrier>UA</marketingCarrier>
                <operatingCarrier>UA</operatingCarrier>
              </companyId>
              <flightOrtrainNumber>1764</flightOrtrainNumber>
              <productDetail>
                <equipmentType>320</equipmentType>
              </productDetail>
              <addProductDetail>
                <electronicTicketing>Y</electronicTicketing>
                <productDetailQualifier>IAC</productDetailQualifier>
              </addProductDetail>
            </flightInformation>
          </flightDetails>
        </groupOfFlights>
        <groupOfFlights>
          <propFlightGrDetail>
            <flightProposal>
              <ref>4</ref>
            </flightProposal>
            <flightProposal>
              <ref>0555</ref>
              <unitQualifier>EFT</unitQualifier>
            </flightProposal>
            <flightProposal>
              <ref>AA</ref>
              <unitQualifier>MCX</unitQualifier>
            </flightProposal>
          </propFlightGrDetail>
          <flightDetails>
            <flightInformation>
              <productDateTime>
                <dateOfDeparture>130820</dateOfDeparture>
                <timeOfDeparture>2220</timeOfDeparture>
                <dateOfArrival>140820</dateOfArrival>
                <timeOfArrival>0715</timeOfArrival>
                <dateVariation>1</dateVariation>
              </productDateTime>
              <location>
                <locationId>SEA</locationId>
              </location>
              <location>
                <locationId>MIA</locationId>
              </location>
              <companyId>
                <marketingCarrier>AA</marketingCarrier>
                <operatingCarrier>AA</operatingCarrier>
              </companyId>
              <flightOrtrainNumber>1471</flightOrtrainNumber>
              <productDetail>
                <equipmentType>738</equipmentType>
              </productDetail>
              <addProductDetail>
                <electronicTicketing>Y</electronicTicketing>
                <productDetailQualifier>AIP</productDetailQualifier>
              </addProductDetail>
            </flightInformation>
          </flightDetails>
        </groupOfFlights>
      </flightIndex>
      <flightIndex>
        <requestedSegmentRef>
          <segRef>2</segRef>
        </requestedSegmentRef>
        <groupOfFlights>
          <propFlightGrDetail>
            <flightProposal>
              <ref>1</ref>
            </flightProposal>
            <flightProposal>
              <ref>0749</ref>
              <unitQualifier>EFT</unitQualifier>
            </flightProposal>
            <flightProposal>
              <ref>DL</ref>
              <unitQualifier>MCX</unitQualifier>
            </flightProposal>
          </propFlightGrDetail>
          <flightDetails>
            <flightInformation>
              <productDateTime>
                <dateOfDeparture>220920</dateOfDeparture>
                <timeOfDeparture>1220</timeOfDeparture>
                <dateOfArrival>220920</dateOfArrival>
                <timeOfArrival>1414</timeOfArrival>
              </productDateTime>
              <location>
                <locationId>MIA</locationId>
              </location>
              <location>
                <locationId>ATL</locationId>
                <terminal>S</terminal>
              </location>
              <companyId>
                <marketingCarrier>DL</marketingCarrier>
                <operatingCarrier>DL</operatingCarrier>
              </companyId>
              <flightOrtrainNumber>2405</flightOrtrainNumber>
              <productDetail>
                <equipmentType>321</equipmentType>
              </productDetail>
              <addProductDetail>
                <electronicTicketing>Y</electronicTicketing>
                <productDetailQualifier>AIP</productDetailQualifier>
              </addProductDetail>
            </flightInformation>
          </flightDetails>
          <flightDetails>
            <flightInformation>
              <productDateTime>
                <dateOfDeparture>220920</dateOfDeparture>
                <timeOfDeparture>1455</timeOfDeparture>
                <dateOfArrival>220920</dateOfArrival>
                <timeOfArrival>1709</timeOfArrival>
              </productDateTime>
              <location>
                <locationId>ATL</locationId>
                <terminal>S</terminal>
              </location>
              <location>
                <locationId>SEA</locationId>
              </location>
              <companyId>
                <marketingCarrier>DL</marketingCarrier>
                <operatingCarrier>DL</operatingCarrier>
              </companyId>
              <flightOrtrainNumber>2631</flightOrtrainNumber>
              <productDetail>
                <equipmentType>757</equipmentType>
              </productDetail>
              <addProductDetail>
                <electronicTicketing>Y</electronicTicketing>
                <productDetailQualifier>AIP</productDetailQualifier>
              </addProductDetail>
            </flightInformation>
          </flightDetails>
        </groupOfFlights>
        <groupOfFlights>
          <propFlightGrDetail>
            <flightProposal>
              <ref>2</ref>
            </flightProposal>
            <flightProposal>
              <ref>0758</ref>
              <unitQualifier>EFT</unitQualifier>
            </flightProposal>
            <flightProposal>
              <ref>DL</ref>
              <unitQualifier>MCX</unitQualifier>
            </flightProposal>
          </propFlightGrDetail>
          <flightDetails>
            <flightInformation>
              <productDateTime>
                <dateOfDeparture>220920</dateOfDeparture>
                <timeOfDeparture>0530</timeOfDeparture>
                <dateOfArrival>220920</dateOfArrival>
                <timeOfArrival>0720</timeOfArrival>
              </productDateTime>
              <location>
                <locationId>MIA</locationId>
              </location>
              <location>
                <locationId>ATL</locationId>
                <terminal>S</terminal>
              </location>
              <companyId>
                <marketingCarrier>DL</marketingCarrier>
                <operatingCarrier>DL</operatingCarrier>
              </companyId>
              <flightOrtrainNumber>940</flightOrtrainNumber>
              <productDetail>
                <equipmentType>321</equipmentType>
              </productDetail>
              <addProductDetail>
                <electronicTicketing>Y</electronicTicketing>
                <productDetailQualifier>AIP</productDetailQualifier>
              </addProductDetail>
            </flightInformation>
          </flightDetails>
          <flightDetails>
            <flightInformation>
              <productDateTime>
                <dateOfDeparture>220920</dateOfDeparture>
                <timeOfDeparture>0810</timeOfDeparture>
                <dateOfArrival>220920</dateOfArrival>
                <timeOfArrival>1028</timeOfArrival>
              </productDateTime>
              <location>
                <locationId>ATL</locationId>
                <terminal>S</terminal>
              </location>
              <location>
                <locationId>SEA</locationId>
              </location>
              <companyId>
                <marketingCarrier>DL</marketingCarrier>
                <operatingCarrier>DL</operatingCarrier>
              </companyId>
              <flightOrtrainNumber>609</flightOrtrainNumber>
              <productDetail>
                <equipmentType>757</equipmentType>
              </productDetail>
              <addProductDetail>
                <electronicTicketing>Y</electronicTicketing>
                <productDetailQualifier>AIP</productDetailQualifier>
              </addProductDetail>
            </flightInformation>
          </flightDetails>
        </groupOfFlights>
        <groupOfFlights>
          <propFlightGrDetail>
            <flightProposal>
              <ref>3</ref>
            </flightProposal>
            <flightProposal>
              <ref>0812</ref>
              <unitQualifier>EFT</unitQualifier>
            </flightProposal>
            <flightProposal>
              <ref>DL</ref>
              <unitQualifier>MCX</unitQualifier>
            </flightProposal>
          </propFlightGrDetail>
          <flightDetails>
            <flightInformation>
              <productDateTime>
                <dateOfDeparture>220920</dateOfDeparture>
                <timeOfDeparture>1654</timeOfDeparture>
                <dateOfArrival>220920</dateOfArrival>
                <timeOfArrival>1851</timeOfArrival>
              </productDateTime>
              <location>
                <locationId>MIA</locationId>
              </location>
              <location>
                <locationId>ATL</locationId>
                <terminal>S</terminal>
              </location>
              <companyId>
                <marketingCarrier>DL</marketingCarrier>
                <operatingCarrier>DL</operatingCarrier>
              </companyId>
              <flightOrtrainNumber>1224</flightOrtrainNumber>
              <productDetail>
                <equipmentType>321</equipmentType>
              </productDetail>
              <addProductDetail>
                <electronicTicketing>Y</electronicTicketing>
                <productDetailQualifier>AIP</productDetailQualifier>
              </addProductDetail>
            </flightInformation>
          </flightDetails>
          <flightDetails>
            <flightInformation>
              <productDateTime>
                <dateOfDeparture>220920</dateOfDeparture>
                <timeOfDeparture>1948</timeOfDeparture>
                <dateOfArrival>220920</dateOfArrival>
                <timeOfArrival>2206</timeOfArrival>
              </productDateTime>
              <location>
                <locationId>ATL</locationId>
                <terminal>S</terminal>
              </location>
              <location>
                <locationId>SEA</locationId>
              </location>
              <companyId>
                <marketingCarrier>DL</marketingCarrier>
                <operatingCarrier>DL</operatingCarrier>
              </companyId>
              <flightOrtrainNumber>1107</flightOrtrainNumber>
              <productDetail>
                <equipmentType>757</equipmentType>
              </productDetail>
              <addProductDetail>
                <electronicTicketing>Y</electronicTicketing>
                <productDetailQualifier>AIP</productDetailQualifier>
              </addProductDetail>
            </flightInformation>
          </flightDetails>
        </groupOfFlights>
        <groupOfFlights>
          <propFlightGrDetail>
            <flightProposal>
              <ref>4</ref>
            </flightProposal>
            <flightProposal>
              <ref>0834</ref>
              <unitQualifier>EFT</unitQualifier>
            </flightProposal>
            <flightProposal>
              <ref>DL</ref>
              <unitQualifier>MCX</unitQualifier>
            </flightProposal>
          </propFlightGrDetail>
          <flightDetails>
            <flightInformation>
              <productDateTime>
                <dateOfDeparture>220920</dateOfDeparture>
                <timeOfDeparture>0630</timeOfDeparture>
                <dateOfArrival>220920</dateOfArrival>
                <timeOfArrival>0828</timeOfArrival>
              </productDateTime>
              <location>
                <locationId>MIA</locationId>
              </location>
              <location>
                <locationId>ATL</locationId>
                <terminal>S</terminal>
              </location>
              <companyId>
                <marketingCarrier>DL</marketingCarrier>
                <operatingCarrier>DL</operatingCarrier>
              </companyId>
              <flightOrtrainNumber>891</flightOrtrainNumber>
              <productDetail>
                <equipmentType>321</equipmentType>
              </productDetail>
              <addProductDetail>
                <electronicTicketing>Y</electronicTicketing>
                <productDetailQualifier>AIP</productDetailQualifier>
              </addProductDetail>
            </flightInformation>
          </flightDetails>
          <flightDetails>
            <flightInformation>
              <productDateTime>
                <dateOfDeparture>220920</dateOfDeparture>
                <timeOfDeparture>0940</timeOfDeparture>
                <dateOfArrival>220920</dateOfArrival>
                <timeOfArrival>1204</timeOfArrival>
              </productDateTime>
              <location>
                <locationId>ATL</locationId>
                <terminal>S</terminal>
              </location>
              <location>
                <locationId>SEA</locationId>
              </location>
              <companyId>
                <marketingCarrier>DL</marketingCarrier>
                <operatingCarrier>DL</operatingCarrier>
              </companyId>
              <flightOrtrainNumber>967</flightOrtrainNumber>
              <productDetail>
                <equipmentType>739</equipmentType>
              </productDetail>
              <addProductDetail>
                <electronicTicketing>Y</electronicTicketing>
                <productDetailQualifier>AIP</productDetailQualifier>
              </addProductDetail>
            </flightInformation>
          </flightDetails>
        </groupOfFlights>
        <groupOfFlights>
          <propFlightGrDetail>
            <flightProposal>
              <ref>5</ref>
            </flightProposal>
            <flightProposal>
              <ref>0844</ref>
              <unitQualifier>EFT</unitQualifier>
            </flightProposal>
            <flightProposal>
              <ref>DL</ref>
              <unitQualifier>MCX</unitQualifier>
            </flightProposal>
          </propFlightGrDetail>
          <flightDetails>
            <flightInformation>
              <productDateTime>
                <dateOfDeparture>220920</dateOfDeparture>
                <timeOfDeparture>1014</timeOfDeparture>
                <dateOfArrival>220920</dateOfArrival>
                <timeOfArrival>1202</timeOfArrival>
              </productDateTime>
              <location>
                <locationId>MIA</locationId>
              </location>
              <location>
                <locationId>ATL</locationId>
                <terminal>S</terminal>
              </location>
              <companyId>
                <marketingCarrier>DL</marketingCarrier>
                <operatingCarrier>DL</operatingCarrier>
              </companyId>
              <flightOrtrainNumber>1746</flightOrtrainNumber>
              <productDetail>
                <equipmentType>321</equipmentType>
              </productDetail>
              <addProductDetail>
                <electronicTicketing>Y</electronicTicketing>
                <productDetailQualifier>AIP</productDetailQualifier>
              </addProductDetail>
            </flightInformation>
          </flightDetails>
          <flightDetails>
            <flightInformation>
              <productDateTime>
                <dateOfDeparture>220920</dateOfDeparture>
                <timeOfDeparture>1340</timeOfDeparture>
                <dateOfArrival>220920</dateOfArrival>
                <timeOfArrival>1558</timeOfArrival>
              </productDateTime>
              <location>
                <locationId>ATL</locationId>
                <terminal>S</terminal>
              </location>
              <location>
                <locationId>SEA</locationId>
              </location>
              <companyId>
                <marketingCarrier>DL</marketingCarrier>
                <operatingCarrier>DL</operatingCarrier>
              </companyId>
              <flightOrtrainNumber>2329</flightOrtrainNumber>
              <productDetail>
                <equipmentType>739</equipmentType>
              </productDetail>
              <addProductDetail>
                <electronicTicketing>Y</electronicTicketing>
                <productDetailQualifier>AIP</productDetailQualifier>
              </addProductDetail>
            </flightInformation>
          </flightDetails>
        </groupOfFlights>
        <groupOfFlights>
          <propFlightGrDetail>
            <flightProposal>
              <ref>6</ref>
            </flightProposal>
            <flightProposal>
              <ref>0945</ref>
              <unitQualifier>EFT</unitQualifier>
            </flightProposal>
            <flightProposal>
              <ref>DL</ref>
              <unitQualifier>MCX</unitQualifier>
            </flightProposal>
          </propFlightGrDetail>
          <flightDetails>
            <flightInformation>
              <productDateTime>
                <dateOfDeparture>220920</dateOfDeparture>
                <timeOfDeparture>0945</timeOfDeparture>
                <dateOfArrival>220920</dateOfArrival>
                <timeOfArrival>1251</timeOfArrival>
              </productDateTime>
              <location>
                <locationId>MIA</locationId>
              </location>
              <location>
                <locationId>SLC</locationId>
                <terminal>2</terminal>
              </location>
              <companyId>
                <marketingCarrier>DL</marketingCarrier>
                <operatingCarrier>DL</operatingCarrier>
              </companyId>
              <flightOrtrainNumber>407</flightOrtrainNumber>
              <productDetail>
                <equipmentType>738</equipmentType>
              </productDetail>
              <addProductDetail>
                <electronicTicketing>Y</electronicTicketing>
                <productDetailQualifier>LCA</productDetailQualifier>
              </addProductDetail>
            </flightInformation>
          </flightDetails>
          <flightDetails>
            <flightInformation>
              <productDateTime>
                <dateOfDeparture>220920</dateOfDeparture>
                <timeOfDeparture>1520</timeOfDeparture>
                <dateOfArrival>220920</dateOfArrival>
                <timeOfArrival>1630</timeOfArrival>
              </productDateTime>
              <location>
                <locationId>SLC</locationId>
                <terminal>2</terminal>
              </location>
              <location>
                <locationId>SEA</locationId>
              </location>
              <companyId>
                <marketingCarrier>DL</marketingCarrier>
                <operatingCarrier>DL</operatingCarrier>
              </companyId>
              <flightOrtrainNumber>1756</flightOrtrainNumber>
              <productDetail>
                <equipmentType>738</equipmentType>
              </productDetail>
              <addProductDetail>
                <electronicTicketing>Y</electronicTicketing>
                <productDetailQualifier>LCA</productDetailQualifier>
              </addProductDetail>
            </flightInformation>
          </flightDetails>
        </groupOfFlights>
        <groupOfFlights>
          <propFlightGrDetail>
            <flightProposal>
              <ref>7</ref>
            </flightProposal>
            <flightProposal>
              <ref>1050</ref>
              <unitQualifier>EFT</unitQualifier>
            </flightProposal>
            <flightProposal>
              <ref>DL</ref>
              <unitQualifier>MCX</unitQualifier>
            </flightProposal>
          </propFlightGrDetail>
          <flightDetails>
            <flightInformation>
              <productDateTime>
                <dateOfDeparture>220920</dateOfDeparture>
                <timeOfDeparture>0835</timeOfDeparture>
                <dateOfArrival>220920</dateOfArrival>
                <timeOfArrival>1132</timeOfArrival>
              </productDateTime>
              <location>
                <locationId>MIA</locationId>
              </location>
              <location>
                <locationId>DTW</locationId>
                <terminal>EM</terminal>
              </location>
              <companyId>
                <marketingCarrier>DL</marketingCarrier>
                <operatingCarrier>DL</operatingCarrier>
              </companyId>
              <flightOrtrainNumber>3026</flightOrtrainNumber>
              <productDetail>
                <equipmentType>319</equipmentType>
              </productDetail>
              <addProductDetail>
                <electronicTicketing>Y</electronicTicketing>
                <productDetailQualifier>LCA</productDetailQualifier>
              </addProductDetail>
            </flightInformation>
          </flightDetails>
          <flightDetails>
            <flightInformation>
              <productDateTime>
                <dateOfDeparture>220920</dateOfDeparture>
                <timeOfDeparture>1429</timeOfDeparture>
                <dateOfArrival>220920</dateOfArrival>
                <timeOfArrival>1625</timeOfArrival>
              </productDateTime>
              <location>
                <locationId>DTW</locationId>
                <terminal>EM</terminal>
              </location>
              <location>
                <locationId>SEA</locationId>
              </location>
              <companyId>
                <marketingCarrier>DL</marketingCarrier>
                <operatingCarrier>DL</operatingCarrier>
              </companyId>
              <flightOrtrainNumber>2860</flightOrtrainNumber>
              <productDetail>
                <equipmentType>739</equipmentType>
              </productDetail>
              <addProductDetail>
                <electronicTicketing>Y</electronicTicketing>
                <productDetailQualifier>LCA</productDetailQualifier>
              </addProductDetail>
            </flightInformation>
          </flightDetails>
        </groupOfFlights>
        <groupOfFlights>
          <propFlightGrDetail>
            <flightProposal>
              <ref>8</ref>
            </flightProposal>
            <flightProposal>
              <ref>0857</ref>
              <unitQualifier>EFT</unitQualifier>
            </flightProposal>
            <flightProposal>
              <ref>DL</ref>
              <unitQualifier>MCX</unitQualifier>
            </flightProposal>
          </propFlightGrDetail>
          <flightDetails>
            <flightInformation>
              <productDateTime>
                <dateOfDeparture>220920</dateOfDeparture>
                <timeOfDeparture>1204</timeOfDeparture>
                <dateOfArrival>220920</dateOfArrival>
                <timeOfArrival>1459</timeOfArrival>
              </productDateTime>
              <location>
                <locationId>MIA</locationId>
              </location>
              <location>
                <locationId>DTW</locationId>
                <terminal>EM</terminal>
              </location>
              <companyId>
                <marketingCarrier>DL</marketingCarrier>
                <operatingCarrier>DL</operatingCarrier>
              </companyId>
              <flightOrtrainNumber>1829</flightOrtrainNumber>
              <productDetail>
                <equipmentType>319</equipmentType>
              </productDetail>
              <addProductDetail>
                <electronicTicketing>Y</electronicTicketing>
                <productDetailQualifier>AIP</productDetailQualifier>
              </addProductDetail>
            </flightInformation>
          </flightDetails>
          <flightDetails>
            <flightInformation>
              <productDateTime>
                <dateOfDeparture>220920</dateOfDeparture>
                <timeOfDeparture>1605</timeOfDeparture>
                <dateOfArrival>220920</dateOfArrival>
                <timeOfArrival>1801</timeOfArrival>
              </productDateTime>
              <location>
                <locationId>DTW</locationId>
                <terminal>EM</terminal>
              </location>
              <location>
                <locationId>SEA</locationId>
              </location>
              <companyId>
                <marketingCarrier>DL</marketingCarrier>
                <operatingCarrier>DL</operatingCarrier>
              </companyId>
              <flightOrtrainNumber>1092</flightOrtrainNumber>
              <productDetail>
                <equipmentType>739</equipmentType>
              </productDetail>
              <addProductDetail>
                <electronicTicketing>Y</electronicTicketing>
                <productDetailQualifier>AIP</productDetailQualifier>
              </addProductDetail>
            </flightInformation>
          </flightDetails>
        </groupOfFlights>
        <groupOfFlights>
          <propFlightGrDetail>
            <flightProposal>
              <ref>9</ref>
            </flightProposal>
            <flightProposal>
              <ref>1125</ref>
              <unitQualifier>EFT</unitQualifier>
            </flightProposal>
            <flightProposal>
              <ref>DL</ref>
              <unitQualifier>MCX</unitQualifier>
            </flightProposal>
          </propFlightGrDetail>
          <flightDetails>
            <flightInformation>
              <productDateTime>
                <dateOfDeparture>220920</dateOfDeparture>
                <timeOfDeparture>0945</timeOfDeparture>
                <dateOfArrival>220920</dateOfArrival>
                <timeOfArrival>1251</timeOfArrival>
              </productDateTime>
              <location>
                <locationId>MIA</locationId>
              </location>
              <location>
                <locationId>SLC</locationId>
                <terminal>2</terminal>
              </location>
              <companyId>
                <marketingCarrier>DL</marketingCarrier>
                <operatingCarrier>DL</operatingCarrier>
              </companyId>
              <flightOrtrainNumber>407</flightOrtrainNumber>
              <productDetail>
                <equipmentType>738</equipmentType>
              </productDetail>
              <addProductDetail>
                <electronicTicketing>Y</electronicTicketing>
                <productDetailQualifier>LCA</productDetailQualifier>
              </addProductDetail>
            </flightInformation>
          </flightDetails>
          <flightDetails>
            <flightInformation>
              <productDateTime>
                <dateOfDeparture>220920</dateOfDeparture>
                <timeOfDeparture>1700</timeOfDeparture>
                <dateOfArrival>220920</dateOfArrival>
                <timeOfArrival>1810</timeOfArrival>
              </productDateTime>
              <location>
                <locationId>SLC</locationId>
                <terminal>2</terminal>
              </location>
              <location>
                <locationId>SEA</locationId>
              </location>
              <companyId>
                <marketingCarrier>DL</marketingCarrier>
                <operatingCarrier>DL</operatingCarrier>
              </companyId>
              <flightOrtrainNumber>1268</flightOrtrainNumber>
              <productDetail>
                <equipmentType>738</equipmentType>
              </productDetail>
              <addProductDetail>
                <electronicTicketing>Y</electronicTicketing>
                <productDetailQualifier>IAC</productDetailQualifier>
              </addProductDetail>
            </flightInformation>
          </flightDetails>
        </groupOfFlights>
        <groupOfFlights>
          <propFlightGrDetail>
            <flightProposal>
              <ref>10</ref>
            </flightProposal>
            <flightProposal>
              <ref>1458</ref>
              <unitQualifier>EFT</unitQualifier>
            </flightProposal>
            <flightProposal>
              <ref>DL</ref>
              <unitQualifier>MCX</unitQualifier>
            </flightProposal>
          </propFlightGrDetail>
          <flightDetails>
            <flightInformation>
              <productDateTime>
                <dateOfDeparture>220920</dateOfDeparture>
                <timeOfDeparture>0945</timeOfDeparture>
                <dateOfArrival>220920</dateOfArrival>
                <timeOfArrival>1251</timeOfArrival>
              </productDateTime>
              <location>
                <locationId>MIA</locationId>
              </location>
              <location>
                <locationId>SLC</locationId>
                <terminal>2</terminal>
              </location>
              <companyId>
                <marketingCarrier>DL</marketingCarrier>
                <operatingCarrier>DL</operatingCarrier>
              </companyId>
              <flightOrtrainNumber>407</flightOrtrainNumber>
              <productDetail>
                <equipmentType>738</equipmentType>
              </productDetail>
              <addProductDetail>
                <electronicTicketing>Y</electronicTicketing>
                <productDetailQualifier>LCA</productDetailQualifier>
              </addProductDetail>
            </flightInformation>
          </flightDetails>
          <flightDetails>
            <flightInformation>
              <productDateTime>
                <dateOfDeparture>220920</dateOfDeparture>
                <timeOfDeparture>2030</timeOfDeparture>
                <dateOfArrival>220920</dateOfArrival>
                <timeOfArrival>2143</timeOfArrival>
              </productDateTime>
              <location>
                <locationId>SLC</locationId>
                <terminal>2</terminal>
              </location>
              <location>
                <locationId>SEA</locationId>
              </location>
              <companyId>
                <marketingCarrier>DL</marketingCarrier>
                <operatingCarrier>DL</operatingCarrier>
              </companyId>
              <flightOrtrainNumber>2889</flightOrtrainNumber>
              <productDetail>
                <equipmentType>738</equipmentType>
              </productDetail>
              <addProductDetail>
                <electronicTicketing>Y</electronicTicketing>
                <productDetailQualifier>IAC</productDetailQualifier>
              </addProductDetail>
            </flightInformation>
          </flightDetails>
        </groupOfFlights>
        <groupOfFlights>
          <propFlightGrDetail>
            <flightProposal>
              <ref>11</ref>
            </flightProposal>
            <flightProposal>
              <ref>1503</ref>
              <unitQualifier>EFT</unitQualifier>
            </flightProposal>
            <flightProposal>
              <ref>UA</ref>
              <unitQualifier>MCX</unitQualifier>
            </flightProposal>
          </propFlightGrDetail>
          <flightDetails>
            <flightInformation>
              <productDateTime>
                <dateOfDeparture>220920</dateOfDeparture>
                <timeOfDeparture>0600</timeOfDeparture>
                <dateOfArrival>220920</dateOfArrival>
                <timeOfArrival>1250</timeOfArrival>
              </productDateTime>
              <location>
                <locationId>MIA</locationId>
              </location>
              <location>
                <locationId>LAX</locationId>
                <terminal>7</terminal>
              </location>
              <companyId>
                <marketingCarrier>UA</marketingCarrier>
                <operatingCarrier>UA</operatingCarrier>
              </companyId>
              <flightOrtrainNumber>744</flightOrtrainNumber>
              <productDetail>
                <equipmentType>320</equipmentType>
                <techStopNumber>1</techStopNumber>
              </productDetail>
              <addProductDetail>
                <electronicTicketing>Y</electronicTicketing>
                <productDetailQualifier>IAC</productDetailQualifier>
              </addProductDetail>
            </flightInformation>
            <technicalStop>
              <stopDetails>
                <dateQualifier>AA</dateQualifier>
                <date>220920</date>
                <firstTime>0859</firstTime>
                <locationId>EWR</locationId>
              </stopDetails>
              <stopDetails>
                <dateQualifier>AD</dateQualifier>
                <date>220920</date>
                <firstTime>1000</firstTime>
                <equipementType>752</equipementType>
              </stopDetails>
            </technicalStop>
          </flightDetails>
          <flightDetails>
            <flightInformation>
              <productDateTime>
                <dateOfDeparture>220920</dateOfDeparture>
                <timeOfDeparture>1505</timeOfDeparture>
                <dateOfArrival>220920</dateOfArrival>
                <timeOfArrival>1803</timeOfArrival>
              </productDateTime>
              <location>
                <locationId>LAX</locationId>
                <terminal>7</terminal>
              </location>
              <location>
                <locationId>SEA</locationId>
              </location>
              <companyId>
                <marketingCarrier>UA</marketingCarrier>
              </companyId>
              <flightOrtrainNumber>5475</flightOrtrainNumber>
              <productDetail>
                <equipmentType>E7W</equipmentType>
              </productDetail>
              <addProductDetail>
                <electronicTicketing>Y</electronicTicketing>
                <productDetailQualifier>IAC</productDetailQualifier>
              </addProductDetail>
            </flightInformation>
            <commercialAgreement>
              <codeshareDetails>
                <codeShareType>S</codeShareType>
                <flightNumber>274</flightNumber>
              </codeshareDetails>
            </commercialAgreement>
          </flightDetails>
        </groupOfFlights>
        <groupOfFlights>
          <propFlightGrDetail>
            <flightProposal>
              <ref>12</ref>
            </flightProposal>
            <flightProposal>
              <ref>0627</ref>
              <unitQualifier>EFT</unitQualifier>
            </flightProposal>
            <flightProposal>
              <ref>AA</ref>
              <unitQualifier>MCX</unitQualifier>
            </flightProposal>
          </propFlightGrDetail>
          <flightDetails>
            <flightInformation>
              <productDateTime>
                <dateOfDeparture>220920</dateOfDeparture>
                <timeOfDeparture>2025</timeOfDeparture>
                <dateOfArrival>220920</dateOfArrival>
                <timeOfArrival>2352</timeOfArrival>
              </productDateTime>
              <location>
                <locationId>MIA</locationId>
              </location>
              <location>
                <locationId>SEA</locationId>
              </location>
              <companyId>
                <marketingCarrier>AA</marketingCarrier>
                <operatingCarrier>AA</operatingCarrier>
              </companyId>
              <flightOrtrainNumber>305</flightOrtrainNumber>
              <productDetail>
                <equipmentType>738</equipmentType>
              </productDetail>
              <addProductDetail>
                <electronicTicketing>Y</electronicTicketing>
                <productDetailQualifier>AIP</productDetailQualifier>
              </addProductDetail>
            </flightInformation>
          </flightDetails>
        </groupOfFlights>
      </flightIndex>
      <recommendation>
        <itemNumber>
          <itemNumberId>
            <number>1</number>
          </itemNumberId>
        </itemNumber>
        <recPriceInfo>
          <monetaryDetail>
            <amount>377.20</amount>
          </monetaryDetail>
          <monetaryDetail>
            <amount>29.20</amount>
          </monetaryDetail>
        </recPriceInfo>
        <segmentFlightRef>
          <referencingDetail>
            <refQualifier>S</refQualifier>
            <refNumber>1</refNumber>
          </referencingDetail>
          <referencingDetail>
            <refQualifier>S</refQualifier>
            <refNumber>1</refNumber>
          </referencingDetail>
          <referencingDetail>
            <refQualifier>B</refQualifier>
            <refNumber>1</refNumber>
          </referencingDetail>
        </segmentFlightRef>
        <segmentFlightRef>
          <referencingDetail>
            <refQualifier>S</refQualifier>
            <refNumber>1</refNumber>
          </referencingDetail>
          <referencingDetail>
            <refQualifier>S</refQualifier>
            <refNumber>2</refNumber>
          </referencingDetail>
          <referencingDetail>
            <refQualifier>B</refQualifier>
            <refNumber>1</refNumber>
          </referencingDetail>
        </segmentFlightRef>
        <segmentFlightRef>
          <referencingDetail>
            <refQualifier>S</refQualifier>
            <refNumber>1</refNumber>
          </referencingDetail>
          <referencingDetail>
            <refQualifier>S</refQualifier>
            <refNumber>3</refNumber>
          </referencingDetail>
          <referencingDetail>
            <refQualifier>B</refQualifier>
            <refNumber>1</refNumber>
          </referencingDetail>
        </segmentFlightRef>
        <segmentFlightRef>
          <referencingDetail>
            <refQualifier>S</refQualifier>
            <refNumber>1</refNumber>
          </referencingDetail>
          <referencingDetail>
            <refQualifier>S</refQualifier>
            <refNumber>4</refNumber>
          </referencingDetail>
          <referencingDetail>
            <refQualifier>B</refQualifier>
            <refNumber>1</refNumber>
          </referencingDetail>
        </segmentFlightRef>
        <segmentFlightRef>
          <referencingDetail>
            <refQualifier>S</refQualifier>
            <refNumber>1</refNumber>
          </referencingDetail>
          <referencingDetail>
            <refQualifier>S</refQualifier>
            <refNumber>5</refNumber>
          </referencingDetail>
          <referencingDetail>
            <refQualifier>B</refQualifier>
            <refNumber>1</refNumber>
          </referencingDetail>
        </segmentFlightRef>
        <segmentFlightRef>
          <referencingDetail>
            <refQualifier>S</refQualifier>
            <refNumber>1</refNumber>
          </referencingDetail>
          <referencingDetail>
            <refQualifier>S</refQualifier>
            <refNumber>6</refNumber>
          </referencingDetail>
          <referencingDetail>
            <refQualifier>B</refQualifier>
            <refNumber>1</refNumber>
          </referencingDetail>
        </segmentFlightRef>
        <segmentFlightRef>
          <referencingDetail>
            <refQualifier>S</refQualifier>
            <refNumber>1</refNumber>
          </referencingDetail>
          <referencingDetail>
            <refQualifier>S</refQualifier>
            <refNumber>7</refNumber>
          </referencingDetail>
          <referencingDetail>
            <refQualifier>B</refQualifier>
            <refNumber>1</refNumber>
          </referencingDetail>
        </segmentFlightRef>
        <paxFareProduct>
          <paxFareDetail>
            <paxFareNum>1</paxFareNum>
            <totalFareAmount>377.20</totalFareAmount>
            <totalTaxAmount>29.20</totalTaxAmount>
            <codeShareDetails>
              <transportStageQualifier>V</transportStageQualifier>
              <company>DL</company>
            </codeShareDetails>
            <codeShareDetails>
              <company>KL</company>
            </codeShareDetails>
            <pricingTicketing>
              <priceType>OBV</priceType>
            </pricingTicketing>
          </paxFareDetail>
          <paxReference>
            <ptc>ADT</ptc>
            <traveller>
              <ref>1</ref>
            </traveller>
          </paxReference>
          <fare>
            <pricingMessage>
              <freeTextQualification>
                <textSubjectQualifier>PEN</textSubjectQualifier>
                <informationType>70</informationType>
              </freeTextQualification>
              <description>TICKETS ARE NON-REFUNDABLE</description>
            </pricingMessage>
          </fare>
          <fare>
            <pricingMessage>
              <freeTextQualification>
                <textSubjectQualifier>LTD</textSubjectQualifier>
                <informationType>40</informationType>
              </freeTextQualification>
              <description>LAST TKT DTE</description>
              <description>16APR20</description>
              <description> - SEE ADV PURCHASE</description>
            </pricingMessage>
          </fare>
          <fareDetails>
            <segmentRef>
              <segRef>1</segRef>
            </segmentRef>
            <groupOfFares>
              <productInformation>
                <cabinProduct>
                  <rbd>E</rbd>
                  <cabin>M</cabin>
                  <avlStatus>9</avlStatus>
                </cabinProduct>
                <fareProductDetail>
                  <fareBasis>XEVOA0BQ</fareBasis>
                  <passengerType>ADT</passengerType>
                  <fareType>RP</fareType>
                </fareProductDetail>
                <breakPoint>N</breakPoint>
              </productInformation>
            </groupOfFares>
            <groupOfFares>
              <productInformation>
                <cabinProduct>
                  <rbd>E</rbd>
                  <cabin>M</cabin>
                  <avlStatus>9</avlStatus>
                </cabinProduct>
                <fareProductDetail>
                  <fareBasis>XEVOA0BQ</fareBasis>
                  <passengerType>ADT</passengerType>
                  <fareType>RP</fareType>
                </fareProductDetail>
                <breakPoint>Y</breakPoint>
              </productInformation>
            </groupOfFares>
            <majCabin>
              <bookingClassDetails>
                <designator>M</designator>
              </bookingClassDetails>
            </majCabin>
          </fareDetails>
          <fareDetails>
            <segmentRef>
              <segRef>2</segRef>
            </segmentRef>
            <groupOfFares>
              <productInformation>
                <cabinProduct>
                  <rbd>E</rbd>
                  <cabin>M</cabin>
                  <avlStatus>9</avlStatus>
                </cabinProduct>
                <fareProductDetail>
                  <fareBasis>VEVNA0BQ</fareBasis>
                  <passengerType>ADT</passengerType>
                  <fareType>RP</fareType>
                </fareProductDetail>
                <breakPoint>N</breakPoint>
              </productInformation>
            </groupOfFares>
            <groupOfFares>
              <productInformation>
                <cabinProduct>
                  <rbd>E</rbd>
                  <cabin>M</cabin>
                  <avlStatus>9</avlStatus>
                </cabinProduct>
                <fareProductDetail>
                  <fareBasis>VEVNA0BQ</fareBasis>
                  <passengerType>ADT</passengerType>
                  <fareType>RP</fareType>
                </fareProductDetail>
                <breakPoint>Y</breakPoint>
              </productInformation>
            </groupOfFares>
            <majCabin>
              <bookingClassDetails>
                <designator>M</designator>
              </bookingClassDetails>
            </majCabin>
          </fareDetails>
        </paxFareProduct>
      </recommendation>
      <recommendation>
        <itemNumber>
          <itemNumberId>
            <number>2</number>
          </itemNumberId>
        </itemNumber>
        <recPriceInfo>
          <monetaryDetail>
            <amount>377.20</amount>
          </monetaryDetail>
          <monetaryDetail>
            <amount>29.20</amount>
          </monetaryDetail>
        </recPriceInfo>
        <segmentFlightRef>
          <referencingDetail>
            <refQualifier>S</refQualifier>
            <refNumber>1</refNumber>
          </referencingDetail>
          <referencingDetail>
            <refQualifier>S</refQualifier>
            <refNumber>8</refNumber>
          </referencingDetail>
          <referencingDetail>
            <refQualifier>B</refQualifier>
            <refNumber>1</refNumber>
          </referencingDetail>
        </segmentFlightRef>
        <paxFareProduct>
          <paxFareDetail>
            <paxFareNum>1</paxFareNum>
            <totalFareAmount>377.20</totalFareAmount>
            <totalTaxAmount>29.20</totalTaxAmount>
            <codeShareDetails>
              <transportStageQualifier>V</transportStageQualifier>
              <company>DL</company>
            </codeShareDetails>
            <codeShareDetails>
              <company>KL</company>
            </codeShareDetails>
            <pricingTicketing>
              <priceType>OBV</priceType>
            </pricingTicketing>
          </paxFareDetail>
          <paxReference>
            <ptc>ADT</ptc>
            <traveller>
              <ref>1</ref>
            </traveller>
          </paxReference>
          <fare>
            <pricingMessage>
              <freeTextQualification>
                <textSubjectQualifier>PEN</textSubjectQualifier>
                <informationType>70</informationType>
              </freeTextQualification>
              <description>TICKETS ARE NON-REFUNDABLE</description>
            </pricingMessage>
          </fare>
          <fare>
            <pricingMessage>
              <freeTextQualification>
                <textSubjectQualifier>LTD</textSubjectQualifier>
                <informationType>40</informationType>
              </freeTextQualification>
              <description>LAST TKT DTE</description>
              <description>16APR20</description>
              <description> - SEE ADV PURCHASE</description>
            </pricingMessage>
          </fare>
          <fareDetails>
            <segmentRef>
              <segRef>1</segRef>
            </segmentRef>
            <groupOfFares>
              <productInformation>
                <cabinProduct>
                  <rbd>E</rbd>
                  <cabin>M</cabin>
                  <avlStatus>9</avlStatus>
                </cabinProduct>
                <fareProductDetail>
                  <fareBasis>XEVOA0BQ</fareBasis>
                  <passengerType>ADT</passengerType>
                  <fareType>RP</fareType>
                </fareProductDetail>
                <breakPoint>N</breakPoint>
              </productInformation>
            </groupOfFares>
            <groupOfFares>
              <productInformation>
                <cabinProduct>
                  <rbd>E</rbd>
                  <cabin>M</cabin>
                  <avlStatus>9</avlStatus>
                </cabinProduct>
                <fareProductDetail>
                  <fareBasis>XEVOA0BQ</fareBasis>
                  <passengerType>ADT</passengerType>
                  <fareType>RP</fareType>
                </fareProductDetail>
                <breakPoint>Y</breakPoint>
              </productInformation>
            </groupOfFares>
            <majCabin>
              <bookingClassDetails>
                <designator>M</designator>
              </bookingClassDetails>
            </majCabin>
          </fareDetails>
          <fareDetails>
            <segmentRef>
              <segRef>2</segRef>
            </segmentRef>
            <groupOfFares>
              <productInformation>
                <cabinProduct>
                  <rbd>E</rbd>
                  <cabin>M</cabin>
                  <avlStatus>9</avlStatus>
                </cabinProduct>
                <fareProductDetail>
                  <fareBasis>VEVNA0BQ</fareBasis>
                  <passengerType>ADT</passengerType>
                  <fareType>RP</fareType>
                </fareProductDetail>
                <breakPoint>N</breakPoint>
              </productInformation>
            </groupOfFares>
            <groupOfFares>
              <productInformation>
                <cabinProduct>
                  <rbd>E</rbd>
                  <cabin>M</cabin>
                  <avlStatus>9</avlStatus>
                </cabinProduct>
                <fareProductDetail>
                  <fareBasis>VEVNA0BQ</fareBasis>
                  <passengerType>ADT</passengerType>
                  <fareType>RP</fareType>
                </fareProductDetail>
                <breakPoint>Y</breakPoint>
              </productInformation>
            </groupOfFares>
            <majCabin>
              <bookingClassDetails>
                <designator>M</designator>
              </bookingClassDetails>
            </majCabin>
          </fareDetails>
        </paxFareProduct>
      </recommendation>
      <recommendation>
        <itemNumber>
          <itemNumberId>
            <number>3</number>
          </itemNumberId>
        </itemNumber>
        <recPriceInfo>
          <monetaryDetail>
            <amount>389.20</amount>
          </monetaryDetail>
          <monetaryDetail>
            <amount>29.20</amount>
          </monetaryDetail>
        </recPriceInfo>
        <segmentFlightRef>
          <referencingDetail>
            <refQualifier>S</refQualifier>
            <refNumber>2</refNumber>
          </referencingDetail>
          <referencingDetail>
            <refQualifier>S</refQualifier>
            <refNumber>1</refNumber>
          </referencingDetail>
          <referencingDetail>
            <refQualifier>B</refQualifier>
            <refNumber>1</refNumber>
          </referencingDetail>
        </segmentFlightRef>
        <segmentFlightRef>
          <referencingDetail>
            <refQualifier>S</refQualifier>
            <refNumber>2</refNumber>
          </referencingDetail>
          <referencingDetail>
            <refQualifier>S</refQualifier>
            <refNumber>2</refNumber>
          </referencingDetail>
          <referencingDetail>
            <refQualifier>B</refQualifier>
            <refNumber>1</refNumber>
          </referencingDetail>
        </segmentFlightRef>
        <segmentFlightRef>
          <referencingDetail>
            <refQualifier>S</refQualifier>
            <refNumber>2</refNumber>
          </referencingDetail>
          <referencingDetail>
            <refQualifier>S</refQualifier>
            <refNumber>3</refNumber>
          </referencingDetail>
          <referencingDetail>
            <refQualifier>B</refQualifier>
            <refNumber>1</refNumber>
          </referencingDetail>
        </segmentFlightRef>
        <segmentFlightRef>
          <referencingDetail>
            <refQualifier>S</refQualifier>
            <refNumber>2</refNumber>
          </referencingDetail>
          <referencingDetail>
            <refQualifier>S</refQualifier>
            <refNumber>4</refNumber>
          </referencingDetail>
          <referencingDetail>
            <refQualifier>B</refQualifier>
            <refNumber>1</refNumber>
          </referencingDetail>
        </segmentFlightRef>
        <segmentFlightRef>
          <referencingDetail>
            <refQualifier>S</refQualifier>
            <refNumber>2</refNumber>
          </referencingDetail>
          <referencingDetail>
            <refQualifier>S</refQualifier>
            <refNumber>5</refNumber>
          </referencingDetail>
          <referencingDetail>
            <refQualifier>B</refQualifier>
            <refNumber>1</refNumber>
          </referencingDetail>
        </segmentFlightRef>
        <segmentFlightRef>
          <referencingDetail>
            <refQualifier>S</refQualifier>
            <refNumber>2</refNumber>
          </referencingDetail>
          <referencingDetail>
            <refQualifier>S</refQualifier>
            <refNumber>6</refNumber>
          </referencingDetail>
          <referencingDetail>
            <refQualifier>B</refQualifier>
            <refNumber>1</refNumber>
          </referencingDetail>
        </segmentFlightRef>
        <segmentFlightRef>
          <referencingDetail>
            <refQualifier>S</refQualifier>
            <refNumber>2</refNumber>
          </referencingDetail>
          <referencingDetail>
            <refQualifier>S</refQualifier>
            <refNumber>7</refNumber>
          </referencingDetail>
          <referencingDetail>
            <refQualifier>B</refQualifier>
            <refNumber>1</refNumber>
          </referencingDetail>
        </segmentFlightRef>
        <paxFareProduct>
          <paxFareDetail>
            <paxFareNum>1</paxFareNum>
            <totalFareAmount>389.20</totalFareAmount>
            <totalTaxAmount>29.20</totalTaxAmount>
            <codeShareDetails>
              <transportStageQualifier>V</transportStageQualifier>
              <company>DL</company>
            </codeShareDetails>
            <codeShareDetails>
              <company>KL</company>
            </codeShareDetails>
            <pricingTicketing>
              <priceType>OBV</priceType>
            </pricingTicketing>
          </paxFareDetail>
          <paxReference>
            <ptc>ADT</ptc>
            <traveller>
              <ref>1</ref>
            </traveller>
          </paxReference>
          <fare>
            <pricingMessage>
              <freeTextQualification>
                <textSubjectQualifier>PEN</textSubjectQualifier>
                <informationType>70</informationType>
              </freeTextQualification>
              <description>TICKETS ARE NON-REFUNDABLE</description>
            </pricingMessage>
          </fare>
          <fare>
            <pricingMessage>
              <freeTextQualification>
                <textSubjectQualifier>LTD</textSubjectQualifier>
                <informationType>40</informationType>
              </freeTextQualification>
              <description>LAST TKT DTE</description>
              <description>16APR20</description>
              <description> - SEE ADV PURCHASE</description>
            </pricingMessage>
          </fare>
          <fareDetails>
            <segmentRef>
              <segRef>1</segRef>
            </segmentRef>
            <groupOfFares>
              <productInformation>
                <cabinProduct>
                  <rbd>E</rbd>
                  <cabin>M</cabin>
                  <avlStatus>9</avlStatus>
                </cabinProduct>
                <fareProductDetail>
                  <fareBasis>XAVQA0BC</fareBasis>
                  <passengerType>ADT</passengerType>
                  <fareType>RP</fareType>
                </fareProductDetail>
                <breakPoint>Y</breakPoint>
              </productInformation>
            </groupOfFares>
            <groupOfFares>
              <productInformation>
                <cabinProduct>
                  <rbd>E</rbd>
                  <cabin>M</cabin>
                  <avlStatus>9</avlStatus>
                </cabinProduct>
                <fareProductDetail>
                  <fareBasis>XFVQA0BQ</fareBasis>
                  <passengerType>ADT</passengerType>
                  <fareType>RP</fareType>
                </fareProductDetail>
                <breakPoint>Y</breakPoint>
              </productInformation>
            </groupOfFares>
            <majCabin>
              <bookingClassDetails>
                <designator>M</designator>
              </bookingClassDetails>
            </majCabin>
          </fareDetails>
          <fareDetails>
            <segmentRef>
              <segRef>2</segRef>
            </segmentRef>
            <groupOfFares>
              <productInformation>
                <cabinProduct>
                  <rbd>E</rbd>
                  <cabin>M</cabin>
                  <avlStatus>9</avlStatus>
                </cabinProduct>
                <fareProductDetail>
                  <fareBasis>VEVNA0BQ</fareBasis>
                  <passengerType>ADT</passengerType>
                  <fareType>RP</fareType>
                </fareProductDetail>
                <breakPoint>N</breakPoint>
              </productInformation>
            </groupOfFares>
            <groupOfFares>
              <productInformation>
                <cabinProduct>
                  <rbd>E</rbd>
                  <cabin>M</cabin>
                  <avlStatus>9</avlStatus>
                </cabinProduct>
                <fareProductDetail>
                  <fareBasis>VEVNA0BQ</fareBasis>
                  <passengerType>ADT</passengerType>
                  <fareType>RP</fareType>
                </fareProductDetail>
                <breakPoint>Y</breakPoint>
              </productInformation>
            </groupOfFares>
            <majCabin>
              <bookingClassDetails>
                <designator>M</designator>
              </bookingClassDetails>
            </majCabin>
          </fareDetails>
        </paxFareProduct>
      </recommendation>
      <recommendation>
        <itemNumber>
          <itemNumberId>
            <number>4</number>
          </itemNumberId>
        </itemNumber>
        <recPriceInfo>
          <monetaryDetail>
            <amount>389.20</amount>
          </monetaryDetail>
          <monetaryDetail>
            <amount>29.20</amount>
          </monetaryDetail>
        </recPriceInfo>
        <segmentFlightRef>
          <referencingDetail>
            <refQualifier>S</refQualifier>
            <refNumber>2</refNumber>
          </referencingDetail>
          <referencingDetail>
            <refQualifier>S</refQualifier>
            <refNumber>8</refNumber>
          </referencingDetail>
          <referencingDetail>
            <refQualifier>B</refQualifier>
            <refNumber>1</refNumber>
          </referencingDetail>
        </segmentFlightRef>
        <paxFareProduct>
          <paxFareDetail>
            <paxFareNum>1</paxFareNum>
            <totalFareAmount>389.20</totalFareAmount>
            <totalTaxAmount>29.20</totalTaxAmount>
            <codeShareDetails>
              <transportStageQualifier>V</transportStageQualifier>
              <company>DL</company>
            </codeShareDetails>
            <codeShareDetails>
              <company>KL</company>
            </codeShareDetails>
            <pricingTicketing>
              <priceType>OBV</priceType>
            </pricingTicketing>
          </paxFareDetail>
          <paxReference>
            <ptc>ADT</ptc>
            <traveller>
              <ref>1</ref>
            </traveller>
          </paxReference>
          <fare>
            <pricingMessage>
              <freeTextQualification>
                <textSubjectQualifier>PEN</textSubjectQualifier>
                <informationType>70</informationType>
              </freeTextQualification>
              <description>TICKETS ARE NON-REFUNDABLE</description>
            </pricingMessage>
          </fare>
          <fare>
            <pricingMessage>
              <freeTextQualification>
                <textSubjectQualifier>LTD</textSubjectQualifier>
                <informationType>40</informationType>
              </freeTextQualification>
              <description>LAST TKT DTE</description>
              <description>16APR20</description>
              <description> - SEE ADV PURCHASE</description>
            </pricingMessage>
          </fare>
          <fareDetails>
            <segmentRef>
              <segRef>1</segRef>
            </segmentRef>
            <groupOfFares>
              <productInformation>
                <cabinProduct>
                  <rbd>E</rbd>
                  <cabin>M</cabin>
                  <avlStatus>9</avlStatus>
                </cabinProduct>
                <fareProductDetail>
                  <fareBasis>XAVQA0BC</fareBasis>
                  <passengerType>ADT</passengerType>
                  <fareType>RP</fareType>
                </fareProductDetail>
                <breakPoint>Y</breakPoint>
              </productInformation>
            </groupOfFares>
            <groupOfFares>
              <productInformation>
                <cabinProduct>
                  <rbd>E</rbd>
                  <cabin>M</cabin>
                  <avlStatus>9</avlStatus>
                </cabinProduct>
                <fareProductDetail>
                  <fareBasis>XFVQA0BQ</fareBasis>
                  <passengerType>ADT</passengerType>
                  <fareType>RP</fareType>
                </fareProductDetail>
                <breakPoint>Y</breakPoint>
              </productInformation>
            </groupOfFares>
            <majCabin>
              <bookingClassDetails>
                <designator>M</designator>
              </bookingClassDetails>
            </majCabin>
          </fareDetails>
          <fareDetails>
            <segmentRef>
              <segRef>2</segRef>
            </segmentRef>
            <groupOfFares>
              <productInformation>
                <cabinProduct>
                  <rbd>E</rbd>
                  <cabin>M</cabin>
                  <avlStatus>9</avlStatus>
                </cabinProduct>
                <fareProductDetail>
                  <fareBasis>VEVNA0BQ</fareBasis>
                  <passengerType>ADT</passengerType>
                  <fareType>RP</fareType>
                </fareProductDetail>
                <breakPoint>N</breakPoint>
              </productInformation>
            </groupOfFares>
            <groupOfFares>
              <productInformation>
                <cabinProduct>
                  <rbd>E</rbd>
                  <cabin>M</cabin>
                  <avlStatus>9</avlStatus>
                </cabinProduct>
                <fareProductDetail>
                  <fareBasis>VEVNA0BQ</fareBasis>
                  <passengerType>ADT</passengerType>
                  <fareType>RP</fareType>
                </fareProductDetail>
                <breakPoint>Y</breakPoint>
              </productInformation>
            </groupOfFares>
            <majCabin>
              <bookingClassDetails>
                <designator>M</designator>
              </bookingClassDetails>
            </majCabin>
          </fareDetails>
        </paxFareProduct>
      </recommendation>
      <recommendation>
        <itemNumber>
          <itemNumberId>
            <number>5</number>
          </itemNumberId>
        </itemNumber>
        <recPriceInfo>
          <monetaryDetail>
            <amount>399.20</amount>
          </monetaryDetail>
          <monetaryDetail>
            <amount>29.20</amount>
          </monetaryDetail>
        </recPriceInfo>
        <segmentFlightRef>
          <referencingDetail>
            <refQualifier>S</refQualifier>
            <refNumber>1</refNumber>
          </referencingDetail>
          <referencingDetail>
            <refQualifier>S</refQualifier>
            <refNumber>9</refNumber>
          </referencingDetail>
          <referencingDetail>
            <refQualifier>A</refQualifier>
            <refNumber>1</refNumber>
          </referencingDetail>
          <referencingDetail>
            <refQualifier>B</refQualifier>
            <refNumber>1</refNumber>
          </referencingDetail>
        </segmentFlightRef>
        <segmentFlightRef>
          <referencingDetail>
            <refQualifier>S</refQualifier>
            <refNumber>1</refNumber>
          </referencingDetail>
          <referencingDetail>
            <refQualifier>S</refQualifier>
            <refNumber>10</refNumber>
          </referencingDetail>
          <referencingDetail>
            <refQualifier>A</refQualifier>
            <refNumber>2</refNumber>
          </referencingDetail>
          <referencingDetail>
            <refQualifier>B</refQualifier>
            <refNumber>1</refNumber>
          </referencingDetail>
        </segmentFlightRef>
        <paxFareProduct>
          <paxFareDetail>
            <paxFareNum>1</paxFareNum>
            <totalFareAmount>399.20</totalFareAmount>
            <totalTaxAmount>29.20</totalTaxAmount>
            <codeShareDetails>
              <transportStageQualifier>V</transportStageQualifier>
              <company>DL</company>
            </codeShareDetails>
            <codeShareDetails>
              <company>KL</company>
            </codeShareDetails>
            <pricingTicketing>
              <priceType>OBV</priceType>
            </pricingTicketing>
          </paxFareDetail>
          <paxReference>
            <ptc>ADT</ptc>
            <traveller>
              <ref>1</ref>
            </traveller>
          </paxReference>
          <fare>
            <pricingMessage>
              <freeTextQualification>
                <textSubjectQualifier>PEN</textSubjectQualifier>
                <informationType>70</informationType>
              </freeTextQualification>
              <description>TICKETS ARE NON-REFUNDABLE</description>
            </pricingMessage>
          </fare>
          <fare>
            <pricingMessage>
              <freeTextQualification>
                <textSubjectQualifier>LTD</textSubjectQualifier>
                <informationType>40</informationType>
              </freeTextQualification>
              <description>LAST TKT DTE</description>
              <description>16APR20</description>
              <description> - SEE ADV PURCHASE</description>
            </pricingMessage>
          </fare>
          <fareDetails>
            <segmentRef>
              <segRef>1</segRef>
            </segmentRef>
            <groupOfFares>
              <productInformation>
                <cabinProduct>
                  <rbd>E</rbd>
                  <cabin>M</cabin>
                  <avlStatus>9</avlStatus>
                </cabinProduct>
                <fareProductDetail>
                  <fareBasis>XEVOA0BQ</fareBasis>
                  <passengerType>ADT</passengerType>
                  <fareType>RP</fareType>
                </fareProductDetail>
                <breakPoint>N</breakPoint>
              </productInformation>
            </groupOfFares>
            <groupOfFares>
              <productInformation>
                <cabinProduct>
                  <rbd>E</rbd>
                  <cabin>M</cabin>
                  <avlStatus>9</avlStatus>
                </cabinProduct>
                <fareProductDetail>
                  <fareBasis>XEVOA0BQ</fareBasis>
                  <passengerType>ADT</passengerType>
                  <fareType>RP</fareType>
                </fareProductDetail>
                <breakPoint>Y</breakPoint>
              </productInformation>
            </groupOfFares>
            <majCabin>
              <bookingClassDetails>
                <designator>M</designator>
              </bookingClassDetails>
            </majCabin>
          </fareDetails>
          <fareDetails>
            <segmentRef>
              <segRef>2</segRef>
            </segmentRef>
            <groupOfFares>
              <productInformation>
                <cabinProduct>
                  <rbd>E</rbd>
                  <cabin>M</cabin>
                  <avlStatus>9</avlStatus>
                </cabinProduct>
                <fareProductDetail>
                  <fareBasis>VAVNA0BQ</fareBasis>
                  <passengerType>ADT</passengerType>
                  <fareType>RP</fareType>
                </fareProductDetail>
                <breakPoint>Y</breakPoint>
              </productInformation>
            </groupOfFares>
            <groupOfFares>
              <productInformation>
                <cabinProduct>
                  <rbd>E</rbd>
                  <cabin>M</cabin>
                  <avlStatus>9</avlStatus>
                </cabinProduct>
                <fareProductDetail>
                  <fareBasis>XAVNC2BC</fareBasis>
                  <passengerType>ADT</passengerType>
                  <fareType>RP</fareType>
                </fareProductDetail>
                <breakPoint>Y</breakPoint>
              </productInformation>
            </groupOfFares>
            <majCabin>
              <bookingClassDetails>
                <designator>M</designator>
              </bookingClassDetails>
            </majCabin>
          </fareDetails>
        </paxFareProduct>
        <specificRecDetails>
          <specificRecItem>
            <referenceType>A</referenceType>
            <refNumber>1</refNumber>
          </specificRecItem>
          <specificProductDetails>
            <productReferences>
              <paxFareNum>1</paxFareNum>
            </productReferences>
            <fareContextDetails>
              <requestedSegmentInfo>
                <segRef>2</segRef>
              </requestedSegmentInfo>
              <cnxContextDetails>
                <fareCnxInfo>
                  <contextDetails>
                    <availabilityCnxType>LA</availabilityCnxType>
                  </contextDetails>
                </fareCnxInfo>
              </cnxContextDetails>
              <cnxContextDetails>
                <fareCnxInfo>
                  <contextDetails>
                    <availabilityCnxType>LA</availabilityCnxType>
                  </contextDetails>
                </fareCnxInfo>
              </cnxContextDetails>
            </fareContextDetails>
          </specificProductDetails>
        </specificRecDetails>
        <specificRecDetails>
          <specificRecItem>
            <referenceType>A</referenceType>
            <refNumber>2</refNumber>
          </specificRecItem>
          <specificProductDetails>
            <productReferences>
              <paxFareNum>1</paxFareNum>
            </productReferences>
            <fareContextDetails>
              <requestedSegmentInfo>
                <segRef>2</segRef>
              </requestedSegmentInfo>
              <cnxContextDetails>
                <fareCnxInfo>
                  <contextDetails>
                    <availabilityCnxType>LA</availabilityCnxType>
                  </contextDetails>
                </fareCnxInfo>
              </cnxContextDetails>
              <cnxContextDetails>
                <fareCnxInfo>
                  <contextDetails>
                    <availabilityCnxType>LA</availabilityCnxType>
                  </contextDetails>
                </fareCnxInfo>
              </cnxContextDetails>
            </fareContextDetails>
          </specificProductDetails>
        </specificRecDetails>
      </recommendation>
      <recommendation>
        <itemNumber>
          <itemNumberId>
            <number>6</number>
          </itemNumberId>
        </itemNumber>
        <recPriceInfo>
          <monetaryDetail>
            <amount>518.20</amount>
          </monetaryDetail>
          <monetaryDetail>
            <amount>29.20</amount>
          </monetaryDetail>
        </recPriceInfo>
        <segmentFlightRef>
          <referencingDetail>
            <refQualifier>S</refQualifier>
            <refNumber>3</refNumber>
          </referencingDetail>
          <referencingDetail>
            <refQualifier>S</refQualifier>
            <refNumber>11</refNumber>
          </referencingDetail>
          <referencingDetail>
            <refQualifier>A</refQualifier>
            <refNumber>3</refNumber>
          </referencingDetail>
          <referencingDetail>
            <refQualifier>B</refQualifier>
            <refNumber>1</refNumber>
          </referencingDetail>
        </segmentFlightRef>
        <paxFareProduct>
          <paxFareDetail>
            <paxFareNum>1</paxFareNum>
            <totalFareAmount>518.20</totalFareAmount>
            <totalTaxAmount>29.20</totalTaxAmount>
            <codeShareDetails>
              <transportStageQualifier>V</transportStageQualifier>
              <company>UA</company>
            </codeShareDetails>
          </paxFareDetail>
          <paxReference>
            <ptc>ADT</ptc>
            <traveller>
              <ref>1</ref>
            </traveller>
          </paxReference>
          <fare>
            <pricingMessage>
              <freeTextQualification>
                <textSubjectQualifier>PEN</textSubjectQualifier>
                <informationType>70</informationType>
              </freeTextQualification>
              <description>TICKETS ARE NON-REFUNDABLE</description>
            </pricingMessage>
          </fare>
          <fare>
            <pricingMessage>
              <freeTextQualification>
                <textSubjectQualifier>LTD</textSubjectQualifier>
                <informationType>40</informationType>
              </freeTextQualification>
              <description>LAST TKT DTE</description>
              <description>16APR20</description>
              <description> - SEE ADV PURCHASE</description>
            </pricingMessage>
          </fare>
          <fareDetails>
            <segmentRef>
              <segRef>1</segRef>
            </segmentRef>
            <groupOfFares>
              <productInformation>
                <cabinProduct>
                  <rbd>W</rbd>
                  <cabin>M</cabin>
                  <avlStatus>9</avlStatus>
                </cabinProduct>
                <fareProductDetail>
                  <fareBasis>WAA2AFEN</fareBasis>
                  <passengerType>ADT</passengerType>
                  <fareType>RP</fareType>
                </fareProductDetail>
                <breakPoint>N</breakPoint>
              </productInformation>
            </groupOfFares>
            <groupOfFares>
              <productInformation>
                <cabinProduct>
                  <rbd>W</rbd>
                  <cabin>M</cabin>
                  <avlStatus>9</avlStatus>
                </cabinProduct>
                <fareProductDetail>
                  <fareBasis>WAA2AFEN</fareBasis>
                  <passengerType>ADT</passengerType>
                  <fareType>RP</fareType>
                </fareProductDetail>
                <breakPoint>Y</breakPoint>
              </productInformation>
            </groupOfFares>
            <majCabin>
              <bookingClassDetails>
                <designator>M</designator>
              </bookingClassDetails>
            </majCabin>
          </fareDetails>
          <fareDetails>
            <segmentRef>
              <segRef>2</segRef>
            </segmentRef>
            <groupOfFares>
              <productInformation>
                <cabinProduct>
                  <rbd>K</rbd>
                  <cabin>M</cabin>
                  <avlStatus>9</avlStatus>
                </cabinProduct>
                <fareProductDetail>
                  <fareBasis>KAA2AFDN</fareBasis>
                  <passengerType>ADT</passengerType>
                  <fareType>RP</fareType>
                </fareProductDetail>
                <breakPoint>Y</breakPoint>
              </productInformation>
            </groupOfFares>
            <groupOfFares>
              <productInformation>
                <cabinProduct>
                  <rbd>G</rbd>
                  <cabin>M</cabin>
                  <avlStatus>9</avlStatus>
                </cabinProduct>
                <fareProductDetail>
                  <fareBasis>GAA2AQDN</fareBasis>
                  <passengerType>ADT</passengerType>
                  <fareType>RP</fareType>
                </fareProductDetail>
                <breakPoint>Y</breakPoint>
              </productInformation>
            </groupOfFares>
            <majCabin>
              <bookingClassDetails>
                <designator>M</designator>
              </bookingClassDetails>
            </majCabin>
          </fareDetails>
        </paxFareProduct>
        <specificRecDetails>
          <specificRecItem>
            <referenceType>A</referenceType>
            <refNumber>3</refNumber>
          </specificRecItem>
          <specificProductDetails>
            <productReferences>
              <paxFareNum>1</paxFareNum>
            </productReferences>
            <fareContextDetails>
              <requestedSegmentInfo>
                <segRef>2</segRef>
              </requestedSegmentInfo>
              <cnxContextDetails>
                <fareCnxInfo>
                  <contextDetails>
                    <availabilityCnxType>LA</availabilityCnxType>
                  </contextDetails>
                </fareCnxInfo>
              </cnxContextDetails>
              <cnxContextDetails>
                <fareCnxInfo>
                  <contextDetails>
                    <availabilityCnxType>LA</availabilityCnxType>
                  </contextDetails>
                </fareCnxInfo>
              </cnxContextDetails>
            </fareContextDetails>
          </specificProductDetails>
        </specificRecDetails>
      </recommendation>
      <recommendation>
        <itemNumber>
          <itemNumberId>
            <number>7</number>
          </itemNumberId>
        </itemNumber>
        <recPriceInfo>
          <monetaryDetail>
            <amount>546.20</amount>
          </monetaryDetail>
          <monetaryDetail>
            <amount>20.20</amount>
          </monetaryDetail>
        </recPriceInfo>
        <segmentFlightRef>
          <referencingDetail>
            <refQualifier>S</refQualifier>
            <refNumber>4</refNumber>
          </referencingDetail>
          <referencingDetail>
            <refQualifier>S</refQualifier>
            <refNumber>12</refNumber>
          </referencingDetail>
          <referencingDetail>
            <refQualifier>B</refQualifier>
            <refNumber>2</refNumber>
          </referencingDetail>
        </segmentFlightRef>
        <paxFareProduct>
          <paxFareDetail>
            <paxFareNum>1</paxFareNum>
            <totalFareAmount>546.20</totalFareAmount>
            <totalTaxAmount>20.20</totalTaxAmount>
            <codeShareDetails>
              <transportStageQualifier>V</transportStageQualifier>
              <company>AA</company>
            </codeShareDetails>
          </paxFareDetail>
          <paxReference>
            <ptc>ADT</ptc>
            <traveller>
              <ref>1</ref>
            </traveller>
          </paxReference>
          <fare>
            <pricingMessage>
              <freeTextQualification>
                <textSubjectQualifier>LTD</textSubjectQualifier>
                <informationType>40</informationType>
              </freeTextQualification>
              <description>LAST TKT DTE</description>
              <description>16APR20</description>
              <description> - SEE ADV PURCHASE</description>
            </pricingMessage>
          </fare>
          <fare>
            <pricingMessage>
              <freeTextQualification>
                <textSubjectQualifier>SUR</textSubjectQualifier>
                <informationType>79</informationType>
              </freeTextQualification>
              <description>FARE VALID FOR E TICKET ONLY</description>
            </pricingMessage>
          </fare>
          <fareDetails>
            <segmentRef>
              <segRef>1</segRef>
            </segmentRef>
            <groupOfFares>
              <productInformation>
                <cabinProduct>
                  <rbd>G</rbd>
                  <cabin>M</cabin>
                  <avlStatus>7</avlStatus>
                </cabinProduct>
                <fareProductDetail>
                  <fareBasis>GVAKZNN3</fareBasis>
                  <passengerType>ADT</passengerType>
                  <fareType>RP</fareType>
                  <fareType>ET</fareType>
                </fareProductDetail>
                <breakPoint>Y</breakPoint>
              </productInformation>
            </groupOfFares>
            <majCabin>
              <bookingClassDetails>
                <designator>M</designator>
              </bookingClassDetails>
            </majCabin>
          </fareDetails>
          <fareDetails>
            <segmentRef>
              <segRef>2</segRef>
            </segmentRef>
            <groupOfFares>
              <productInformation>
                <cabinProduct>
                  <rbd>G</rbd>
                  <cabin>M</cabin>
                  <avlStatus>7</avlStatus>
                </cabinProduct>
                <fareProductDetail>
                  <fareBasis>GVAKZNN3</fareBasis>
                  <passengerType>ADT</passengerType>
                  <fareType>RP</fareType>
                  <fareType>ET</fareType>
                </fareProductDetail>
                <breakPoint>Y</breakPoint>
              </productInformation>
            </groupOfFares>
            <majCabin>
              <bookingClassDetails>
                <designator>M</designator>
              </bookingClassDetails>
            </majCabin>
          </fareDetails>
        </paxFareProduct>
      </recommendation>
      <serviceFeesGrp>
        <serviceTypeInfo>
          <carrierFeeDetails>
            <type>FBA</type>
          </carrierFeeDetails>
        </serviceTypeInfo>
        <serviceCoverageInfoGrp>
          <itemNumberInfo>
            <itemNumber>
              <number>1</number>
            </itemNumber>
          </itemNumberInfo>
          <serviceCovInfoGrp>
            <paxRefInfo>
              <travellerDetails>
                <referenceNumber>1</referenceNumber>
              </travellerDetails>
            </paxRefInfo>
            <coveragePerFlightsInfo>
              <numberOfItemsDetails>
                <referenceQualifier>RS</referenceQualifier>
                <refNum>1</refNum>
              </numberOfItemsDetails>
              <lastItemsDetails>
                <refOfLeg>1</refOfLeg>
              </lastItemsDetails>
              <lastItemsDetails>
                <refOfLeg>2</refOfLeg>
              </lastItemsDetails>
            </coveragePerFlightsInfo>
            <coveragePerFlightsInfo>
              <numberOfItemsDetails>
                <referenceQualifier>RS</referenceQualifier>
                <refNum>2</refNum>
              </numberOfItemsDetails>
              <lastItemsDetails>
                <refOfLeg>1</refOfLeg>
              </lastItemsDetails>
              <lastItemsDetails>
                <refOfLeg>2</refOfLeg>
              </lastItemsDetails>
            </coveragePerFlightsInfo>
            <refInfo>
              <referencingDetail>
                <refQualifier>F</refQualifier>
                <refNumber>1</refNumber>
              </referencingDetail>
            </refInfo>
          </serviceCovInfoGrp>
        </serviceCoverageInfoGrp>
        <serviceCoverageInfoGrp>
          <itemNumberInfo>
            <itemNumber>
              <number>2</number>
            </itemNumber>
          </itemNumberInfo>
          <serviceCovInfoGrp>
            <paxRefInfo>
              <travellerDetails>
                <referenceNumber>1</referenceNumber>
              </travellerDetails>
            </paxRefInfo>
            <coveragePerFlightsInfo>
              <numberOfItemsDetails>
                <referenceQualifier>RS</referenceQualifier>
                <refNum>1</refNum>
              </numberOfItemsDetails>
              <lastItemsDetails>
                <refOfLeg>1</refOfLeg>
              </lastItemsDetails>
            </coveragePerFlightsInfo>
            <coveragePerFlightsInfo>
              <numberOfItemsDetails>
                <referenceQualifier>RS</referenceQualifier>
                <refNum>2</refNum>
              </numberOfItemsDetails>
              <lastItemsDetails>
                <refOfLeg>1</refOfLeg>
              </lastItemsDetails>
            </coveragePerFlightsInfo>
            <refInfo>
              <referencingDetail>
                <refQualifier>F</refQualifier>
                <refNumber>1</refNumber>
              </referencingDetail>
            </refInfo>
          </serviceCovInfoGrp>
        </serviceCoverageInfoGrp>
        <globalMessageMarker/>
        <freeBagAllowanceGrp>
          <freeBagAllownceInfo>
            <baggageDetails>
              <freeAllowance>0</freeAllowance>
              <quantityCode>N</quantityCode>
            </baggageDetails>
          </freeBagAllownceInfo>
          <itemNumberInfo>
            <itemNumberDetails>
              <number>1</number>
            </itemNumberDetails>
          </itemNumberInfo>
        </freeBagAllowanceGrp>
      </serviceFeesGrp>
    </Fare_MasterPricerTravelBoardSearchReply>
  </soapenv:Body>
</soapenv:Envelope>
