<?xml version="1.0" encoding="UTF-8"?>
<soapenv:Envelope xmlns:soapenv="http://schemas.xmlsoap.org/soap/envelope/" xmlns:awsse="http://xml.amadeus.com/2010/06/Session_v3" xmlns:wsa="http://www.w3.org/2005/08/addressing">
  <soapenv:Header>
    <wsa:To>http://www.w3.org/2005/08/addressing/anonymous</wsa:To>
    <wsa:From>
      <wsa:Address>https://nodeD1.test.webservices.amadeus.com/1ASIWIBESXI</wsa:Address>
    </wsa:From>
    <wsa:Action>http://webservices.amadeus.com/FMPTBQ_17_4_1A</wsa:Action>
    <wsa:MessageID>urn:uuid:a4a5b4e1-a311-aec4-f586-9c0e93f5f15e</wsa:MessageID>
    <wsa:RelatesTo RelationshipType="http://www.w3.org/2005/08/addressing/reply">32bb80c7-361c-8f4d-d238-c21d91d2e729</wsa:RelatesTo>
    <awsse:Session TransactionStatusCode="End">
      <awsse:SessionId>00R93RQ2JE</awsse:SessionId>
      <awsse:SequenceNumber>1</awsse:SequenceNumber>
      <awsse:SecurityToken>1BDZ5I4E42Z4H2DUUKLB5DTQ79</awsse:SecurityToken>
    </awsse:Session>
  </soapenv:Header>
  <soapenv:Body>
    <Fare_MasterPricerTravelBoardSearchReply xmlns="http://xml.amadeus.com/FMPTBR_17_4_1A">
      <replyStatus>
        <status>
          <advisoryTypeInfo>FQX</advisoryTypeInfo>
        </status>
      </replyStatus>
      <conversionRate>
        <conversionRateDetail>
          <currency>USD</currency>
        </conversionRateDetail>
      </conversionRate>
      <companyIdText>
        <textRefNumber>175</textRefNumber>
        <companyText>REPUBLIC AIRWAYS DELTA CONNECTION</companyText>
      </companyIdText>
      <companyIdText>
        <textRefNumber>172</textRefNumber>
        <companyText>ENDEAVOR AIR DBA DELTA CONNECTION</companyText>
      </companyIdText>
      <flightIndex>
        <requestedSegmentRef>
          <segRef>1</segRef>
        </requestedSegmentRef>
        <groupOfFlights>
          <propFlightGrDetail>
            <flightProposal>
              <ref>1</ref>
            </flightProposal>
            <flightProposal>
              <ref>0249</ref>
              <unitQualifier>EFT</unitQualifier>
            </flightProposal>
            <flightProposal>
              <ref>AA</ref>
              <unitQualifier>MCX</unitQualifier>
            </flightProposal>
          </propFlightGrDetail>
          <flightDetails>
            <flightInformation>
              <productDateTime>
                <dateOfDeparture>220520</dateOfDeparture>
                <timeOfDeparture>1241</timeOfDeparture>
                <dateOfArrival>220520</dateOfArrival>
                <timeOfArrival>1530</timeOfArrival>
              </productDateTime>
              <location>
                <locationId>MIA</locationId>
              </location>
              <location>
                <locationId>JFK</locationId>
                <terminal>8</terminal>
              </location>
              <companyId>
                <marketingCarrier>AA</marketingCarrier>
                <operatingCarrier>AA</operatingCarrier>
              </companyId>
              <flightOrtrainNumber>309</flightOrtrainNumber>
              <productDetail>
                <equipmentType>738</equipmentType>
              </productDetail>
              <addProductDetail>
                <electronicTicketing>Y</electronicTicketing>
                <productDetailQualifier>AIP</productDetailQualifier>
              </addProductDetail>
            </flightInformation>
          </flightDetails>
        </groupOfFlights>
        <groupOfFlights>
          <propFlightGrDetail>
            <flightProposal>
              <ref>2</ref>
            </flightProposal>
            <flightProposal>
              <ref>0252</ref>
              <unitQualifier>EFT</unitQualifier>
            </flightProposal>
            <flightProposal>
              <ref>AA</ref>
              <unitQualifier>MCX</unitQualifier>
            </flightProposal>
          </propFlightGrDetail>
          <flightDetails>
            <flightInformation>
              <productDateTime>
                <dateOfDeparture>220520</dateOfDeparture>
                <timeOfDeparture>2240</timeOfDeparture>
                <dateOfArrival>230520</dateOfArrival>
                <timeOfArrival>0132</timeOfArrival>
                <dateVariation>1</dateVariation>
              </productDateTime>
              <location>
                <locationId>MIA</locationId>
              </location>
              <location>
                <locationId>JFK</locationId>
                <terminal>8</terminal>
              </location>
              <companyId>
                <marketingCarrier>AA</marketingCarrier>
                <operatingCarrier>AA</operatingCarrier>
              </companyId>
              <flightOrtrainNumber>2452</flightOrtrainNumber>
              <productDetail>
                <equipmentType>738</equipmentType>
              </productDetail>
              <addProductDetail>
                <electronicTicketing>Y</electronicTicketing>
                <productDetailQualifier>AIP</productDetailQualifier>
              </addProductDetail>
            </flightInformation>
          </flightDetails>
        </groupOfFlights>
        <groupOfFlights>
          <propFlightGrDetail>
            <flightProposal>
              <ref>3</ref>
            </flightProposal>
            <flightProposal>
              <ref>0301</ref>
              <unitQualifier>EFT</unitQualifier>
            </flightProposal>
            <flightProposal>
              <ref>AA</ref>
              <unitQualifier>MCX</unitQualifier>
            </flightProposal>
          </propFlightGrDetail>
          <flightDetails>
            <flightInformation>
              <productDateTime>
                <dateOfDeparture>220520</dateOfDeparture>
                <timeOfDeparture>0700</timeOfDeparture>
                <dateOfArrival>220520</dateOfArrival>
                <timeOfArrival>1001</timeOfArrival>
              </productDateTime>
              <location>
                <locationId>MIA</locationId>
              </location>
              <location>
                <locationId>JFK</locationId>
                <terminal>8</terminal>
              </location>
              <companyId>
                <marketingCarrier>AA</marketingCarrier>
                <operatingCarrier>AA</operatingCarrier>
              </companyId>
              <flightOrtrainNumber>1571</flightOrtrainNumber>
              <productDetail>
                <equipmentType>763</equipmentType>
              </productDetail>
              <addProductDetail>
                <electronicTicketing>Y</electronicTicketing>
                <productDetailQualifier>LCA</productDetailQualifier>
              </addProductDetail>
            </flightInformation>
          </flightDetails>
        </groupOfFlights>
        <groupOfFlights>
          <propFlightGrDetail>
            <flightProposal>
              <ref>4</ref>
            </flightProposal>
            <flightProposal>
              <ref>0304</ref>
              <unitQualifier>EFT</unitQualifier>
            </flightProposal>
            <flightProposal>
              <ref>AA</ref>
              <unitQualifier>MCX</unitQualifier>
            </flightProposal>
          </propFlightGrDetail>
          <flightDetails>
            <flightInformation>
              <productDateTime>
                <dateOfDeparture>220520</dateOfDeparture>
                <timeOfDeparture>1350</timeOfDeparture>
                <dateOfArrival>220520</dateOfArrival>
                <timeOfArrival>1654</timeOfArrival>
              </productDateTime>
              <location>
                <locationId>MIA</locationId>
              </location>
              <location>
                <locationId>JFK</locationId>
                <terminal>8</terminal>
              </location>
              <companyId>
                <marketingCarrier>AA</marketingCarrier>
                <operatingCarrier>AA</operatingCarrier>
              </companyId>
              <flightOrtrainNumber>251</flightOrtrainNumber>
              <productDetail>
                <equipmentType>757</equipmentType>
              </productDetail>
              <addProductDetail>
                <electronicTicketing>Y</electronicTicketing>
                <productDetailQualifier>AIP</productDetailQualifier>
              </addProductDetail>
            </flightInformation>
          </flightDetails>
        </groupOfFlights>
        <groupOfFlights>
          <propFlightGrDetail>
            <flightProposal>
              <ref>5</ref>
            </flightProposal>
            <flightProposal>
              <ref>0304</ref>
              <unitQualifier>EFT</unitQualifier>
            </flightProposal>
            <flightProposal>
              <ref>AA</ref>
              <unitQualifier>MCX</unitQualifier>
            </flightProposal>
          </propFlightGrDetail>
          <flightDetails>
            <flightInformation>
              <productDateTime>
                <dateOfDeparture>220520</dateOfDeparture>
                <timeOfDeparture>1925</timeOfDeparture>
                <dateOfArrival>220520</dateOfArrival>
                <timeOfArrival>2229</timeOfArrival>
              </productDateTime>
              <location>
                <locationId>MIA</locationId>
              </location>
              <location>
                <locationId>JFK</locationId>
                <terminal>8</terminal>
              </location>
              <companyId>
                <marketingCarrier>AA</marketingCarrier>
                <operatingCarrier>AA</operatingCarrier>
              </companyId>
              <flightOrtrainNumber>1142</flightOrtrainNumber>
              <productDetail>
                <equipmentType>763</equipmentType>
              </productDetail>
              <addProductDetail>
                <electronicTicketing>Y</electronicTicketing>
                <productDetailQualifier>LCA</productDetailQualifier>
              </addProductDetail>
            </flightInformation>
          </flightDetails>
        </groupOfFlights>
        <groupOfFlights>
          <propFlightGrDetail>
            <flightProposal>
              <ref>6</ref>
            </flightProposal>
            <flightProposal>
              <ref>0305</ref>
              <unitQualifier>EFT</unitQualifier>
            </flightProposal>
            <flightProposal>
              <ref>AA</ref>
              <unitQualifier>MCX</unitQualifier>
            </flightProposal>
          </propFlightGrDetail>
          <flightDetails>
            <flightInformation>
              <productDateTime>
                <dateOfDeparture>220520</dateOfDeparture>
                <timeOfDeparture>1545</timeOfDeparture>
                <dateOfArrival>220520</dateOfArrival>
                <timeOfArrival>1850</timeOfArrival>
              </productDateTime>
              <location>
                <locationId>MIA</locationId>
              </location>
              <location>
                <locationId>JFK</locationId>
                <terminal>8</terminal>
              </location>
              <companyId>
                <marketingCarrier>AA</marketingCarrier>
                <operatingCarrier>AA</operatingCarrier>
              </companyId>
              <flightOrtrainNumber>1199</flightOrtrainNumber>
              <productDetail>
                <equipmentType>757</equipmentType>
              </productDetail>
              <addProductDetail>
                <electronicTicketing>Y</electronicTicketing>
                <productDetailQualifier>LCA</productDetailQualifier>
              </addProductDetail>
            </flightInformation>
          </flightDetails>
        </groupOfFlights>
        <groupOfFlights>
          <propFlightGrDetail>
            <flightProposal>
              <ref>7</ref>
            </flightProposal>
            <flightProposal>
              <ref>0552</ref>
              <unitQualifier>EFT</unitQualifier>
            </flightProposal>
            <flightProposal>
              <ref>DL</ref>
              <unitQualifier>MCX</unitQualifier>
            </flightProposal>
          </propFlightGrDetail>
          <flightDetails>
            <flightInformation>
              <productDateTime>
                <dateOfDeparture>220520</dateOfDeparture>
                <timeOfDeparture>1116</timeOfDeparture>
                <dateOfArrival>220520</dateOfArrival>
                <timeOfArrival>1316</timeOfArrival>
              </productDateTime>
              <location>
                <locationId>MIA</locationId>
              </location>
              <location>
                <locationId>ATL</locationId>
                <terminal>S</terminal>
              </location>
              <companyId>
                <marketingCarrier>DL</marketingCarrier>
                <operatingCarrier>DL</operatingCarrier>
              </companyId>
              <flightOrtrainNumber>1987</flightOrtrainNumber>
              <productDetail>
                <equipmentType>321</equipmentType>
              </productDetail>
              <addProductDetail>
                <electronicTicketing>Y</electronicTicketing>
                <productDetailQualifier>LCA</productDetailQualifier>
              </addProductDetail>
            </flightInformation>
          </flightDetails>
          <flightDetails>
            <flightInformation>
              <productDateTime>
                <dateOfDeparture>220520</dateOfDeparture>
                <timeOfDeparture>1446</timeOfDeparture>
                <dateOfArrival>220520</dateOfArrival>
                <timeOfArrival>1708</timeOfArrival>
              </productDateTime>
              <location>
                <locationId>ATL</locationId>
                <terminal>S</terminal>
              </location>
              <location>
                <locationId>JFK</locationId>
                <terminal>4</terminal>
              </location>
              <companyId>
                <marketingCarrier>DL</marketingCarrier>
                <operatingCarrier>DL</operatingCarrier>
              </companyId>
              <flightOrtrainNumber>1869</flightOrtrainNumber>
              <productDetail>
                <equipmentType>319</equipmentType>
              </productDetail>
              <addProductDetail>
                <electronicTicketing>Y</electronicTicketing>
                <productDetailQualifier>LCA</productDetailQualifier>
              </addProductDetail>
            </flightInformation>
          </flightDetails>
        </groupOfFlights>
        <groupOfFlights>
          <propFlightGrDetail>
            <flightProposal>
              <ref>8</ref>
            </flightProposal>
            <flightProposal>
              <ref>0554</ref>
              <unitQualifier>EFT</unitQualifier>
            </flightProposal>
            <flightProposal>
              <ref>DL</ref>
              <unitQualifier>MCX</unitQualifier>
            </flightProposal>
          </propFlightGrDetail>
          <flightDetails>
            <flightInformation>
              <productDateTime>
                <dateOfDeparture>220520</dateOfDeparture>
                <timeOfDeparture>0645</timeOfDeparture>
                <dateOfArrival>220520</dateOfArrival>
                <timeOfArrival>0844</timeOfArrival>
              </productDateTime>
              <location>
                <locationId>MIA</locationId>
              </location>
              <location>
                <locationId>ATL</locationId>
                <terminal>S</terminal>
              </location>
              <companyId>
                <marketingCarrier>DL</marketingCarrier>
                <operatingCarrier>DL</operatingCarrier>
              </companyId>
              <flightOrtrainNumber>891</flightOrtrainNumber>
              <productDetail>
                <equipmentType>321</equipmentType>
              </productDetail>
              <addProductDetail>
                <electronicTicketing>Y</electronicTicketing>
                <productDetailQualifier>LCA</productDetailQualifier>
              </addProductDetail>
            </flightInformation>
          </flightDetails>
          <flightDetails>
            <flightInformation>
              <productDateTime>
                <dateOfDeparture>220520</dateOfDeparture>
                <timeOfDeparture>1016</timeOfDeparture>
                <dateOfArrival>220520</dateOfArrival>
                <timeOfArrival>1239</timeOfArrival>
              </productDateTime>
              <location>
                <locationId>ATL</locationId>
                <terminal>S</terminal>
              </location>
              <location>
                <locationId>JFK</locationId>
                <terminal>4</terminal>
              </location>
              <companyId>
                <marketingCarrier>DL</marketingCarrier>
                <operatingCarrier>DL</operatingCarrier>
              </companyId>
              <flightOrtrainNumber>843</flightOrtrainNumber>
              <productDetail>
                <equipmentType>757</equipmentType>
              </productDetail>
              <addProductDetail>
                <electronicTicketing>Y</electronicTicketing>
                <productDetailQualifier>LCA</productDetailQualifier>
              </addProductDetail>
            </flightInformation>
          </flightDetails>
        </groupOfFlights>
        <groupOfFlights>
          <propFlightGrDetail>
            <flightProposal>
              <ref>9</ref>
            </flightProposal>
            <flightProposal>
              <ref>0559</ref>
              <unitQualifier>EFT</unitQualifier>
            </flightProposal>
            <flightProposal>
              <ref>DL</ref>
              <unitQualifier>MCX</unitQualifier>
            </flightProposal>
          </propFlightGrDetail>
          <flightDetails>
            <flightInformation>
              <productDateTime>
                <dateOfDeparture>220520</dateOfDeparture>
                <timeOfDeparture>0835</timeOfDeparture>
                <dateOfArrival>220520</dateOfArrival>
                <timeOfArrival>0946</timeOfArrival>
              </productDateTime>
              <location>
                <locationId>MIA</locationId>
              </location>
              <location>
                <locationId>MCO</locationId>
              </location>
              <companyId>
                <marketingCarrier>DL</marketingCarrier>
              </companyId>
              <flightOrtrainNumber>5646</flightOrtrainNumber>
              <productDetail>
                <equipmentType>E75</equipmentType>
              </productDetail>
              <addProductDetail>
                <electronicTicketing>Y</electronicTicketing>
                <productDetailQualifier>LCA</productDetailQualifier>
              </addProductDetail>
            </flightInformation>
            <commercialAgreement>
              <codeshareDetails>
                <codeShareType>S</codeShareType>
                <flightNumber>175</flightNumber>
              </codeshareDetails>
            </commercialAgreement>
          </flightDetails>
          <flightDetails>
            <flightInformation>
              <productDateTime>
                <dateOfDeparture>220520</dateOfDeparture>
                <timeOfDeparture>1151</timeOfDeparture>
                <dateOfArrival>220520</dateOfArrival>
                <timeOfArrival>1434</timeOfArrival>
              </productDateTime>
              <location>
                <locationId>MCO</locationId>
              </location>
              <location>
                <locationId>JFK</locationId>
                <terminal>4</terminal>
              </location>
              <companyId>
                <marketingCarrier>DL</marketingCarrier>
                <operatingCarrier>DL</operatingCarrier>
              </companyId>
              <flightOrtrainNumber>2822</flightOrtrainNumber>
              <productDetail>
                <equipmentType>321</equipmentType>
              </productDetail>
              <addProductDetail>
                <electronicTicketing>Y</electronicTicketing>
                <productDetailQualifier>LCA</productDetailQualifier>
              </addProductDetail>
            </flightInformation>
          </flightDetails>
        </groupOfFlights>
        <groupOfFlights>
          <propFlightGrDetail>
            <flightProposal>
              <ref>10</ref>
            </flightProposal>
            <flightProposal>
              <ref>0606</ref>
              <unitQualifier>EFT</unitQualifier>
            </flightProposal>
            <flightProposal>
              <ref>DL</ref>
              <unitQualifier>MCX</unitQualifier>
            </flightProposal>
          </propFlightGrDetail>
          <flightDetails>
            <flightInformation>
              <productDateTime>
                <dateOfDeparture>220520</dateOfDeparture>
                <timeOfDeparture>1200</timeOfDeparture>
                <dateOfArrival>220520</dateOfArrival>
                <timeOfArrival>1311</timeOfArrival>
              </productDateTime>
              <location>
                <locationId>MIA</locationId>
              </location>
              <location>
                <locationId>MCO</locationId>
              </location>
              <companyId>
                <marketingCarrier>DL</marketingCarrier>
              </companyId>
              <flightOrtrainNumber>5667</flightOrtrainNumber>
              <productDetail>
                <equipmentType>E75</equipmentType>
              </productDetail>
              <addProductDetail>
                <electronicTicketing>Y</electronicTicketing>
                <productDetailQualifier>LCA</productDetailQualifier>
              </addProductDetail>
            </flightInformation>
            <commercialAgreement>
              <codeshareDetails>
                <codeShareType>S</codeShareType>
                <flightNumber>175</flightNumber>
              </codeshareDetails>
            </commercialAgreement>
          </flightDetails>
          <flightDetails>
            <flightInformation>
              <productDateTime>
                <dateOfDeparture>220520</dateOfDeparture>
                <timeOfDeparture>1517</timeOfDeparture>
                <dateOfArrival>220520</dateOfArrival>
                <timeOfArrival>1806</timeOfArrival>
              </productDateTime>
              <location>
                <locationId>MCO</locationId>
              </location>
              <location>
                <locationId>JFK</locationId>
                <terminal>4</terminal>
              </location>
              <companyId>
                <marketingCarrier>DL</marketingCarrier>
                <operatingCarrier>DL</operatingCarrier>
              </companyId>
              <flightOrtrainNumber>2634</flightOrtrainNumber>
              <productDetail>
                <equipmentType>321</equipmentType>
              </productDetail>
              <addProductDetail>
                <electronicTicketing>Y</electronicTicketing>
                <productDetailQualifier>LCA</productDetailQualifier>
              </addProductDetail>
            </flightInformation>
          </flightDetails>
        </groupOfFlights>
        <groupOfFlights>
          <propFlightGrDetail>
            <flightProposal>
              <ref>11</ref>
            </flightProposal>
            <flightProposal>
              <ref>0754</ref>
              <unitQualifier>EFT</unitQualifier>
            </flightProposal>
            <flightProposal>
              <ref>DL</ref>
              <unitQualifier>MCX</unitQualifier>
            </flightProposal>
          </propFlightGrDetail>
          <flightDetails>
            <flightInformation>
              <productDateTime>
                <dateOfDeparture>220520</dateOfDeparture>
                <timeOfDeparture>1525</timeOfDeparture>
                <dateOfArrival>220520</dateOfArrival>
                <timeOfArrival>1636</timeOfArrival>
              </productDateTime>
              <location>
                <locationId>MIA</locationId>
              </location>
              <location>
                <locationId>MCO</locationId>
              </location>
              <companyId>
                <marketingCarrier>DL</marketingCarrier>
              </companyId>
              <flightOrtrainNumber>5978</flightOrtrainNumber>
              <productDetail>
                <equipmentType>E75</equipmentType>
              </productDetail>
              <addProductDetail>
                <electronicTicketing>Y</electronicTicketing>
                <productDetailQualifier>LCA</productDetailQualifier>
              </addProductDetail>
            </flightInformation>
            <commercialAgreement>
              <codeshareDetails>
                <codeShareType>S</codeShareType>
                <flightNumber>175</flightNumber>
              </codeshareDetails>
            </commercialAgreement>
          </flightDetails>
          <flightDetails>
            <flightInformation>
              <productDateTime>
                <dateOfDeparture>220520</dateOfDeparture>
                <timeOfDeparture>2030</timeOfDeparture>
                <dateOfArrival>220520</dateOfArrival>
                <timeOfArrival>2319</timeOfArrival>
              </productDateTime>
              <location>
                <locationId>MCO</locationId>
              </location>
              <location>
                <locationId>JFK</locationId>
                <terminal>4</terminal>
              </location>
              <companyId>
                <marketingCarrier>DL</marketingCarrier>
                <operatingCarrier>DL</operatingCarrier>
              </companyId>
              <flightOrtrainNumber>2279</flightOrtrainNumber>
              <productDetail>
                <equipmentType>321</equipmentType>
              </productDetail>
              <addProductDetail>
                <electronicTicketing>Y</electronicTicketing>
                <productDetailQualifier>LCA</productDetailQualifier>
              </addProductDetail>
            </flightInformation>
          </flightDetails>
        </groupOfFlights>
      </flightIndex>
      <flightIndex>
        <requestedSegmentRef>
          <segRef>2</segRef>
        </requestedSegmentRef>
        <groupOfFlights>
          <propFlightGrDetail>
            <flightProposal>
              <ref>1</ref>
            </flightProposal>
            <flightProposal>
              <ref>0308</ref>
              <unitQualifier>EFT</unitQualifier>
            </flightProposal>
            <flightProposal>
              <ref>AA</ref>
              <unitQualifier>MCX</unitQualifier>
            </flightProposal>
          </propFlightGrDetail>
          <flightDetails>
            <flightInformation>
              <productDateTime>
                <dateOfDeparture>300620</dateOfDeparture>
                <timeOfDeparture>0630</timeOfDeparture>
                <dateOfArrival>300620</dateOfArrival>
                <timeOfArrival>0938</timeOfArrival>
              </productDateTime>
              <location>
                <locationId>JFK</locationId>
                <terminal>8</terminal>
              </location>
              <location>
                <locationId>MIA</locationId>
              </location>
              <companyId>
                <marketingCarrier>AA</marketingCarrier>
                <operatingCarrier>AA</operatingCarrier>
              </companyId>
              <flightOrtrainNumber>2268</flightOrtrainNumber>
              <productDetail>
                <equipmentType>738</equipmentType>
              </productDetail>
              <addProductDetail>
                <electronicTicketing>Y</electronicTicketing>
                <productDetailQualifier>LCA</productDetailQualifier>
              </addProductDetail>
            </flightInformation>
          </flightDetails>
        </groupOfFlights>
        <groupOfFlights>
          <propFlightGrDetail>
            <flightProposal>
              <ref>2</ref>
            </flightProposal>
            <flightProposal>
              <ref>0310</ref>
              <unitQualifier>EFT</unitQualifier>
            </flightProposal>
            <flightProposal>
              <ref>AA</ref>
              <unitQualifier>MCX</unitQualifier>
            </flightProposal>
          </propFlightGrDetail>
          <flightDetails>
            <flightInformation>
              <productDateTime>
                <dateOfDeparture>300620</dateOfDeparture>
                <timeOfDeparture>1315</timeOfDeparture>
                <dateOfArrival>300620</dateOfArrival>
                <timeOfArrival>1625</timeOfArrival>
              </productDateTime>
              <location>
                <locationId>JFK</locationId>
                <terminal>8</terminal>
              </location>
              <location>
                <locationId>MIA</locationId>
              </location>
              <companyId>
                <marketingCarrier>AA</marketingCarrier>
                <operatingCarrier>AA</operatingCarrier>
              </companyId>
              <flightOrtrainNumber>2572</flightOrtrainNumber>
              <productDetail>
                <equipmentType>757</equipmentType>
              </productDetail>
              <addProductDetail>
                <electronicTicketing>Y</electronicTicketing>
                <productDetailQualifier>LCA</productDetailQualifier>
              </addProductDetail>
            </flightInformation>
          </flightDetails>
        </groupOfFlights>
        <groupOfFlights>
          <propFlightGrDetail>
            <flightProposal>
              <ref>3</ref>
            </flightProposal>
            <flightProposal>
              <ref>0311</ref>
              <unitQualifier>EFT</unitQualifier>
            </flightProposal>
            <flightProposal>
              <ref>AA</ref>
              <unitQualifier>MCX</unitQualifier>
            </flightProposal>
          </propFlightGrDetail>
          <flightDetails>
            <flightInformation>
              <productDateTime>
                <dateOfDeparture>300620</dateOfDeparture>
                <timeOfDeparture>1105</timeOfDeparture>
                <dateOfArrival>300620</dateOfArrival>
                <timeOfArrival>1416</timeOfArrival>
              </productDateTime>
              <location>
                <locationId>JFK</locationId>
                <terminal>8</terminal>
              </location>
              <location>
                <locationId>MIA</locationId>
              </location>
              <companyId>
                <marketingCarrier>AA</marketingCarrier>
                <operatingCarrier>AA</operatingCarrier>
              </companyId>
              <flightOrtrainNumber>1571</flightOrtrainNumber>
              <productDetail>
                <equipmentType>763</equipmentType>
              </productDetail>
              <addProductDetail>
                <electronicTicketing>Y</electronicTicketing>
                <productDetailQualifier>AIP</productDetailQualifier>
              </addProductDetail>
            </flightInformation>
          </flightDetails>
        </groupOfFlights>
        <groupOfFlights>
          <propFlightGrDetail>
            <flightProposal>
              <ref>4</ref>
            </flightProposal>
            <flightProposal>
              <ref>0558</ref>
              <unitQualifier>EFT</unitQualifier>
            </flightProposal>
            <flightProposal>
              <ref>DL</ref>
              <unitQualifier>MCX</unitQualifier>
            </flightProposal>
          </propFlightGrDetail>
          <flightDetails>
            <flightInformation>
              <productDateTime>
                <dateOfDeparture>300620</dateOfDeparture>
                <timeOfDeparture>0755</timeOfDeparture>
                <dateOfArrival>300620</dateOfArrival>
                <timeOfArrival>1025</timeOfArrival>
              </productDateTime>
              <location>
                <locationId>JFK</locationId>
                <terminal>4</terminal>
              </location>
              <location>
                <locationId>ATL</locationId>
                <terminal>S</terminal>
              </location>
              <companyId>
                <marketingCarrier>DL</marketingCarrier>
                <operatingCarrier>DL</operatingCarrier>
              </companyId>
              <flightOrtrainNumber>243</flightOrtrainNumber>
              <productDetail>
                <equipmentType>77L</equipmentType>
              </productDetail>
              <addProductDetail>
                <electronicTicketing>Y</electronicTicketing>
                <productDetailQualifier>AVR</productDetailQualifier>
              </addProductDetail>
            </flightInformation>
          </flightDetails>
          <flightDetails>
            <flightInformation>
              <productDateTime>
                <dateOfDeparture>300620</dateOfDeparture>
                <timeOfDeparture>1205</timeOfDeparture>
                <dateOfArrival>300620</dateOfArrival>
                <timeOfArrival>1353</timeOfArrival>
              </productDateTime>
              <location>
                <locationId>ATL</locationId>
                <terminal>S</terminal>
              </location>
              <location>
                <locationId>MIA</locationId>
              </location>
              <companyId>
                <marketingCarrier>DL</marketingCarrier>
                <operatingCarrier>DL</operatingCarrier>
              </companyId>
              <flightOrtrainNumber>1795</flightOrtrainNumber>
              <productDetail>
                <equipmentType>321</equipmentType>
              </productDetail>
              <addProductDetail>
                <electronicTicketing>Y</electronicTicketing>
                <productDetailQualifier>LCA</productDetailQualifier>
              </addProductDetail>
            </flightInformation>
          </flightDetails>
        </groupOfFlights>
        <groupOfFlights>
          <propFlightGrDetail>
            <flightProposal>
              <ref>5</ref>
            </flightProposal>
            <flightProposal>
              <ref>0600</ref>
              <unitQualifier>EFT</unitQualifier>
            </flightProposal>
            <flightProposal>
              <ref>DL</ref>
              <unitQualifier>MCX</unitQualifier>
            </flightProposal>
          </propFlightGrDetail>
          <flightDetails>
            <flightInformation>
              <productDateTime>
                <dateOfDeparture>300620</dateOfDeparture>
                <timeOfDeparture>0930</timeOfDeparture>
                <dateOfArrival>300620</dateOfArrival>
                <timeOfArrival>1136</timeOfArrival>
              </productDateTime>
              <location>
                <locationId>JFK</locationId>
                <terminal>4</terminal>
              </location>
              <location>
                <locationId>DTW</locationId>
                <terminal>EM</terminal>
              </location>
              <companyId>
                <marketingCarrier>DL</marketingCarrier>
              </companyId>
              <flightOrtrainNumber>5358</flightOrtrainNumber>
              <productDetail>
                <equipmentType>CR9</equipmentType>
              </productDetail>
              <addProductDetail>
                <electronicTicketing>Y</electronicTicketing>
                <productDetailQualifier>AIP</productDetailQualifier>
              </addProductDetail>
            </flightInformation>
            <commercialAgreement>
              <codeshareDetails>
                <codeShareType>S</codeShareType>
                <flightNumber>172</flightNumber>
              </codeshareDetails>
            </commercialAgreement>
          </flightDetails>
          <flightDetails>
            <flightInformation>
              <productDateTime>
                <dateOfDeparture>300620</dateOfDeparture>
                <timeOfDeparture>1230</timeOfDeparture>
                <dateOfArrival>300620</dateOfArrival>
                <timeOfArrival>1530</timeOfArrival>
              </productDateTime>
              <location>
                <locationId>DTW</locationId>
                <terminal>EM</terminal>
              </location>
              <location>
                <locationId>MIA</locationId>
              </location>
              <companyId>
                <marketingCarrier>DL</marketingCarrier>
                <operatingCarrier>DL</operatingCarrier>
              </companyId>
              <flightOrtrainNumber>1328</flightOrtrainNumber>
              <productDetail>
                <equipmentType>319</equipmentType>
              </productDetail>
              <addProductDetail>
                <electronicTicketing>Y</electronicTicketing>
                <productDetailQualifier>AIP</productDetailQualifier>
              </addProductDetail>
            </flightInformation>
          </flightDetails>
        </groupOfFlights>
      </flightIndex>
      <recommendation>
        <itemNumber>
          <itemNumberId>
            <number>1</number>
          </itemNumberId>
        </itemNumber>
        <recPriceInfo>
          <monetaryDetail>
            <amount>206.20</amount>
          </monetaryDetail>
          <monetaryDetail>
            <amount>20.20</amount>
          </monetaryDetail>
        </recPriceInfo>
        <segmentFlightRef>
          <referencingDetail>
            <refQualifier>S</refQualifier>
            <refNumber>1</refNumber>
          </referencingDetail>
          <referencingDetail>
            <refQualifier>S</refQualifier>
            <refNumber>1</refNumber>
          </referencingDetail>
          <referencingDetail>
            <refQualifier>B</refQualifier>
            <refNumber>1</refNumber>
          </referencingDetail>
        </segmentFlightRef>
        <segmentFlightRef>
          <referencingDetail>
            <refQualifier>S</refQualifier>
            <refNumber>1</refNumber>
          </referencingDetail>
          <referencingDetail>
            <refQualifier>S</refQualifier>
            <refNumber>2</refNumber>
          </referencingDetail>
          <referencingDetail>
            <refQualifier>B</refQualifier>
            <refNumber>1</refNumber>
          </referencingDetail>
        </segmentFlightRef>
        <segmentFlightRef>
          <referencingDetail>
            <refQualifier>S</refQualifier>
            <refNumber>2</refNumber>
          </referencingDetail>
          <referencingDetail>
            <refQualifier>S</refQualifier>
            <refNumber>1</refNumber>
          </referencingDetail>
          <referencingDetail>
            <refQualifier>B</refQualifier>
            <refNumber>1</refNumber>
          </referencingDetail>
        </segmentFlightRef>
        <segmentFlightRef>
          <referencingDetail>
            <refQualifier>S</refQualifier>
            <refNumber>2</refNumber>
          </referencingDetail>
          <referencingDetail>
            <refQualifier>S</refQualifier>
            <refNumber>2</refNumber>
          </referencingDetail>
          <referencingDetail>
            <refQualifier>B</refQualifier>
            <refNumber>1</refNumber>
          </referencingDetail>
        </segmentFlightRef>
        <segmentFlightRef>
          <referencingDetail>
            <refQualifier>S</refQualifier>
            <refNumber>3</refNumber>
          </referencingDetail>
          <referencingDetail>
            <refQualifier>S</refQualifier>
            <refNumber>1</refNumber>
          </referencingDetail>
          <referencingDetail>
            <refQualifier>B</refQualifier>
            <refNumber>1</refNumber>
          </referencingDetail>
        </segmentFlightRef>
        <segmentFlightRef>
          <referencingDetail>
            <refQualifier>S</refQualifier>
            <refNumber>3</refNumber>
          </referencingDetail>
          <referencingDetail>
            <refQualifier>S</refQualifier>
            <refNumber>2</refNumber>
          </referencingDetail>
          <referencingDetail>
            <refQualifier>B</refQualifier>
            <refNumber>1</refNumber>
          </referencingDetail>
        </segmentFlightRef>
        <segmentFlightRef>
          <referencingDetail>
            <refQualifier>S</refQualifier>
            <refNumber>3</refNumber>
          </referencingDetail>
          <referencingDetail>
            <refQualifier>S</refQualifier>
            <refNumber>3</refNumber>
          </referencingDetail>
          <referencingDetail>
            <refQualifier>B</refQualifier>
            <refNumber>1</refNumber>
          </referencingDetail>
        </segmentFlightRef>
        <segmentFlightRef>
          <referencingDetail>
            <refQualifier>S</refQualifier>
            <refNumber>4</refNumber>
          </referencingDetail>
          <referencingDetail>
            <refQualifier>S</refQualifier>
            <refNumber>1</refNumber>
          </referencingDetail>
          <referencingDetail>
            <refQualifier>B</refQualifier>
            <refNumber>1</refNumber>
          </referencingDetail>
        </segmentFlightRef>
        <segmentFlightRef>
          <referencingDetail>
            <refQualifier>S</refQualifier>
            <refNumber>5</refNumber>
          </referencingDetail>
          <referencingDetail>
            <refQualifier>S</refQualifier>
            <refNumber>1</refNumber>
          </referencingDetail>
          <referencingDetail>
            <refQualifier>B</refQualifier>
            <refNumber>1</refNumber>
          </referencingDetail>
        </segmentFlightRef>
        <segmentFlightRef>
          <referencingDetail>
            <refQualifier>S</refQualifier>
            <refNumber>6</refNumber>
          </referencingDetail>
          <referencingDetail>
            <refQualifier>S</refQualifier>
            <refNumber>1</refNumber>
          </referencingDetail>
          <referencingDetail>
            <refQualifier>B</refQualifier>
            <refNumber>1</refNumber>
          </referencingDetail>
        </segmentFlightRef>
        <paxFareProduct>
          <paxFareDetail>
            <paxFareNum>1</paxFareNum>
            <totalFareAmount>206.20</totalFareAmount>
            <totalTaxAmount>20.20</totalTaxAmount>
            <codeShareDetails>
              <transportStageQualifier>V</transportStageQualifier>
              <company>AA</company>
            </codeShareDetails>
          </paxFareDetail>
          <paxReference>
            <ptc>ADT</ptc>
            <traveller>
              <ref>1</ref>
            </traveller>
          </paxReference>
          <fare>
            <pricingMessage>
              <freeTextQualification>
                <textSubjectQualifier>LTD</textSubjectQualifier>
                <informationType>40</informationType>
              </freeTextQualification>
              <description>LAST TKT DTE</description>
              <description>19APR20</description>
              <description> - SEE ADV PURCHASE</description>
            </pricingMessage>
          </fare>
          <fare>
            <pricingMessage>
              <freeTextQualification>
                <textSubjectQualifier>SUR</textSubjectQualifier>
                <informationType>79</informationType>
              </freeTextQualification>
              <description>FARE VALID FOR E TICKET ONLY</description>
            </pricingMessage>
          </fare>
          <fareDetails>
            <segmentRef>
              <segRef>1</segRef>
            </segmentRef>
            <groupOfFares>
              <productInformation>
                <cabinProduct>
                  <rbd>G</rbd>
                  <cabin>M</cabin>
                  <avlStatus>7</avlStatus>
                </cabinProduct>
                <fareProductDetail>
                  <fareBasis>GVAHZNM3</fareBasis>
                  <passengerType>ADT</passengerType>
                  <fareType>RP</fareType>
                  <fareType>ET</fareType>
                </fareProductDetail>
                <breakPoint>Y</breakPoint>
              </productInformation>
            </groupOfFares>
            <majCabin>
              <bookingClassDetails>
                <designator>M</designator>
              </bookingClassDetails>
            </majCabin>
          </fareDetails>
          <fareDetails>
            <segmentRef>
              <segRef>2</segRef>
            </segmentRef>
            <groupOfFares>
              <productInformation>
                <cabinProduct>
                  <rbd>G</rbd>
                  <cabin>M</cabin>
                  <avlStatus>7</avlStatus>
                </cabinProduct>
                <fareProductDetail>
                  <fareBasis>GVAHZNM3</fareBasis>
                  <passengerType>ADT</passengerType>
                  <fareType>RP</fareType>
                  <fareType>ET</fareType>
                </fareProductDetail>
                <breakPoint>Y</breakPoint>
              </productInformation>
            </groupOfFares>
            <majCabin>
              <bookingClassDetails>
                <designator>M</designator>
              </bookingClassDetails>
            </majCabin>
          </fareDetails>
        </paxFareProduct>
      </recommendation>
      <recommendation>
        <itemNumber>
          <itemNumberId>
            <number>2</number>
          </itemNumberId>
        </itemNumber>
        <recPriceInfo>
          <monetaryDetail>
            <amount>220.20</amount>
          </monetaryDetail>
          <monetaryDetail>
            <amount>29.20</amount>
          </monetaryDetail>
        </recPriceInfo>
        <segmentFlightRef>
          <referencingDetail>
            <refQualifier>S</refQualifier>
            <refNumber>7</refNumber>
          </referencingDetail>
          <referencingDetail>
            <refQualifier>S</refQualifier>
            <refNumber>4</refNumber>
          </referencingDetail>
          <referencingDetail>
            <refQualifier>B</refQualifier>
            <refNumber>2</refNumber>
          </referencingDetail>
        </segmentFlightRef>
        <segmentFlightRef>
          <referencingDetail>
            <refQualifier>S</refQualifier>
            <refNumber>8</refNumber>
          </referencingDetail>
          <referencingDetail>
            <refQualifier>S</refQualifier>
            <refNumber>4</refNumber>
          </referencingDetail>
          <referencingDetail>
            <refQualifier>B</refQualifier>
            <refNumber>2</refNumber>
          </referencingDetail>
        </segmentFlightRef>
        <paxFareProduct>
          <paxFareDetail>
            <paxFareNum>1</paxFareNum>
            <totalFareAmount>220.20</totalFareAmount>
            <totalTaxAmount>29.20</totalTaxAmount>
            <codeShareDetails>
              <transportStageQualifier>V</transportStageQualifier>
              <company>DL</company>
            </codeShareDetails>
            <codeShareDetails>
              <company>KL</company>
            </codeShareDetails>
            <pricingTicketing>
              <priceType>OBV</priceType>
            </pricingTicketing>
          </paxFareDetail>
          <paxReference>
            <ptc>ADT</ptc>
            <traveller>
              <ref>1</ref>
            </traveller>
          </paxReference>
          <fare>
            <pricingMessage>
              <freeTextQualification>
                <textSubjectQualifier>PEN</textSubjectQualifier>
                <informationType>70</informationType>
              </freeTextQualification>
              <description>TICKETS ARE NON-REFUNDABLE</description>
            </pricingMessage>
          </fare>
          <fare>
            <pricingMessage>
              <freeTextQualification>
                <textSubjectQualifier>LTD</textSubjectQualifier>
                <informationType>40</informationType>
              </freeTextQualification>
              <description>LAST TKT DTE</description>
              <description>19APR20</description>
              <description> - SEE ADV PURCHASE</description>
            </pricingMessage>
          </fare>
          <fareDetails>
            <segmentRef>
              <segRef>1</segRef>
            </segmentRef>
            <groupOfFares>
              <productInformation>
                <cabinProduct>
                  <rbd>E</rbd>
                  <cabin>M</cabin>
                  <avlStatus>9</avlStatus>
                </cabinProduct>
                <fareProductDetail>
                  <fareBasis>TAUNA0BQ</fareBasis>
                  <passengerType>ADT</passengerType>
                  <fareType>RP</fareType>
                </fareProductDetail>
                <breakPoint>N</breakPoint>
              </productInformation>
            </groupOfFares>
            <groupOfFares>
              <productInformation>
                <cabinProduct>
                  <rbd>E</rbd>
                  <cabin>M</cabin>
                  <avlStatus>9</avlStatus>
                </cabinProduct>
                <fareProductDetail>
                  <fareBasis>TAUNA0BQ</fareBasis>
                  <passengerType>ADT</passengerType>
                  <fareType>RP</fareType>
                </fareProductDetail>
                <breakPoint>Y</breakPoint>
              </productInformation>
            </groupOfFares>
            <majCabin>
              <bookingClassDetails>
                <designator>M</designator>
              </bookingClassDetails>
            </majCabin>
          </fareDetails>
          <fareDetails>
            <segmentRef>
              <segRef>2</segRef>
            </segmentRef>
            <groupOfFares>
              <productInformation>
                <cabinProduct>
                  <rbd>E</rbd>
                  <cabin>M</cabin>
                  <avlStatus>7</avlStatus>
                </cabinProduct>
                <fareProductDetail>
                  <fareBasis>VAVNA0BQ</fareBasis>
                  <passengerType>ADT</passengerType>
                  <fareType>RP</fareType>
                </fareProductDetail>
                <breakPoint>N</breakPoint>
              </productInformation>
            </groupOfFares>
            <groupOfFares>
              <productInformation>
                <cabinProduct>
                  <rbd>E</rbd>
                  <cabin>M</cabin>
                  <avlStatus>9</avlStatus>
                </cabinProduct>
                <fareProductDetail>
                  <fareBasis>VAVNA0BQ</fareBasis>
                  <passengerType>ADT</passengerType>
                  <fareType>RP</fareType>
                </fareProductDetail>
                <breakPoint>Y</breakPoint>
              </productInformation>
            </groupOfFares>
            <majCabin>
              <bookingClassDetails>
                <designator>M</designator>
              </bookingClassDetails>
            </majCabin>
          </fareDetails>
        </paxFareProduct>
      </recommendation>
      <recommendation>
        <itemNumber>
          <itemNumberId>
            <number>3</number>
          </itemNumberId>
        </itemNumber>
        <recPriceInfo>
          <monetaryDetail>
            <amount>220.20</amount>
          </monetaryDetail>
          <monetaryDetail>
            <amount>29.20</amount>
          </monetaryDetail>
        </recPriceInfo>
        <segmentFlightRef>
          <referencingDetail>
            <refQualifier>S</refQualifier>
            <refNumber>7</refNumber>
          </referencingDetail>
          <referencingDetail>
            <refQualifier>S</refQualifier>
            <refNumber>5</refNumber>
          </referencingDetail>
          <referencingDetail>
            <refQualifier>B</refQualifier>
            <refNumber>2</refNumber>
          </referencingDetail>
        </segmentFlightRef>
        <segmentFlightRef>
          <referencingDetail>
            <refQualifier>S</refQualifier>
            <refNumber>8</refNumber>
          </referencingDetail>
          <referencingDetail>
            <refQualifier>S</refQualifier>
            <refNumber>5</refNumber>
          </referencingDetail>
          <referencingDetail>
            <refQualifier>B</refQualifier>
            <refNumber>2</refNumber>
          </referencingDetail>
        </segmentFlightRef>
        <paxFareProduct>
          <paxFareDetail>
            <paxFareNum>1</paxFareNum>
            <totalFareAmount>220.20</totalFareAmount>
            <totalTaxAmount>29.20</totalTaxAmount>
            <codeShareDetails>
              <transportStageQualifier>V</transportStageQualifier>
              <company>DL</company>
            </codeShareDetails>
            <codeShareDetails>
              <company>KL</company>
            </codeShareDetails>
            <pricingTicketing>
              <priceType>OBV</priceType>
            </pricingTicketing>
          </paxFareDetail>
          <paxReference>
            <ptc>ADT</ptc>
            <traveller>
              <ref>1</ref>
            </traveller>
          </paxReference>
          <fare>
            <pricingMessage>
              <freeTextQualification>
                <textSubjectQualifier>PEN</textSubjectQualifier>
                <informationType>70</informationType>
              </freeTextQualification>
              <description>TICKETS ARE NON-REFUNDABLE</description>
            </pricingMessage>
          </fare>
          <fare>
            <pricingMessage>
              <freeTextQualification>
                <textSubjectQualifier>LTD</textSubjectQualifier>
                <informationType>40</informationType>
              </freeTextQualification>
              <description>LAST TKT DTE</description>
              <description>19APR20</description>
              <description> - SEE ADV PURCHASE</description>
            </pricingMessage>
          </fare>
          <fareDetails>
            <segmentRef>
              <segRef>1</segRef>
            </segmentRef>
            <groupOfFares>
              <productInformation>
                <cabinProduct>
                  <rbd>E</rbd>
                  <cabin>M</cabin>
                  <avlStatus>9</avlStatus>
                </cabinProduct>
                <fareProductDetail>
                  <fareBasis>TAUNA0BQ</fareBasis>
                  <passengerType>ADT</passengerType>
                  <fareType>RP</fareType>
                </fareProductDetail>
                <breakPoint>N</breakPoint>
              </productInformation>
            </groupOfFares>
            <groupOfFares>
              <productInformation>
                <cabinProduct>
                  <rbd>E</rbd>
                  <cabin>M</cabin>
                  <avlStatus>9</avlStatus>
                </cabinProduct>
                <fareProductDetail>
                  <fareBasis>TAUNA0BQ</fareBasis>
                  <passengerType>ADT</passengerType>
                  <fareType>RP</fareType>
                </fareProductDetail>
                <breakPoint>Y</breakPoint>
              </productInformation>
            </groupOfFares>
            <majCabin>
              <bookingClassDetails>
                <designator>M</designator>
              </bookingClassDetails>
            </majCabin>
          </fareDetails>
          <fareDetails>
            <segmentRef>
              <segRef>2</segRef>
            </segmentRef>
            <groupOfFares>
              <productInformation>
                <cabinProduct>
                  <rbd>E</rbd>
                  <cabin>M</cabin>
                  <avlStatus>9</avlStatus>
                </cabinProduct>
                <fareProductDetail>
                  <fareBasis>VAVNA0BQ</fareBasis>
                  <passengerType>ADT</passengerType>
                  <fareType>RP</fareType>
                </fareProductDetail>
                <breakPoint>N</breakPoint>
              </productInformation>
            </groupOfFares>
            <groupOfFares>
              <productInformation>
                <cabinProduct>
                  <rbd>E</rbd>
                  <cabin>M</cabin>
                  <avlStatus>9</avlStatus>
                </cabinProduct>
                <fareProductDetail>
                  <fareBasis>VAVNA0BQ</fareBasis>
                  <passengerType>ADT</passengerType>
                  <fareType>RP</fareType>
                </fareProductDetail>
                <breakPoint>Y</breakPoint>
              </productInformation>
            </groupOfFares>
            <majCabin>
              <bookingClassDetails>
                <designator>M</designator>
              </bookingClassDetails>
            </majCabin>
          </fareDetails>
        </paxFareProduct>
      </recommendation>
      <recommendation>
        <itemNumber>
          <itemNumberId>
            <number>4</number>
          </itemNumberId>
        </itemNumber>
        <recPriceInfo>
          <monetaryDetail>
            <amount>223.20</amount>
          </monetaryDetail>
          <monetaryDetail>
            <amount>29.20</amount>
          </monetaryDetail>
        </recPriceInfo>
        <segmentFlightRef>
          <referencingDetail>
            <refQualifier>S</refQualifier>
            <refNumber>9</refNumber>
          </referencingDetail>
          <referencingDetail>
            <refQualifier>S</refQualifier>
            <refNumber>4</refNumber>
          </referencingDetail>
          <referencingDetail>
            <refQualifier>B</refQualifier>
            <refNumber>2</refNumber>
          </referencingDetail>
        </segmentFlightRef>
        <segmentFlightRef>
          <referencingDetail>
            <refQualifier>S</refQualifier>
            <refNumber>10</refNumber>
          </referencingDetail>
          <referencingDetail>
            <refQualifier>S</refQualifier>
            <refNumber>4</refNumber>
          </referencingDetail>
          <referencingDetail>
            <refQualifier>B</refQualifier>
            <refNumber>2</refNumber>
          </referencingDetail>
        </segmentFlightRef>
        <segmentFlightRef>
          <referencingDetail>
            <refQualifier>S</refQualifier>
            <refNumber>11</refNumber>
          </referencingDetail>
          <referencingDetail>
            <refQualifier>S</refQualifier>
            <refNumber>4</refNumber>
          </referencingDetail>
          <referencingDetail>
            <refQualifier>B</refQualifier>
            <refNumber>2</refNumber>
          </referencingDetail>
        </segmentFlightRef>
        <paxFareProduct>
          <paxFareDetail>
            <paxFareNum>1</paxFareNum>
            <totalFareAmount>223.20</totalFareAmount>
            <totalTaxAmount>29.20</totalTaxAmount>
            <codeShareDetails>
              <transportStageQualifier>V</transportStageQualifier>
              <company>DL</company>
            </codeShareDetails>
            <codeShareDetails>
              <company>KL</company>
            </codeShareDetails>
            <pricingTicketing>
              <priceType>OBV</priceType>
            </pricingTicketing>
          </paxFareDetail>
          <paxReference>
            <ptc>ADT</ptc>
            <traveller>
              <ref>1</ref>
            </traveller>
          </paxReference>
          <fare>
            <pricingMessage>
              <freeTextQualification>
                <textSubjectQualifier>PEN</textSubjectQualifier>
                <informationType>70</informationType>
              </freeTextQualification>
              <description>TICKETS ARE NON-REFUNDABLE</description>
            </pricingMessage>
          </fare>
          <fare>
            <pricingMessage>
              <freeTextQualification>
                <textSubjectQualifier>LTD</textSubjectQualifier>
                <informationType>40</informationType>
              </freeTextQualification>
              <description>LAST TKT DTE</description>
              <description>19APR20</description>
              <description> - SEE ADV PURCHASE</description>
            </pricingMessage>
          </fare>
          <fareDetails>
            <segmentRef>
              <segRef>1</segRef>
            </segmentRef>
            <groupOfFares>
              <productInformation>
                <cabinProduct>
                  <rbd>E</rbd>
                  <cabin>M</cabin>
                  <avlStatus>9</avlStatus>
                </cabinProduct>
                <fareProductDetail>
                  <fareBasis>VFVNA0BQ</fareBasis>
                  <passengerType>ADT</passengerType>
                  <fareType>RP</fareType>
                </fareProductDetail>
                <breakPoint>Y</breakPoint>
              </productInformation>
            </groupOfFares>
            <groupOfFares>
              <productInformation>
                <cabinProduct>
                  <rbd>E</rbd>
                  <cabin>M</cabin>
                  <avlStatus>9</avlStatus>
                </cabinProduct>
                <fareProductDetail>
                  <fareBasis>XA7NA0BC</fareBasis>
                  <passengerType>ADT</passengerType>
                  <fareType>RP</fareType>
                </fareProductDetail>
                <breakPoint>Y</breakPoint>
              </productInformation>
            </groupOfFares>
            <majCabin>
              <bookingClassDetails>
                <designator>M</designator>
              </bookingClassDetails>
            </majCabin>
          </fareDetails>
          <fareDetails>
            <segmentRef>
              <segRef>2</segRef>
            </segmentRef>
            <groupOfFares>
              <productInformation>
                <cabinProduct>
                  <rbd>E</rbd>
                  <cabin>M</cabin>
                  <avlStatus>7</avlStatus>
                </cabinProduct>
                <fareProductDetail>
                  <fareBasis>VAVNA0BQ</fareBasis>
                  <passengerType>ADT</passengerType>
                  <fareType>RP</fareType>
                </fareProductDetail>
                <breakPoint>N</breakPoint>
              </productInformation>
            </groupOfFares>
            <groupOfFares>
              <productInformation>
                <cabinProduct>
                  <rbd>E</rbd>
                  <cabin>M</cabin>
                  <avlStatus>9</avlStatus>
                </cabinProduct>
                <fareProductDetail>
                  <fareBasis>VAVNA0BQ</fareBasis>
                  <passengerType>ADT</passengerType>
                  <fareType>RP</fareType>
                </fareProductDetail>
                <breakPoint>Y</breakPoint>
              </productInformation>
            </groupOfFares>
            <majCabin>
              <bookingClassDetails>
                <designator>M</designator>
              </bookingClassDetails>
            </majCabin>
          </fareDetails>
        </paxFareProduct>
      </recommendation>
      <recommendation>
        <itemNumber>
          <itemNumberId>
            <number>5</number>
          </itemNumberId>
        </itemNumber>
        <recPriceInfo>
          <monetaryDetail>
            <amount>223.20</amount>
          </monetaryDetail>
          <monetaryDetail>
            <amount>29.20</amount>
          </monetaryDetail>
        </recPriceInfo>
        <segmentFlightRef>
          <referencingDetail>
            <refQualifier>S</refQualifier>
            <refNumber>9</refNumber>
          </referencingDetail>
          <referencingDetail>
            <refQualifier>S</refQualifier>
            <refNumber>5</refNumber>
          </referencingDetail>
          <referencingDetail>
            <refQualifier>B</refQualifier>
            <refNumber>2</refNumber>
          </referencingDetail>
        </segmentFlightRef>
        <segmentFlightRef>
          <referencingDetail>
            <refQualifier>S</refQualifier>
            <refNumber>10</refNumber>
          </referencingDetail>
          <referencingDetail>
            <refQualifier>S</refQualifier>
            <refNumber>5</refNumber>
          </referencingDetail>
          <referencingDetail>
            <refQualifier>B</refQualifier>
            <refNumber>2</refNumber>
          </referencingDetail>
        </segmentFlightRef>
        <segmentFlightRef>
          <referencingDetail>
            <refQualifier>S</refQualifier>
            <refNumber>11</refNumber>
          </referencingDetail>
          <referencingDetail>
            <refQualifier>S</refQualifier>
            <refNumber>5</refNumber>
          </referencingDetail>
          <referencingDetail>
            <refQualifier>B</refQualifier>
            <refNumber>2</refNumber>
          </referencingDetail>
        </segmentFlightRef>
        <paxFareProduct>
          <paxFareDetail>
            <paxFareNum>1</paxFareNum>
            <totalFareAmount>223.20</totalFareAmount>
            <totalTaxAmount>29.20</totalTaxAmount>
            <codeShareDetails>
              <transportStageQualifier>V</transportStageQualifier>
              <company>DL</company>
            </codeShareDetails>
            <codeShareDetails>
              <company>KL</company>
            </codeShareDetails>
            <pricingTicketing>
              <priceType>OBV</priceType>
            </pricingTicketing>
          </paxFareDetail>
          <paxReference>
            <ptc>ADT</ptc>
            <traveller>
              <ref>1</ref>
            </traveller>
          </paxReference>
          <fare>
            <pricingMessage>
              <freeTextQualification>
                <textSubjectQualifier>PEN</textSubjectQualifier>
                <informationType>70</informationType>
              </freeTextQualification>
              <description>TICKETS ARE NON-REFUNDABLE</description>
            </pricingMessage>
          </fare>
          <fare>
            <pricingMessage>
              <freeTextQualification>
                <textSubjectQualifier>LTD</textSubjectQualifier>
                <informationType>40</informationType>
              </freeTextQualification>
              <description>LAST TKT DTE</description>
              <description>19APR20</description>
              <description> - SEE ADV PURCHASE</description>
            </pricingMessage>
          </fare>
          <fareDetails>
            <segmentRef>
              <segRef>1</segRef>
            </segmentRef>
            <groupOfFares>
              <productInformation>
                <cabinProduct>
                  <rbd>E</rbd>
                  <cabin>M</cabin>
                  <avlStatus>9</avlStatus>
                </cabinProduct>
                <fareProductDetail>
                  <fareBasis>VFVNA0BQ</fareBasis>
                  <passengerType>ADT</passengerType>
                  <fareType>RP</fareType>
                </fareProductDetail>
                <breakPoint>Y</breakPoint>
              </productInformation>
            </groupOfFares>
            <groupOfFares>
              <productInformation>
                <cabinProduct>
                  <rbd>E</rbd>
                  <cabin>M</cabin>
                  <avlStatus>9</avlStatus>
                </cabinProduct>
                <fareProductDetail>
                  <fareBasis>XA7NA0BC</fareBasis>
                  <passengerType>ADT</passengerType>
                  <fareType>RP</fareType>
                </fareProductDetail>
                <breakPoint>Y</breakPoint>
              </productInformation>
            </groupOfFares>
            <majCabin>
              <bookingClassDetails>
                <designator>M</designator>
              </bookingClassDetails>
            </majCabin>
          </fareDetails>
          <fareDetails>
            <segmentRef>
              <segRef>2</segRef>
            </segmentRef>
            <groupOfFares>
              <productInformation>
                <cabinProduct>
                  <rbd>E</rbd>
                  <cabin>M</cabin>
                  <avlStatus>9</avlStatus>
                </cabinProduct>
                <fareProductDetail>
                  <fareBasis>VAVNA0BQ</fareBasis>
                  <passengerType>ADT</passengerType>
                  <fareType>RP</fareType>
                </fareProductDetail>
                <breakPoint>N</breakPoint>
              </productInformation>
            </groupOfFares>
            <groupOfFares>
              <productInformation>
                <cabinProduct>
                  <rbd>E</rbd>
                  <cabin>M</cabin>
                  <avlStatus>9</avlStatus>
                </cabinProduct>
                <fareProductDetail>
                  <fareBasis>VAVNA0BQ</fareBasis>
                  <passengerType>ADT</passengerType>
                  <fareType>RP</fareType>
                </fareProductDetail>
                <breakPoint>Y</breakPoint>
              </productInformation>
            </groupOfFares>
            <majCabin>
              <bookingClassDetails>
                <designator>M</designator>
              </bookingClassDetails>
            </majCabin>
          </fareDetails>
        </paxFareProduct>
      </recommendation>
      <serviceFeesGrp>
        <serviceTypeInfo>
          <carrierFeeDetails>
            <type>FBA</type>
          </carrierFeeDetails>
        </serviceTypeInfo>
        <serviceCoverageInfoGrp>
          <itemNumberInfo>
            <itemNumber>
              <number>1</number>
            </itemNumber>
          </itemNumberInfo>
          <serviceCovInfoGrp>
            <paxRefInfo>
              <travellerDetails>
                <referenceNumber>1</referenceNumber>
              </travellerDetails>
            </paxRefInfo>
            <coveragePerFlightsInfo>
              <numberOfItemsDetails>
                <referenceQualifier>RS</referenceQualifier>
                <refNum>1</refNum>
              </numberOfItemsDetails>
              <lastItemsDetails>
                <refOfLeg>1</refOfLeg>
              </lastItemsDetails>
            </coveragePerFlightsInfo>
            <coveragePerFlightsInfo>
              <numberOfItemsDetails>
                <referenceQualifier>RS</referenceQualifier>
                <refNum>2</refNum>
              </numberOfItemsDetails>
              <lastItemsDetails>
                <refOfLeg>1</refOfLeg>
              </lastItemsDetails>
            </coveragePerFlightsInfo>
            <refInfo>
              <referencingDetail>
                <refQualifier>F</refQualifier>
                <refNumber>1</refNumber>
              </referencingDetail>
            </refInfo>
          </serviceCovInfoGrp>
        </serviceCoverageInfoGrp>
        <serviceCoverageInfoGrp>
          <itemNumberInfo>
            <itemNumber>
              <number>2</number>
            </itemNumber>
          </itemNumberInfo>
          <serviceCovInfoGrp>
            <paxRefInfo>
              <travellerDetails>
                <referenceNumber>1</referenceNumber>
              </travellerDetails>
            </paxRefInfo>
            <coveragePerFlightsInfo>
              <numberOfItemsDetails>
                <referenceQualifier>RS</referenceQualifier>
                <refNum>1</refNum>
              </numberOfItemsDetails>
              <lastItemsDetails>
                <refOfLeg>1</refOfLeg>
              </lastItemsDetails>
              <lastItemsDetails>
                <refOfLeg>2</refOfLeg>
              </lastItemsDetails>
            </coveragePerFlightsInfo>
            <coveragePerFlightsInfo>
              <numberOfItemsDetails>
                <referenceQualifier>RS</referenceQualifier>
                <refNum>2</refNum>
              </numberOfItemsDetails>
              <lastItemsDetails>
                <refOfLeg>1</refOfLeg>
              </lastItemsDetails>
              <lastItemsDetails>
                <refOfLeg>2</refOfLeg>
              </lastItemsDetails>
            </coveragePerFlightsInfo>
            <refInfo>
              <referencingDetail>
                <refQualifier>F</refQualifier>
                <refNumber>1</refNumber>
              </referencingDetail>
            </refInfo>
          </serviceCovInfoGrp>
        </serviceCoverageInfoGrp>
        <globalMessageMarker/>
        <freeBagAllowanceGrp>
          <freeBagAllownceInfo>
            <baggageDetails>
              <freeAllowance>0</freeAllowance>
              <quantityCode>N</quantityCode>
            </baggageDetails>
          </freeBagAllownceInfo>
          <itemNumberInfo>
            <itemNumberDetails>
              <number>1</number>
            </itemNumberDetails>
          </itemNumberInfo>
        </freeBagAllowanceGrp>
      </serviceFeesGrp>
    </Fare_MasterPricerTravelBoardSearchReply>
  </soapenv:Body>
</soapenv:Envelope>
