<?xml version="1.0" encoding="UTF-8"?>
<soapenv:Envelope xmlns:soapenv="http://schemas.xmlsoap.org/soap/envelope/" xmlns:awsse="http://xml.amadeus.com/2010/06/Session_v3" xmlns:wsa="http://www.w3.org/2005/08/addressing">
  <soapenv:Header>
    <wsa:To>http://www.w3.org/2005/08/addressing/anonymous</wsa:To>
    <wsa:From>
      <wsa:Address>https://nodeD1.test.webservices.amadeus.com/1ASIWIBESXI</wsa:Address>
    </wsa:From>
    <wsa:Action>http://webservices.amadeus.com/FMPTBQ_17_4_1A</wsa:Action>
    <wsa:MessageID>urn:uuid:1caef893-320b-1a24-ed7e-f4aa22045f81</wsa:MessageID>
    <wsa:RelatesTo RelationshipType="http://www.w3.org/2005/08/addressing/reply">e75142da-906c-c078-403c-ed93796b362f</wsa:RelatesTo>
    <awsse:Session TransactionStatusCode="End">
      <awsse:SessionId>01BL1T59ED</awsse:SessionId>
      <awsse:SequenceNumber>1</awsse:SequenceNumber>
      <awsse:SecurityToken>1MDSSGRV6FWIJ1CAFGZ93G4MN7</awsse:SecurityToken>
    </awsse:Session>
  </soapenv:Header>
  <soapenv:Body>
    <Fare_MasterPricerTravelBoardSearchReply xmlns="http://xml.amadeus.com/FMPTBR_17_4_1A">
      <replyStatus>
        <status>
          <advisoryTypeInfo>FQX</advisoryTypeInfo>
        </status>
      </replyStatus>
      <conversionRate>
        <conversionRateDetail>
          <currency>USD</currency>
        </conversionRateDetail>
      </conversionRate>
      <companyIdText>
        <textRefNumber>172</textRefNumber>
        <companyText>ENDEAVOR AIR DBA DELTA CONNECTION</companyText>
      </companyIdText>
      <companyIdText>
        <textRefNumber>175</textRefNumber>
        <companyText>REPUBLIC AIRWAYS DELTA CONNECTION</companyText>
      </companyIdText>
      <flightIndex>
        <requestedSegmentRef>
          <segRef>1</segRef>
        </requestedSegmentRef>
        <groupOfFlights>
          <propFlightGrDetail>
            <flightProposal>
              <ref>1</ref>
            </flightProposal>
            <flightProposal>
              <ref>0810</ref>
              <unitQualifier>EFT</unitQualifier>
            </flightProposal>
            <flightProposal>
              <ref>DL</ref>
              <unitQualifier>MCX</unitQualifier>
            </flightProposal>
          </propFlightGrDetail>
          <flightDetails>
            <flightInformation>
              <productDateTime>
                <dateOfDeparture>210820</dateOfDeparture>
                <timeOfDeparture>1229</timeOfDeparture>
                <dateOfArrival>210820</dateOfArrival>
                <timeOfArrival>1437</timeOfArrival>
              </productDateTime>
              <location>
                <locationId>JFK</locationId>
                <terminal>4</terminal>
              </location>
              <location>
                <locationId>DTW</locationId>
                <terminal>EM</terminal>
              </location>
              <companyId>
                <marketingCarrier>DL</marketingCarrier>
              </companyId>
              <flightOrtrainNumber>4758</flightOrtrainNumber>
              <productDetail>
                <equipmentType>CR9</equipmentType>
              </productDetail>
              <addProductDetail>
                <electronicTicketing>Y</electronicTicketing>
                <productDetailQualifier>AIP</productDetailQualifier>
              </addProductDetail>
            </flightInformation>
            <commercialAgreement>
              <codeshareDetails>
                <codeShareType>S</codeShareType>
                <flightNumber>172</flightNumber>
              </codeshareDetails>
            </commercialAgreement>
          </flightDetails>
          <flightDetails>
            <flightInformation>
              <productDateTime>
                <dateOfDeparture>210820</dateOfDeparture>
                <timeOfDeparture>1740</timeOfDeparture>
                <dateOfArrival>210820</dateOfArrival>
                <timeOfArrival>2039</timeOfArrival>
              </productDateTime>
              <location>
                <locationId>DTW</locationId>
                <terminal>EM</terminal>
              </location>
              <location>
                <locationId>MIA</locationId>
              </location>
              <companyId>
                <marketingCarrier>DL</marketingCarrier>
                <operatingCarrier>DL</operatingCarrier>
              </companyId>
              <flightOrtrainNumber>3025</flightOrtrainNumber>
              <productDetail>
                <equipmentType>319</equipmentType>
              </productDetail>
              <addProductDetail>
                <electronicTicketing>Y</electronicTicketing>
                <productDetailQualifier>AIP</productDetailQualifier>
              </addProductDetail>
            </flightInformation>
          </flightDetails>
        </groupOfFlights>
        <groupOfFlights>
          <propFlightGrDetail>
            <flightProposal>
              <ref>2</ref>
            </flightProposal>
            <flightProposal>
              <ref>0308</ref>
              <unitQualifier>EFT</unitQualifier>
            </flightProposal>
            <flightProposal>
              <ref>AA</ref>
              <unitQualifier>MCX</unitQualifier>
            </flightProposal>
          </propFlightGrDetail>
          <flightDetails>
            <flightInformation>
              <productDateTime>
                <dateOfDeparture>210820</dateOfDeparture>
                <timeOfDeparture>0630</timeOfDeparture>
                <dateOfArrival>210820</dateOfArrival>
                <timeOfArrival>0938</timeOfArrival>
              </productDateTime>
              <location>
                <locationId>JFK</locationId>
                <terminal>8</terminal>
              </location>
              <location>
                <locationId>MIA</locationId>
              </location>
              <companyId>
                <marketingCarrier>AA</marketingCarrier>
                <operatingCarrier>AA</operatingCarrier>
              </companyId>
              <flightOrtrainNumber>2268</flightOrtrainNumber>
              <productDetail>
                <equipmentType>738</equipmentType>
              </productDetail>
              <addProductDetail>
                <electronicTicketing>Y</electronicTicketing>
                <productDetailQualifier>LCA</productDetailQualifier>
              </addProductDetail>
            </flightInformation>
          </flightDetails>
        </groupOfFlights>
        <groupOfFlights>
          <propFlightGrDetail>
            <flightProposal>
              <ref>3</ref>
            </flightProposal>
            <flightProposal>
              <ref>0310</ref>
              <unitQualifier>EFT</unitQualifier>
            </flightProposal>
            <flightProposal>
              <ref>AA</ref>
              <unitQualifier>MCX</unitQualifier>
            </flightProposal>
          </propFlightGrDetail>
          <flightDetails>
            <flightInformation>
              <productDateTime>
                <dateOfDeparture>210820</dateOfDeparture>
                <timeOfDeparture>1315</timeOfDeparture>
                <dateOfArrival>210820</dateOfArrival>
                <timeOfArrival>1625</timeOfArrival>
              </productDateTime>
              <location>
                <locationId>JFK</locationId>
                <terminal>8</terminal>
              </location>
              <location>
                <locationId>MIA</locationId>
              </location>
              <companyId>
                <marketingCarrier>AA</marketingCarrier>
                <operatingCarrier>AA</operatingCarrier>
              </companyId>
              <flightOrtrainNumber>2572</flightOrtrainNumber>
              <productDetail>
                <equipmentType>757</equipmentType>
              </productDetail>
              <addProductDetail>
                <electronicTicketing>Y</electronicTicketing>
                <productDetailQualifier>LCA</productDetailQualifier>
              </addProductDetail>
            </flightInformation>
          </flightDetails>
        </groupOfFlights>
        <groupOfFlights>
          <propFlightGrDetail>
            <flightProposal>
              <ref>4</ref>
            </flightProposal>
            <flightProposal>
              <ref>0311</ref>
              <unitQualifier>EFT</unitQualifier>
            </flightProposal>
            <flightProposal>
              <ref>AA</ref>
              <unitQualifier>MCX</unitQualifier>
            </flightProposal>
          </propFlightGrDetail>
          <flightDetails>
            <flightInformation>
              <productDateTime>
                <dateOfDeparture>210820</dateOfDeparture>
                <timeOfDeparture>1105</timeOfDeparture>
                <dateOfArrival>210820</dateOfArrival>
                <timeOfArrival>1416</timeOfArrival>
              </productDateTime>
              <location>
                <locationId>JFK</locationId>
                <terminal>8</terminal>
              </location>
              <location>
                <locationId>MIA</locationId>
              </location>
              <companyId>
                <marketingCarrier>AA</marketingCarrier>
                <operatingCarrier>AA</operatingCarrier>
              </companyId>
              <flightOrtrainNumber>1571</flightOrtrainNumber>
              <productDetail>
                <equipmentType>763</equipmentType>
              </productDetail>
              <addProductDetail>
                <electronicTicketing>Y</electronicTicketing>
                <productDetailQualifier>LCA</productDetailQualifier>
              </addProductDetail>
            </flightInformation>
          </flightDetails>
        </groupOfFlights>
        <groupOfFlights>
          <propFlightGrDetail>
            <flightProposal>
              <ref>5</ref>
            </flightProposal>
            <flightProposal>
              <ref>0312</ref>
              <unitQualifier>EFT</unitQualifier>
            </flightProposal>
            <flightProposal>
              <ref>AA</ref>
              <unitQualifier>MCX</unitQualifier>
            </flightProposal>
          </propFlightGrDetail>
          <flightDetails>
            <flightInformation>
              <productDateTime>
                <dateOfDeparture>210820</dateOfDeparture>
                <timeOfDeparture>0800</timeOfDeparture>
                <dateOfArrival>210820</dateOfArrival>
                <timeOfArrival>1112</timeOfArrival>
              </productDateTime>
              <location>
                <locationId>JFK</locationId>
                <terminal>8</terminal>
              </location>
              <location>
                <locationId>MIA</locationId>
              </location>
              <companyId>
                <marketingCarrier>AA</marketingCarrier>
                <operatingCarrier>AA</operatingCarrier>
              </companyId>
              <flightOrtrainNumber>1610</flightOrtrainNumber>
              <productDetail>
                <equipmentType>757</equipmentType>
              </productDetail>
              <addProductDetail>
                <electronicTicketing>Y</electronicTicketing>
                <productDetailQualifier>LCA</productDetailQualifier>
              </addProductDetail>
            </flightInformation>
          </flightDetails>
        </groupOfFlights>
        <groupOfFlights>
          <propFlightGrDetail>
            <flightProposal>
              <ref>6</ref>
            </flightProposal>
            <flightProposal>
              <ref>0320</ref>
              <unitQualifier>EFT</unitQualifier>
            </flightProposal>
            <flightProposal>
              <ref>AA</ref>
              <unitQualifier>MCX</unitQualifier>
            </flightProposal>
          </propFlightGrDetail>
          <flightDetails>
            <flightInformation>
              <productDateTime>
                <dateOfDeparture>210820</dateOfDeparture>
                <timeOfDeparture>0700</timeOfDeparture>
                <dateOfArrival>210820</dateOfArrival>
                <timeOfArrival>1020</timeOfArrival>
              </productDateTime>
              <location>
                <locationId>JFK</locationId>
                <terminal>8</terminal>
              </location>
              <location>
                <locationId>MIA</locationId>
              </location>
              <companyId>
                <marketingCarrier>AA</marketingCarrier>
                <operatingCarrier>AA</operatingCarrier>
              </companyId>
              <flightOrtrainNumber>309</flightOrtrainNumber>
              <productDetail>
                <equipmentType>738</equipmentType>
              </productDetail>
              <addProductDetail>
                <electronicTicketing>Y</electronicTicketing>
                <productDetailQualifier>LCA</productDetailQualifier>
              </addProductDetail>
            </flightInformation>
          </flightDetails>
        </groupOfFlights>
        <groupOfFlights>
          <propFlightGrDetail>
            <flightProposal>
              <ref>7</ref>
            </flightProposal>
            <flightProposal>
              <ref>0519</ref>
              <unitQualifier>EFT</unitQualifier>
            </flightProposal>
            <flightProposal>
              <ref>DL</ref>
              <unitQualifier>MCX</unitQualifier>
            </flightProposal>
          </propFlightGrDetail>
          <flightDetails>
            <flightInformation>
              <productDateTime>
                <dateOfDeparture>210820</dateOfDeparture>
                <timeOfDeparture>1259</timeOfDeparture>
                <dateOfArrival>210820</dateOfArrival>
                <timeOfArrival>1600</timeOfArrival>
              </productDateTime>
              <location>
                <locationId>JFK</locationId>
                <terminal>4</terminal>
              </location>
              <location>
                <locationId>MCO</locationId>
              </location>
              <companyId>
                <marketingCarrier>DL</marketingCarrier>
                <operatingCarrier>DL</operatingCarrier>
              </companyId>
              <flightOrtrainNumber>869</flightOrtrainNumber>
              <productDetail>
                <equipmentType>320</equipmentType>
              </productDetail>
              <addProductDetail>
                <electronicTicketing>Y</electronicTicketing>
                <productDetailQualifier>LCA</productDetailQualifier>
              </addProductDetail>
            </flightInformation>
          </flightDetails>
          <flightDetails>
            <flightInformation>
              <productDateTime>
                <dateOfDeparture>210820</dateOfDeparture>
                <timeOfDeparture>1710</timeOfDeparture>
                <dateOfArrival>210820</dateOfArrival>
                <timeOfArrival>1818</timeOfArrival>
              </productDateTime>
              <location>
                <locationId>MCO</locationId>
              </location>
              <location>
                <locationId>MIA</locationId>
              </location>
              <companyId>
                <marketingCarrier>DL</marketingCarrier>
              </companyId>
              <flightOrtrainNumber>5978</flightOrtrainNumber>
              <productDetail>
                <equipmentType>E75</equipmentType>
              </productDetail>
              <addProductDetail>
                <electronicTicketing>Y</electronicTicketing>
                <productDetailQualifier>LCA</productDetailQualifier>
              </addProductDetail>
            </flightInformation>
            <commercialAgreement>
              <codeshareDetails>
                <codeShareType>S</codeShareType>
                <flightNumber>175</flightNumber>
              </codeshareDetails>
            </commercialAgreement>
          </flightDetails>
        </groupOfFlights>
        <groupOfFlights>
          <propFlightGrDetail>
            <flightProposal>
              <ref>8</ref>
            </flightProposal>
            <flightProposal>
              <ref>0704</ref>
              <unitQualifier>EFT</unitQualifier>
            </flightProposal>
            <flightProposal>
              <ref>DL</ref>
              <unitQualifier>MCX</unitQualifier>
            </flightProposal>
          </propFlightGrDetail>
          <flightDetails>
            <flightInformation>
              <productDateTime>
                <dateOfDeparture>210820</dateOfDeparture>
                <timeOfDeparture>1114</timeOfDeparture>
                <dateOfArrival>210820</dateOfArrival>
                <timeOfArrival>1407</timeOfArrival>
              </productDateTime>
              <location>
                <locationId>JFK</locationId>
                <terminal>4</terminal>
              </location>
              <location>
                <locationId>MCO</locationId>
              </location>
              <companyId>
                <marketingCarrier>DL</marketingCarrier>
                <operatingCarrier>DL</operatingCarrier>
              </companyId>
              <flightOrtrainNumber>2634</flightOrtrainNumber>
              <productDetail>
                <equipmentType>321</equipmentType>
              </productDetail>
              <addProductDetail>
                <electronicTicketing>Y</electronicTicketing>
                <productDetailQualifier>LCA</productDetailQualifier>
              </addProductDetail>
            </flightInformation>
          </flightDetails>
          <flightDetails>
            <flightInformation>
              <productDateTime>
                <dateOfDeparture>210820</dateOfDeparture>
                <timeOfDeparture>1710</timeOfDeparture>
                <dateOfArrival>210820</dateOfArrival>
                <timeOfArrival>1818</timeOfArrival>
              </productDateTime>
              <location>
                <locationId>MCO</locationId>
              </location>
              <location>
                <locationId>MIA</locationId>
              </location>
              <companyId>
                <marketingCarrier>DL</marketingCarrier>
              </companyId>
              <flightOrtrainNumber>5978</flightOrtrainNumber>
              <productDetail>
                <equipmentType>E75</equipmentType>
              </productDetail>
              <addProductDetail>
                <electronicTicketing>Y</electronicTicketing>
                <productDetailQualifier>LCA</productDetailQualifier>
              </addProductDetail>
            </flightInformation>
            <commercialAgreement>
              <codeshareDetails>
                <codeShareType>S</codeShareType>
                <flightNumber>175</flightNumber>
              </codeshareDetails>
            </commercialAgreement>
          </flightDetails>
        </groupOfFlights>
        <groupOfFlights>
          <propFlightGrDetail>
            <flightProposal>
              <ref>9</ref>
            </flightProposal>
            <flightProposal>
              <ref>0713</ref>
              <unitQualifier>EFT</unitQualifier>
            </flightProposal>
            <flightProposal>
              <ref>DL</ref>
              <unitQualifier>MCX</unitQualifier>
            </flightProposal>
          </propFlightGrDetail>
          <flightDetails>
            <flightInformation>
              <productDateTime>
                <dateOfDeparture>210820</dateOfDeparture>
                <timeOfDeparture>0740</timeOfDeparture>
                <dateOfArrival>210820</dateOfArrival>
                <timeOfArrival>1034</timeOfArrival>
              </productDateTime>
              <location>
                <locationId>JFK</locationId>
                <terminal>4</terminal>
              </location>
              <location>
                <locationId>MCO</locationId>
              </location>
              <companyId>
                <marketingCarrier>DL</marketingCarrier>
                <operatingCarrier>DL</operatingCarrier>
              </companyId>
              <flightOrtrainNumber>2822</flightOrtrainNumber>
              <productDetail>
                <equipmentType>321</equipmentType>
              </productDetail>
              <addProductDetail>
                <electronicTicketing>Y</electronicTicketing>
                <productDetailQualifier>LCA</productDetailQualifier>
              </addProductDetail>
            </flightInformation>
          </flightDetails>
          <flightDetails>
            <flightInformation>
              <productDateTime>
                <dateOfDeparture>210820</dateOfDeparture>
                <timeOfDeparture>1345</timeOfDeparture>
                <dateOfArrival>210820</dateOfArrival>
                <timeOfArrival>1453</timeOfArrival>
              </productDateTime>
              <location>
                <locationId>MCO</locationId>
              </location>
              <location>
                <locationId>MIA</locationId>
              </location>
              <companyId>
                <marketingCarrier>DL</marketingCarrier>
              </companyId>
              <flightOrtrainNumber>5667</flightOrtrainNumber>
              <productDetail>
                <equipmentType>E75</equipmentType>
              </productDetail>
              <addProductDetail>
                <electronicTicketing>Y</electronicTicketing>
                <productDetailQualifier>LCA</productDetailQualifier>
              </addProductDetail>
            </flightInformation>
            <commercialAgreement>
              <codeshareDetails>
                <codeShareType>S</codeShareType>
                <flightNumber>175</flightNumber>
              </codeshareDetails>
            </commercialAgreement>
          </flightDetails>
        </groupOfFlights>
      </flightIndex>
      <flightIndex>
        <requestedSegmentRef>
          <segRef>2</segRef>
        </requestedSegmentRef>
        <groupOfFlights>
          <propFlightGrDetail>
            <flightProposal>
              <ref>1</ref>
            </flightProposal>
            <flightProposal>
              <ref>0258</ref>
              <unitQualifier>EFT</unitQualifier>
            </flightProposal>
            <flightProposal>
              <ref>DL</ref>
              <unitQualifier>MCX</unitQualifier>
            </flightProposal>
          </propFlightGrDetail>
          <flightDetails>
            <flightInformation>
              <productDateTime>
                <dateOfDeparture>290920</dateOfDeparture>
                <timeOfDeparture>0830</timeOfDeparture>
                <dateOfArrival>290920</dateOfArrival>
                <timeOfArrival>1128</timeOfArrival>
              </productDateTime>
              <location>
                <locationId>MIA</locationId>
              </location>
              <location>
                <locationId>JFK</locationId>
                <terminal>4</terminal>
              </location>
              <companyId>
                <marketingCarrier>DL</marketingCarrier>
                <operatingCarrier>DL</operatingCarrier>
              </companyId>
              <flightOrtrainNumber>2732</flightOrtrainNumber>
              <productDetail>
                <equipmentType>321</equipmentType>
              </productDetail>
              <addProductDetail>
                <electronicTicketing>Y</electronicTicketing>
                <productDetailQualifier>IAC</productDetailQualifier>
              </addProductDetail>
            </flightInformation>
          </flightDetails>
        </groupOfFlights>
        <groupOfFlights>
          <propFlightGrDetail>
            <flightProposal>
              <ref>2</ref>
            </flightProposal>
            <flightProposal>
              <ref>0313</ref>
              <unitQualifier>EFT</unitQualifier>
            </flightProposal>
            <flightProposal>
              <ref>DL</ref>
              <unitQualifier>MCX</unitQualifier>
            </flightProposal>
          </propFlightGrDetail>
          <flightDetails>
            <flightInformation>
              <productDateTime>
                <dateOfDeparture>290920</dateOfDeparture>
                <timeOfDeparture>1955</timeOfDeparture>
                <dateOfArrival>290920</dateOfArrival>
                <timeOfArrival>2308</timeOfArrival>
              </productDateTime>
              <location>
                <locationId>MIA</locationId>
              </location>
              <location>
                <locationId>JFK</locationId>
                <terminal>4</terminal>
              </location>
              <companyId>
                <marketingCarrier>DL</marketingCarrier>
                <operatingCarrier>DL</operatingCarrier>
              </companyId>
              <flightOrtrainNumber>2385</flightOrtrainNumber>
              <productDetail>
                <equipmentType>321</equipmentType>
              </productDetail>
              <addProductDetail>
                <electronicTicketing>Y</electronicTicketing>
                <productDetailQualifier>IAC</productDetailQualifier>
              </addProductDetail>
            </flightInformation>
          </flightDetails>
        </groupOfFlights>
        <groupOfFlights>
          <propFlightGrDetail>
            <flightProposal>
              <ref>3</ref>
            </flightProposal>
            <flightProposal>
              <ref>0704</ref>
              <unitQualifier>EFT</unitQualifier>
            </flightProposal>
            <flightProposal>
              <ref>DL</ref>
              <unitQualifier>MCX</unitQualifier>
            </flightProposal>
          </propFlightGrDetail>
          <flightDetails>
            <flightInformation>
              <productDateTime>
                <dateOfDeparture>290920</dateOfDeparture>
                <timeOfDeparture>1654</timeOfDeparture>
                <dateOfArrival>290920</dateOfArrival>
                <timeOfArrival>1851</timeOfArrival>
              </productDateTime>
              <location>
                <locationId>MIA</locationId>
              </location>
              <location>
                <locationId>ATL</locationId>
                <terminal>S</terminal>
              </location>
              <companyId>
                <marketingCarrier>DL</marketingCarrier>
                <operatingCarrier>DL</operatingCarrier>
              </companyId>
              <flightOrtrainNumber>1224</flightOrtrainNumber>
              <productDetail>
                <equipmentType>321</equipmentType>
              </productDetail>
              <addProductDetail>
                <electronicTicketing>Y</electronicTicketing>
                <productDetailQualifier>LCA</productDetailQualifier>
              </addProductDetail>
            </flightInformation>
          </flightDetails>
          <flightDetails>
            <flightInformation>
              <productDateTime>
                <dateOfDeparture>290920</dateOfDeparture>
                <timeOfDeparture>2137</timeOfDeparture>
                <dateOfArrival>290920</dateOfArrival>
                <timeOfArrival>2358</timeOfArrival>
              </productDateTime>
              <location>
                <locationId>ATL</locationId>
                <terminal>S</terminal>
              </location>
              <location>
                <locationId>JFK</locationId>
                <terminal>4</terminal>
              </location>
              <companyId>
                <marketingCarrier>DL</marketingCarrier>
                <operatingCarrier>DL</operatingCarrier>
              </companyId>
              <flightOrtrainNumber>1888</flightOrtrainNumber>
              <productDetail>
                <equipmentType>738</equipmentType>
              </productDetail>
              <addProductDetail>
                <electronicTicketing>Y</electronicTicketing>
                <productDetailQualifier>LCA</productDetailQualifier>
              </addProductDetail>
            </flightInformation>
          </flightDetails>
        </groupOfFlights>
        <groupOfFlights>
          <propFlightGrDetail>
            <flightProposal>
              <ref>4</ref>
            </flightProposal>
            <flightProposal>
              <ref>0747</ref>
              <unitQualifier>EFT</unitQualifier>
            </flightProposal>
            <flightProposal>
              <ref>DL</ref>
              <unitQualifier>MCX</unitQualifier>
            </flightProposal>
          </propFlightGrDetail>
          <flightDetails>
            <flightInformation>
              <productDateTime>
                <dateOfDeparture>290920</dateOfDeparture>
                <timeOfDeparture>1204</timeOfDeparture>
                <dateOfArrival>290920</dateOfArrival>
                <timeOfArrival>1459</timeOfArrival>
              </productDateTime>
              <location>
                <locationId>MIA</locationId>
              </location>
              <location>
                <locationId>DTW</locationId>
                <terminal>EM</terminal>
              </location>
              <companyId>
                <marketingCarrier>DL</marketingCarrier>
                <operatingCarrier>DL</operatingCarrier>
              </companyId>
              <flightOrtrainNumber>1829</flightOrtrainNumber>
              <productDetail>
                <equipmentType>319</equipmentType>
              </productDetail>
              <addProductDetail>
                <electronicTicketing>Y</electronicTicketing>
                <productDetailQualifier>LCA</productDetailQualifier>
              </addProductDetail>
            </flightInformation>
          </flightDetails>
          <flightDetails>
            <flightInformation>
              <productDateTime>
                <dateOfDeparture>290920</dateOfDeparture>
                <timeOfDeparture>1750</timeOfDeparture>
                <dateOfArrival>290920</dateOfArrival>
                <timeOfArrival>1951</timeOfArrival>
              </productDateTime>
              <location>
                <locationId>DTW</locationId>
                <terminal>EM</terminal>
              </location>
              <location>
                <locationId>JFK</locationId>
                <terminal>4</terminal>
              </location>
              <companyId>
                <marketingCarrier>DL</marketingCarrier>
              </companyId>
              <flightOrtrainNumber>4813</flightOrtrainNumber>
              <productDetail>
                <equipmentType>CR9</equipmentType>
              </productDetail>
              <addProductDetail>
                <electronicTicketing>Y</electronicTicketing>
                <productDetailQualifier>LCA</productDetailQualifier>
              </addProductDetail>
            </flightInformation>
            <commercialAgreement>
              <codeshareDetails>
                <codeShareType>S</codeShareType>
                <flightNumber>172</flightNumber>
              </codeshareDetails>
            </commercialAgreement>
          </flightDetails>
        </groupOfFlights>
        <groupOfFlights>
          <propFlightGrDetail>
            <flightProposal>
              <ref>5</ref>
            </flightProposal>
            <flightProposal>
              <ref>0309</ref>
              <unitQualifier>EFT</unitQualifier>
            </flightProposal>
            <flightProposal>
              <ref>DL</ref>
              <unitQualifier>MCX</unitQualifier>
            </flightProposal>
          </propFlightGrDetail>
          <flightDetails>
            <flightInformation>
              <productDateTime>
                <dateOfDeparture>290920</dateOfDeparture>
                <timeOfDeparture>1630</timeOfDeparture>
                <dateOfArrival>290920</dateOfArrival>
                <timeOfArrival>1939</timeOfArrival>
              </productDateTime>
              <location>
                <locationId>MIA</locationId>
              </location>
              <location>
                <locationId>JFK</locationId>
                <terminal>4</terminal>
              </location>
              <companyId>
                <marketingCarrier>DL</marketingCarrier>
                <operatingCarrier>DL</operatingCarrier>
              </companyId>
              <flightOrtrainNumber>2175</flightOrtrainNumber>
              <productDetail>
                <equipmentType>321</equipmentType>
              </productDetail>
              <addProductDetail>
                <electronicTicketing>Y</electronicTicketing>
                <productDetailQualifier>IAC</productDetailQualifier>
              </addProductDetail>
            </flightInformation>
          </flightDetails>
        </groupOfFlights>
        <groupOfFlights>
          <propFlightGrDetail>
            <flightProposal>
              <ref>6</ref>
            </flightProposal>
            <flightProposal>
              <ref>0249</ref>
              <unitQualifier>EFT</unitQualifier>
            </flightProposal>
            <flightProposal>
              <ref>AA</ref>
              <unitQualifier>MCX</unitQualifier>
            </flightProposal>
          </propFlightGrDetail>
          <flightDetails>
            <flightInformation>
              <productDateTime>
                <dateOfDeparture>290920</dateOfDeparture>
                <timeOfDeparture>1241</timeOfDeparture>
                <dateOfArrival>290920</dateOfArrival>
                <timeOfArrival>1530</timeOfArrival>
              </productDateTime>
              <location>
                <locationId>MIA</locationId>
              </location>
              <location>
                <locationId>JFK</locationId>
                <terminal>8</terminal>
              </location>
              <companyId>
                <marketingCarrier>AA</marketingCarrier>
                <operatingCarrier>AA</operatingCarrier>
              </companyId>
              <flightOrtrainNumber>309</flightOrtrainNumber>
              <productDetail>
                <equipmentType>738</equipmentType>
              </productDetail>
              <addProductDetail>
                <electronicTicketing>Y</electronicTicketing>
                <productDetailQualifier>AIP</productDetailQualifier>
              </addProductDetail>
            </flightInformation>
          </flightDetails>
        </groupOfFlights>
        <groupOfFlights>
          <propFlightGrDetail>
            <flightProposal>
              <ref>7</ref>
            </flightProposal>
            <flightProposal>
              <ref>0252</ref>
              <unitQualifier>EFT</unitQualifier>
            </flightProposal>
            <flightProposal>
              <ref>AA</ref>
              <unitQualifier>MCX</unitQualifier>
            </flightProposal>
          </propFlightGrDetail>
          <flightDetails>
            <flightInformation>
              <productDateTime>
                <dateOfDeparture>290920</dateOfDeparture>
                <timeOfDeparture>2240</timeOfDeparture>
                <dateOfArrival>300920</dateOfArrival>
                <timeOfArrival>0132</timeOfArrival>
                <dateVariation>1</dateVariation>
              </productDateTime>
              <location>
                <locationId>MIA</locationId>
              </location>
              <location>
                <locationId>JFK</locationId>
                <terminal>8</terminal>
              </location>
              <companyId>
                <marketingCarrier>AA</marketingCarrier>
                <operatingCarrier>AA</operatingCarrier>
              </companyId>
              <flightOrtrainNumber>2452</flightOrtrainNumber>
              <productDetail>
                <equipmentType>738</equipmentType>
              </productDetail>
              <addProductDetail>
                <electronicTicketing>Y</electronicTicketing>
                <productDetailQualifier>AIP</productDetailQualifier>
              </addProductDetail>
            </flightInformation>
          </flightDetails>
        </groupOfFlights>
        <groupOfFlights>
          <propFlightGrDetail>
            <flightProposal>
              <ref>8</ref>
            </flightProposal>
            <flightProposal>
              <ref>0301</ref>
              <unitQualifier>EFT</unitQualifier>
            </flightProposal>
            <flightProposal>
              <ref>AA</ref>
              <unitQualifier>MCX</unitQualifier>
            </flightProposal>
          </propFlightGrDetail>
          <flightDetails>
            <flightInformation>
              <productDateTime>
                <dateOfDeparture>290920</dateOfDeparture>
                <timeOfDeparture>0700</timeOfDeparture>
                <dateOfArrival>290920</dateOfArrival>
                <timeOfArrival>1001</timeOfArrival>
              </productDateTime>
              <location>
                <locationId>MIA</locationId>
              </location>
              <location>
                <locationId>JFK</locationId>
                <terminal>8</terminal>
              </location>
              <companyId>
                <marketingCarrier>AA</marketingCarrier>
                <operatingCarrier>AA</operatingCarrier>
              </companyId>
              <flightOrtrainNumber>1571</flightOrtrainNumber>
              <productDetail>
                <equipmentType>763</equipmentType>
              </productDetail>
              <addProductDetail>
                <electronicTicketing>Y</electronicTicketing>
                <productDetailQualifier>LCA</productDetailQualifier>
              </addProductDetail>
            </flightInformation>
          </flightDetails>
        </groupOfFlights>
        <groupOfFlights>
          <propFlightGrDetail>
            <flightProposal>
              <ref>9</ref>
            </flightProposal>
            <flightProposal>
              <ref>0257</ref>
              <unitQualifier>EFT</unitQualifier>
            </flightProposal>
            <flightProposal>
              <ref>DL</ref>
              <unitQualifier>MCX</unitQualifier>
            </flightProposal>
          </propFlightGrDetail>
          <flightDetails>
            <flightInformation>
              <productDateTime>
                <dateOfDeparture>290920</dateOfDeparture>
                <timeOfDeparture>1215</timeOfDeparture>
                <dateOfArrival>290920</dateOfArrival>
                <timeOfArrival>1512</timeOfArrival>
              </productDateTime>
              <location>
                <locationId>MIA</locationId>
              </location>
              <location>
                <locationId>JFK</locationId>
                <terminal>4</terminal>
              </location>
              <companyId>
                <marketingCarrier>DL</marketingCarrier>
                <operatingCarrier>DL</operatingCarrier>
              </companyId>
              <flightOrtrainNumber>2190</flightOrtrainNumber>
              <productDetail>
                <equipmentType>321</equipmentType>
              </productDetail>
              <addProductDetail>
                <electronicTicketing>Y</electronicTicketing>
                <productDetailQualifier>IAC</productDetailQualifier>
              </addProductDetail>
            </flightInformation>
          </flightDetails>
        </groupOfFlights>
      </flightIndex>
      <recommendation>
        <itemNumber>
          <itemNumberId>
            <number>1</number>
          </itemNumberId>
        </itemNumber>
        <recPriceInfo>
          <monetaryDetail>
            <amount>180.70</amount>
          </monetaryDetail>
          <monetaryDetail>
            <amount>24.70</amount>
          </monetaryDetail>
        </recPriceInfo>
        <segmentFlightRef>
          <referencingDetail>
            <refQualifier>S</refQualifier>
            <refNumber>1</refNumber>
          </referencingDetail>
          <referencingDetail>
            <refQualifier>S</refQualifier>
            <refNumber>1</refNumber>
          </referencingDetail>
          <referencingDetail>
            <refQualifier>B</refQualifier>
            <refNumber>1</refNumber>
          </referencingDetail>
        </segmentFlightRef>
        <segmentFlightRef>
          <referencingDetail>
            <refQualifier>S</refQualifier>
            <refNumber>1</refNumber>
          </referencingDetail>
          <referencingDetail>
            <refQualifier>S</refQualifier>
            <refNumber>2</refNumber>
          </referencingDetail>
          <referencingDetail>
            <refQualifier>B</refQualifier>
            <refNumber>1</refNumber>
          </referencingDetail>
        </segmentFlightRef>
        <paxFareProduct>
          <paxFareDetail>
            <paxFareNum>1</paxFareNum>
            <totalFareAmount>180.70</totalFareAmount>
            <totalTaxAmount>24.70</totalTaxAmount>
            <codeShareDetails>
              <transportStageQualifier>V</transportStageQualifier>
              <company>DL</company>
            </codeShareDetails>
            <codeShareDetails>
              <company>KL</company>
            </codeShareDetails>
            <pricingTicketing>
              <priceType>OBV</priceType>
            </pricingTicketing>
          </paxFareDetail>
          <paxReference>
            <ptc>ADT</ptc>
            <traveller>
              <ref>1</ref>
            </traveller>
          </paxReference>
          <fare>
            <pricingMessage>
              <freeTextQualification>
                <textSubjectQualifier>PEN</textSubjectQualifier>
                <informationType>70</informationType>
              </freeTextQualification>
              <description>TICKETS ARE NON-REFUNDABLE</description>
            </pricingMessage>
          </fare>
          <fare>
            <pricingMessage>
              <freeTextQualification>
                <textSubjectQualifier>LTD</textSubjectQualifier>
                <informationType>40</informationType>
              </freeTextQualification>
              <description>LAST TKT DTE</description>
              <description>19APR20</description>
              <description> - SEE ADV PURCHASE</description>
            </pricingMessage>
          </fare>
          <fareDetails>
            <segmentRef>
              <segRef>1</segRef>
            </segmentRef>
            <groupOfFares>
              <productInformation>
                <cabinProduct>
                  <rbd>E</rbd>
                  <cabin>M</cabin>
                  <avlStatus>9</avlStatus>
                </cabinProduct>
                <fareProductDetail>
                  <fareBasis>VAVNA0BQ</fareBasis>
                  <passengerType>ADT</passengerType>
                  <fareType>RP</fareType>
                </fareProductDetail>
                <breakPoint>N</breakPoint>
              </productInformation>
            </groupOfFares>
            <groupOfFares>
              <productInformation>
                <cabinProduct>
                  <rbd>E</rbd>
                  <cabin>M</cabin>
                  <avlStatus>9</avlStatus>
                </cabinProduct>
                <fareProductDetail>
                  <fareBasis>VAVNA0BQ</fareBasis>
                  <passengerType>ADT</passengerType>
                  <fareType>RP</fareType>
                </fareProductDetail>
                <breakPoint>Y</breakPoint>
              </productInformation>
            </groupOfFares>
            <majCabin>
              <bookingClassDetails>
                <designator>M</designator>
              </bookingClassDetails>
            </majCabin>
          </fareDetails>
          <fareDetails>
            <segmentRef>
              <segRef>2</segRef>
            </segmentRef>
            <groupOfFares>
              <productInformation>
                <cabinProduct>
                  <rbd>E</rbd>
                  <cabin>M</cabin>
                  <avlStatus>9</avlStatus>
                </cabinProduct>
                <fareProductDetail>
                  <fareBasis>VAVNA0BQ</fareBasis>
                  <passengerType>ADT</passengerType>
                  <fareType>RP</fareType>
                </fareProductDetail>
                <breakPoint>Y</breakPoint>
              </productInformation>
            </groupOfFares>
            <majCabin>
              <bookingClassDetails>
                <designator>M</designator>
              </bookingClassDetails>
            </majCabin>
          </fareDetails>
        </paxFareProduct>
      </recommendation>
      <recommendation>
        <itemNumber>
          <itemNumberId>
            <number>2</number>
          </itemNumberId>
        </itemNumber>
        <recPriceInfo>
          <monetaryDetail>
            <amount>185.20</amount>
          </monetaryDetail>
          <monetaryDetail>
            <amount>29.20</amount>
          </monetaryDetail>
        </recPriceInfo>
        <segmentFlightRef>
          <referencingDetail>
            <refQualifier>S</refQualifier>
            <refNumber>1</refNumber>
          </referencingDetail>
          <referencingDetail>
            <refQualifier>S</refQualifier>
            <refNumber>3</refNumber>
          </referencingDetail>
          <referencingDetail>
            <refQualifier>B</refQualifier>
            <refNumber>2</refNumber>
          </referencingDetail>
        </segmentFlightRef>
        <segmentFlightRef>
          <referencingDetail>
            <refQualifier>S</refQualifier>
            <refNumber>1</refNumber>
          </referencingDetail>
          <referencingDetail>
            <refQualifier>S</refQualifier>
            <refNumber>4</refNumber>
          </referencingDetail>
          <referencingDetail>
            <refQualifier>B</refQualifier>
            <refNumber>2</refNumber>
          </referencingDetail>
        </segmentFlightRef>
        <paxFareProduct>
          <paxFareDetail>
            <paxFareNum>1</paxFareNum>
            <totalFareAmount>185.20</totalFareAmount>
            <totalTaxAmount>29.20</totalTaxAmount>
            <codeShareDetails>
              <transportStageQualifier>V</transportStageQualifier>
              <company>DL</company>
            </codeShareDetails>
            <codeShareDetails>
              <company>KL</company>
            </codeShareDetails>
            <pricingTicketing>
              <priceType>OBV</priceType>
            </pricingTicketing>
          </paxFareDetail>
          <paxReference>
            <ptc>ADT</ptc>
            <traveller>
              <ref>1</ref>
            </traveller>
          </paxReference>
          <fare>
            <pricingMessage>
              <freeTextQualification>
                <textSubjectQualifier>PEN</textSubjectQualifier>
                <informationType>70</informationType>
              </freeTextQualification>
              <description>TICKETS ARE NON-REFUNDABLE</description>
            </pricingMessage>
          </fare>
          <fare>
            <pricingMessage>
              <freeTextQualification>
                <textSubjectQualifier>LTD</textSubjectQualifier>
                <informationType>40</informationType>
              </freeTextQualification>
              <description>LAST TKT DTE</description>
              <description>19APR20</description>
              <description> - SEE ADV PURCHASE</description>
            </pricingMessage>
          </fare>
          <fareDetails>
            <segmentRef>
              <segRef>1</segRef>
            </segmentRef>
            <groupOfFares>
              <productInformation>
                <cabinProduct>
                  <rbd>E</rbd>
                  <cabin>M</cabin>
                  <avlStatus>9</avlStatus>
                </cabinProduct>
                <fareProductDetail>
                  <fareBasis>VAVNA0BQ</fareBasis>
                  <passengerType>ADT</passengerType>
                  <fareType>RP</fareType>
                </fareProductDetail>
                <breakPoint>N</breakPoint>
              </productInformation>
            </groupOfFares>
            <groupOfFares>
              <productInformation>
                <cabinProduct>
                  <rbd>E</rbd>
                  <cabin>M</cabin>
                  <avlStatus>9</avlStatus>
                </cabinProduct>
                <fareProductDetail>
                  <fareBasis>VAVNA0BQ</fareBasis>
                  <passengerType>ADT</passengerType>
                  <fareType>RP</fareType>
                </fareProductDetail>
                <breakPoint>Y</breakPoint>
              </productInformation>
            </groupOfFares>
            <majCabin>
              <bookingClassDetails>
                <designator>M</designator>
              </bookingClassDetails>
            </majCabin>
          </fareDetails>
          <fareDetails>
            <segmentRef>
              <segRef>2</segRef>
            </segmentRef>
            <groupOfFares>
              <productInformation>
                <cabinProduct>
                  <rbd>E</rbd>
                  <cabin>M</cabin>
                  <avlStatus>9</avlStatus>
                </cabinProduct>
                <fareProductDetail>
                  <fareBasis>VAVNA0BQ</fareBasis>
                  <passengerType>ADT</passengerType>
                  <fareType>RP</fareType>
                </fareProductDetail>
                <breakPoint>N</breakPoint>
              </productInformation>
            </groupOfFares>
            <groupOfFares>
              <productInformation>
                <cabinProduct>
                  <rbd>E</rbd>
                  <cabin>M</cabin>
                  <avlStatus>9</avlStatus>
                </cabinProduct>
                <fareProductDetail>
                  <fareBasis>VAVNA0BQ</fareBasis>
                  <passengerType>ADT</passengerType>
                  <fareType>RP</fareType>
                </fareProductDetail>
                <breakPoint>Y</breakPoint>
              </productInformation>
            </groupOfFares>
            <majCabin>
              <bookingClassDetails>
                <designator>M</designator>
              </bookingClassDetails>
            </majCabin>
          </fareDetails>
        </paxFareProduct>
      </recommendation>
      <recommendation>
        <itemNumber>
          <itemNumberId>
            <number>3</number>
          </itemNumberId>
        </itemNumber>
        <recPriceInfo>
          <monetaryDetail>
            <amount>190.70</amount>
          </monetaryDetail>
          <monetaryDetail>
            <amount>24.70</amount>
          </monetaryDetail>
        </recPriceInfo>
        <segmentFlightRef>
          <referencingDetail>
            <refQualifier>S</refQualifier>
            <refNumber>1</refNumber>
          </referencingDetail>
          <referencingDetail>
            <refQualifier>S</refQualifier>
            <refNumber>5</refNumber>
          </referencingDetail>
          <referencingDetail>
            <refQualifier>B</refQualifier>
            <refNumber>1</refNumber>
          </referencingDetail>
        </segmentFlightRef>
        <paxFareProduct>
          <paxFareDetail>
            <paxFareNum>1</paxFareNum>
            <totalFareAmount>190.70</totalFareAmount>
            <totalTaxAmount>24.70</totalTaxAmount>
            <codeShareDetails>
              <transportStageQualifier>V</transportStageQualifier>
              <company>DL</company>
            </codeShareDetails>
            <codeShareDetails>
              <company>KL</company>
            </codeShareDetails>
            <pricingTicketing>
              <priceType>OBV</priceType>
            </pricingTicketing>
          </paxFareDetail>
          <paxReference>
            <ptc>ADT</ptc>
            <traveller>
              <ref>1</ref>
            </traveller>
          </paxReference>
          <fare>
            <pricingMessage>
              <freeTextQualification>
                <textSubjectQualifier>PEN</textSubjectQualifier>
                <informationType>70</informationType>
              </freeTextQualification>
              <description>TICKETS ARE NON-REFUNDABLE</description>
            </pricingMessage>
          </fare>
          <fare>
            <pricingMessage>
              <freeTextQualification>
                <textSubjectQualifier>LTD</textSubjectQualifier>
                <informationType>40</informationType>
              </freeTextQualification>
              <description>LAST TKT DTE</description>
              <description>19APR20</description>
              <description> - SEE ADV PURCHASE</description>
            </pricingMessage>
          </fare>
          <fareDetails>
            <segmentRef>
              <segRef>1</segRef>
            </segmentRef>
            <groupOfFares>
              <productInformation>
                <cabinProduct>
                  <rbd>E</rbd>
                  <cabin>M</cabin>
                  <avlStatus>9</avlStatus>
                </cabinProduct>
                <fareProductDetail>
                  <fareBasis>VAVNA0BQ</fareBasis>
                  <passengerType>ADT</passengerType>
                  <fareType>RP</fareType>
                </fareProductDetail>
                <breakPoint>N</breakPoint>
              </productInformation>
            </groupOfFares>
            <groupOfFares>
              <productInformation>
                <cabinProduct>
                  <rbd>E</rbd>
                  <cabin>M</cabin>
                  <avlStatus>9</avlStatus>
                </cabinProduct>
                <fareProductDetail>
                  <fareBasis>VAVNA0BQ</fareBasis>
                  <passengerType>ADT</passengerType>
                  <fareType>RP</fareType>
                </fareProductDetail>
                <breakPoint>Y</breakPoint>
              </productInformation>
            </groupOfFares>
            <majCabin>
              <bookingClassDetails>
                <designator>M</designator>
              </bookingClassDetails>
            </majCabin>
          </fareDetails>
          <fareDetails>
            <segmentRef>
              <segRef>2</segRef>
            </segmentRef>
            <groupOfFares>
              <productInformation>
                <cabinProduct>
                  <rbd>E</rbd>
                  <cabin>M</cabin>
                  <avlStatus>9</avlStatus>
                </cabinProduct>
                <fareProductDetail>
                  <fareBasis>XAVQA0BQ</fareBasis>
                  <passengerType>ADT</passengerType>
                  <fareType>RP</fareType>
                </fareProductDetail>
                <breakPoint>Y</breakPoint>
              </productInformation>
            </groupOfFares>
            <majCabin>
              <bookingClassDetails>
                <designator>M</designator>
              </bookingClassDetails>
            </majCabin>
          </fareDetails>
        </paxFareProduct>
      </recommendation>
      <recommendation>
        <itemNumber>
          <itemNumberId>
            <number>4</number>
          </itemNumberId>
        </itemNumber>
        <recPriceInfo>
          <monetaryDetail>
            <amount>206.20</amount>
          </monetaryDetail>
          <monetaryDetail>
            <amount>20.20</amount>
          </monetaryDetail>
        </recPriceInfo>
        <segmentFlightRef>
          <referencingDetail>
            <refQualifier>S</refQualifier>
            <refNumber>2</refNumber>
          </referencingDetail>
          <referencingDetail>
            <refQualifier>S</refQualifier>
            <refNumber>6</refNumber>
          </referencingDetail>
          <referencingDetail>
            <refQualifier>B</refQualifier>
            <refNumber>3</refNumber>
          </referencingDetail>
        </segmentFlightRef>
        <segmentFlightRef>
          <referencingDetail>
            <refQualifier>S</refQualifier>
            <refNumber>3</refNumber>
          </referencingDetail>
          <referencingDetail>
            <refQualifier>S</refQualifier>
            <refNumber>6</refNumber>
          </referencingDetail>
          <referencingDetail>
            <refQualifier>B</refQualifier>
            <refNumber>3</refNumber>
          </referencingDetail>
        </segmentFlightRef>
        <segmentFlightRef>
          <referencingDetail>
            <refQualifier>S</refQualifier>
            <refNumber>2</refNumber>
          </referencingDetail>
          <referencingDetail>
            <refQualifier>S</refQualifier>
            <refNumber>7</refNumber>
          </referencingDetail>
          <referencingDetail>
            <refQualifier>B</refQualifier>
            <refNumber>3</refNumber>
          </referencingDetail>
        </segmentFlightRef>
        <segmentFlightRef>
          <referencingDetail>
            <refQualifier>S</refQualifier>
            <refNumber>4</refNumber>
          </referencingDetail>
          <referencingDetail>
            <refQualifier>S</refQualifier>
            <refNumber>6</refNumber>
          </referencingDetail>
          <referencingDetail>
            <refQualifier>B</refQualifier>
            <refNumber>3</refNumber>
          </referencingDetail>
        </segmentFlightRef>
        <segmentFlightRef>
          <referencingDetail>
            <refQualifier>S</refQualifier>
            <refNumber>5</refNumber>
          </referencingDetail>
          <referencingDetail>
            <refQualifier>S</refQualifier>
            <refNumber>6</refNumber>
          </referencingDetail>
          <referencingDetail>
            <refQualifier>B</refQualifier>
            <refNumber>3</refNumber>
          </referencingDetail>
        </segmentFlightRef>
        <segmentFlightRef>
          <referencingDetail>
            <refQualifier>S</refQualifier>
            <refNumber>3</refNumber>
          </referencingDetail>
          <referencingDetail>
            <refQualifier>S</refQualifier>
            <refNumber>7</refNumber>
          </referencingDetail>
          <referencingDetail>
            <refQualifier>B</refQualifier>
            <refNumber>3</refNumber>
          </referencingDetail>
        </segmentFlightRef>
        <segmentFlightRef>
          <referencingDetail>
            <refQualifier>S</refQualifier>
            <refNumber>4</refNumber>
          </referencingDetail>
          <referencingDetail>
            <refQualifier>S</refQualifier>
            <refNumber>7</refNumber>
          </referencingDetail>
          <referencingDetail>
            <refQualifier>B</refQualifier>
            <refNumber>3</refNumber>
          </referencingDetail>
        </segmentFlightRef>
        <segmentFlightRef>
          <referencingDetail>
            <refQualifier>S</refQualifier>
            <refNumber>5</refNumber>
          </referencingDetail>
          <referencingDetail>
            <refQualifier>S</refQualifier>
            <refNumber>7</refNumber>
          </referencingDetail>
          <referencingDetail>
            <refQualifier>B</refQualifier>
            <refNumber>3</refNumber>
          </referencingDetail>
        </segmentFlightRef>
        <segmentFlightRef>
          <referencingDetail>
            <refQualifier>S</refQualifier>
            <refNumber>2</refNumber>
          </referencingDetail>
          <referencingDetail>
            <refQualifier>S</refQualifier>
            <refNumber>8</refNumber>
          </referencingDetail>
          <referencingDetail>
            <refQualifier>B</refQualifier>
            <refNumber>3</refNumber>
          </referencingDetail>
        </segmentFlightRef>
        <segmentFlightRef>
          <referencingDetail>
            <refQualifier>S</refQualifier>
            <refNumber>6</refNumber>
          </referencingDetail>
          <referencingDetail>
            <refQualifier>S</refQualifier>
            <refNumber>6</refNumber>
          </referencingDetail>
          <referencingDetail>
            <refQualifier>B</refQualifier>
            <refNumber>3</refNumber>
          </referencingDetail>
        </segmentFlightRef>
        <paxFareProduct>
          <paxFareDetail>
            <paxFareNum>1</paxFareNum>
            <totalFareAmount>206.20</totalFareAmount>
            <totalTaxAmount>20.20</totalTaxAmount>
            <codeShareDetails>
              <transportStageQualifier>V</transportStageQualifier>
              <company>AA</company>
            </codeShareDetails>
          </paxFareDetail>
          <paxReference>
            <ptc>ADT</ptc>
            <traveller>
              <ref>1</ref>
            </traveller>
          </paxReference>
          <fare>
            <pricingMessage>
              <freeTextQualification>
                <textSubjectQualifier>LTD</textSubjectQualifier>
                <informationType>40</informationType>
              </freeTextQualification>
              <description>LAST TKT DTE</description>
              <description>19APR20</description>
              <description> - SEE ADV PURCHASE</description>
            </pricingMessage>
          </fare>
          <fare>
            <pricingMessage>
              <freeTextQualification>
                <textSubjectQualifier>SUR</textSubjectQualifier>
                <informationType>79</informationType>
              </freeTextQualification>
              <description>FARE VALID FOR E TICKET ONLY</description>
            </pricingMessage>
          </fare>
          <fareDetails>
            <segmentRef>
              <segRef>1</segRef>
            </segmentRef>
            <groupOfFares>
              <productInformation>
                <cabinProduct>
                  <rbd>G</rbd>
                  <cabin>M</cabin>
                  <avlStatus>7</avlStatus>
                </cabinProduct>
                <fareProductDetail>
                  <fareBasis>GVAHZNM3</fareBasis>
                  <passengerType>ADT</passengerType>
                  <fareType>RP</fareType>
                  <fareType>ET</fareType>
                </fareProductDetail>
                <breakPoint>Y</breakPoint>
              </productInformation>
            </groupOfFares>
            <majCabin>
              <bookingClassDetails>
                <designator>M</designator>
              </bookingClassDetails>
            </majCabin>
          </fareDetails>
          <fareDetails>
            <segmentRef>
              <segRef>2</segRef>
            </segmentRef>
            <groupOfFares>
              <productInformation>
                <cabinProduct>
                  <rbd>G</rbd>
                  <cabin>M</cabin>
                  <avlStatus>7</avlStatus>
                </cabinProduct>
                <fareProductDetail>
                  <fareBasis>GVAHZNM3</fareBasis>
                  <passengerType>ADT</passengerType>
                  <fareType>RP</fareType>
                  <fareType>ET</fareType>
                </fareProductDetail>
                <breakPoint>Y</breakPoint>
              </productInformation>
            </groupOfFares>
            <majCabin>
              <bookingClassDetails>
                <designator>M</designator>
              </bookingClassDetails>
            </majCabin>
          </fareDetails>
        </paxFareProduct>
      </recommendation>
      <recommendation>
        <itemNumber>
          <itemNumberId>
            <number>5</number>
          </itemNumberId>
        </itemNumber>
        <recPriceInfo>
          <monetaryDetail>
            <amount>215.70</amount>
          </monetaryDetail>
          <monetaryDetail>
            <amount>24.70</amount>
          </monetaryDetail>
        </recPriceInfo>
        <segmentFlightRef>
          <referencingDetail>
            <refQualifier>S</refQualifier>
            <refNumber>1</refNumber>
          </referencingDetail>
          <referencingDetail>
            <refQualifier>S</refQualifier>
            <refNumber>9</refNumber>
          </referencingDetail>
          <referencingDetail>
            <refQualifier>B</refQualifier>
            <refNumber>1</refNumber>
          </referencingDetail>
        </segmentFlightRef>
        <paxFareProduct>
          <paxFareDetail>
            <paxFareNum>1</paxFareNum>
            <totalFareAmount>215.70</totalFareAmount>
            <totalTaxAmount>24.70</totalTaxAmount>
            <codeShareDetails>
              <transportStageQualifier>V</transportStageQualifier>
              <company>DL</company>
            </codeShareDetails>
            <codeShareDetails>
              <company>KL</company>
            </codeShareDetails>
            <pricingTicketing>
              <priceType>OBV</priceType>
            </pricingTicketing>
          </paxFareDetail>
          <paxReference>
            <ptc>ADT</ptc>
            <traveller>
              <ref>1</ref>
            </traveller>
          </paxReference>
          <fare>
            <pricingMessage>
              <freeTextQualification>
                <textSubjectQualifier>PEN</textSubjectQualifier>
                <informationType>70</informationType>
              </freeTextQualification>
              <description>TICKETS ARE NON-REFUNDABLE</description>
            </pricingMessage>
          </fare>
          <fare>
            <pricingMessage>
              <freeTextQualification>
                <textSubjectQualifier>LTD</textSubjectQualifier>
                <informationType>40</informationType>
              </freeTextQualification>
              <description>LAST TKT DTE</description>
              <description>19APR20</description>
              <description> - SEE ADV PURCHASE</description>
            </pricingMessage>
          </fare>
          <fareDetails>
            <segmentRef>
              <segRef>1</segRef>
            </segmentRef>
            <groupOfFares>
              <productInformation>
                <cabinProduct>
                  <rbd>E</rbd>
                  <cabin>M</cabin>
                  <avlStatus>9</avlStatus>
                </cabinProduct>
                <fareProductDetail>
                  <fareBasis>VAVNA0BQ</fareBasis>
                  <passengerType>ADT</passengerType>
                  <fareType>RP</fareType>
                </fareProductDetail>
                <breakPoint>N</breakPoint>
              </productInformation>
            </groupOfFares>
            <groupOfFares>
              <productInformation>
                <cabinProduct>
                  <rbd>E</rbd>
                  <cabin>M</cabin>
                  <avlStatus>9</avlStatus>
                </cabinProduct>
                <fareProductDetail>
                  <fareBasis>VAVNA0BQ</fareBasis>
                  <passengerType>ADT</passengerType>
                  <fareType>RP</fareType>
                </fareProductDetail>
                <breakPoint>Y</breakPoint>
              </productInformation>
            </groupOfFares>
            <majCabin>
              <bookingClassDetails>
                <designator>M</designator>
              </bookingClassDetails>
            </majCabin>
          </fareDetails>
          <fareDetails>
            <segmentRef>
              <segRef>2</segRef>
            </segmentRef>
            <groupOfFares>
              <productInformation>
                <cabinProduct>
                  <rbd>E</rbd>
                  <cabin>M</cabin>
                  <avlStatus>9</avlStatus>
                </cabinProduct>
                <fareProductDetail>
                  <fareBasis>TAUNA0BQ</fareBasis>
                  <passengerType>ADT</passengerType>
                  <fareType>RP</fareType>
                </fareProductDetail>
                <breakPoint>Y</breakPoint>
              </productInformation>
            </groupOfFares>
            <majCabin>
              <bookingClassDetails>
                <designator>M</designator>
              </bookingClassDetails>
            </majCabin>
          </fareDetails>
        </paxFareProduct>
      </recommendation>
      <recommendation>
        <itemNumber>
          <itemNumberId>
            <number>6</number>
          </itemNumberId>
        </itemNumber>
        <recPriceInfo>
          <monetaryDetail>
            <amount>218.70</amount>
          </monetaryDetail>
          <monetaryDetail>
            <amount>24.70</amount>
          </monetaryDetail>
        </recPriceInfo>
        <segmentFlightRef>
          <referencingDetail>
            <refQualifier>S</refQualifier>
            <refNumber>7</refNumber>
          </referencingDetail>
          <referencingDetail>
            <refQualifier>S</refQualifier>
            <refNumber>1</refNumber>
          </referencingDetail>
          <referencingDetail>
            <refQualifier>B</refQualifier>
            <refNumber>1</refNumber>
          </referencingDetail>
        </segmentFlightRef>
        <segmentFlightRef>
          <referencingDetail>
            <refQualifier>S</refQualifier>
            <refNumber>7</refNumber>
          </referencingDetail>
          <referencingDetail>
            <refQualifier>S</refQualifier>
            <refNumber>2</refNumber>
          </referencingDetail>
          <referencingDetail>
            <refQualifier>B</refQualifier>
            <refNumber>1</refNumber>
          </referencingDetail>
        </segmentFlightRef>
        <segmentFlightRef>
          <referencingDetail>
            <refQualifier>S</refQualifier>
            <refNumber>8</refNumber>
          </referencingDetail>
          <referencingDetail>
            <refQualifier>S</refQualifier>
            <refNumber>1</refNumber>
          </referencingDetail>
          <referencingDetail>
            <refQualifier>B</refQualifier>
            <refNumber>1</refNumber>
          </referencingDetail>
        </segmentFlightRef>
        <segmentFlightRef>
          <referencingDetail>
            <refQualifier>S</refQualifier>
            <refNumber>9</refNumber>
          </referencingDetail>
          <referencingDetail>
            <refQualifier>S</refQualifier>
            <refNumber>1</refNumber>
          </referencingDetail>
          <referencingDetail>
            <refQualifier>B</refQualifier>
            <refNumber>1</refNumber>
          </referencingDetail>
        </segmentFlightRef>
        <paxFareProduct>
          <paxFareDetail>
            <paxFareNum>1</paxFareNum>
            <totalFareAmount>218.70</totalFareAmount>
            <totalTaxAmount>24.70</totalTaxAmount>
            <codeShareDetails>
              <transportStageQualifier>V</transportStageQualifier>
              <company>DL</company>
            </codeShareDetails>
            <codeShareDetails>
              <company>KL</company>
            </codeShareDetails>
            <pricingTicketing>
              <priceType>OBV</priceType>
            </pricingTicketing>
          </paxFareDetail>
          <paxReference>
            <ptc>ADT</ptc>
            <traveller>
              <ref>1</ref>
            </traveller>
          </paxReference>
          <fare>
            <pricingMessage>
              <freeTextQualification>
                <textSubjectQualifier>PEN</textSubjectQualifier>
                <informationType>70</informationType>
              </freeTextQualification>
              <description>TICKETS ARE NON-REFUNDABLE</description>
            </pricingMessage>
          </fare>
          <fare>
            <pricingMessage>
              <freeTextQualification>
                <textSubjectQualifier>LTD</textSubjectQualifier>
                <informationType>40</informationType>
              </freeTextQualification>
              <description>LAST TKT DTE</description>
              <description>19APR20</description>
              <description> - SEE ADV PURCHASE</description>
            </pricingMessage>
          </fare>
          <fareDetails>
            <segmentRef>
              <segRef>1</segRef>
            </segmentRef>
            <groupOfFares>
              <productInformation>
                <cabinProduct>
                  <rbd>E</rbd>
                  <cabin>M</cabin>
                  <avlStatus>9</avlStatus>
                </cabinProduct>
                <fareProductDetail>
                  <fareBasis>XA7NA0BC</fareBasis>
                  <passengerType>ADT</passengerType>
                  <fareType>RP</fareType>
                </fareProductDetail>
                <breakPoint>Y</breakPoint>
              </productInformation>
            </groupOfFares>
            <groupOfFares>
              <productInformation>
                <cabinProduct>
                  <rbd>E</rbd>
                  <cabin>M</cabin>
                  <avlStatus>9</avlStatus>
                </cabinProduct>
                <fareProductDetail>
                  <fareBasis>VFVNA0BQ</fareBasis>
                  <passengerType>ADT</passengerType>
                  <fareType>RP</fareType>
                </fareProductDetail>
                <breakPoint>Y</breakPoint>
              </productInformation>
            </groupOfFares>
            <majCabin>
              <bookingClassDetails>
                <designator>M</designator>
              </bookingClassDetails>
            </majCabin>
          </fareDetails>
          <fareDetails>
            <segmentRef>
              <segRef>2</segRef>
            </segmentRef>
            <groupOfFares>
              <productInformation>
                <cabinProduct>
                  <rbd>E</rbd>
                  <cabin>M</cabin>
                  <avlStatus>9</avlStatus>
                </cabinProduct>
                <fareProductDetail>
                  <fareBasis>VAVNA0BQ</fareBasis>
                  <passengerType>ADT</passengerType>
                  <fareType>RP</fareType>
                </fareProductDetail>
                <breakPoint>Y</breakPoint>
              </productInformation>
            </groupOfFares>
            <majCabin>
              <bookingClassDetails>
                <designator>M</designator>
              </bookingClassDetails>
            </majCabin>
          </fareDetails>
        </paxFareProduct>
      </recommendation>
      <serviceFeesGrp>
        <serviceTypeInfo>
          <carrierFeeDetails>
            <type>FBA</type>
          </carrierFeeDetails>
        </serviceTypeInfo>
        <serviceCoverageInfoGrp>
          <itemNumberInfo>
            <itemNumber>
              <number>1</number>
            </itemNumber>
          </itemNumberInfo>
          <serviceCovInfoGrp>
            <paxRefInfo>
              <travellerDetails>
                <referenceNumber>1</referenceNumber>
              </travellerDetails>
            </paxRefInfo>
            <coveragePerFlightsInfo>
              <numberOfItemsDetails>
                <referenceQualifier>RS</referenceQualifier>
                <refNum>1</refNum>
              </numberOfItemsDetails>
              <lastItemsDetails>
                <refOfLeg>1</refOfLeg>
              </lastItemsDetails>
              <lastItemsDetails>
                <refOfLeg>2</refOfLeg>
              </lastItemsDetails>
            </coveragePerFlightsInfo>
            <coveragePerFlightsInfo>
              <numberOfItemsDetails>
                <referenceQualifier>RS</referenceQualifier>
                <refNum>2</refNum>
              </numberOfItemsDetails>
              <lastItemsDetails>
                <refOfLeg>1</refOfLeg>
              </lastItemsDetails>
            </coveragePerFlightsInfo>
            <refInfo>
              <referencingDetail>
                <refQualifier>F</refQualifier>
                <refNumber>1</refNumber>
              </referencingDetail>
            </refInfo>
          </serviceCovInfoGrp>
        </serviceCoverageInfoGrp>
        <serviceCoverageInfoGrp>
          <itemNumberInfo>
            <itemNumber>
              <number>2</number>
            </itemNumber>
          </itemNumberInfo>
          <serviceCovInfoGrp>
            <paxRefInfo>
              <travellerDetails>
                <referenceNumber>1</referenceNumber>
              </travellerDetails>
            </paxRefInfo>
            <coveragePerFlightsInfo>
              <numberOfItemsDetails>
                <referenceQualifier>RS</referenceQualifier>
                <refNum>1</refNum>
              </numberOfItemsDetails>
              <lastItemsDetails>
                <refOfLeg>1</refOfLeg>
              </lastItemsDetails>
              <lastItemsDetails>
                <refOfLeg>2</refOfLeg>
              </lastItemsDetails>
            </coveragePerFlightsInfo>
            <coveragePerFlightsInfo>
              <numberOfItemsDetails>
                <referenceQualifier>RS</referenceQualifier>
                <refNum>2</refNum>
              </numberOfItemsDetails>
              <lastItemsDetails>
                <refOfLeg>1</refOfLeg>
              </lastItemsDetails>
              <lastItemsDetails>
                <refOfLeg>2</refOfLeg>
              </lastItemsDetails>
            </coveragePerFlightsInfo>
            <refInfo>
              <referencingDetail>
                <refQualifier>F</refQualifier>
                <refNumber>1</refNumber>
              </referencingDetail>
            </refInfo>
          </serviceCovInfoGrp>
        </serviceCoverageInfoGrp>
        <serviceCoverageInfoGrp>
          <itemNumberInfo>
            <itemNumber>
              <number>3</number>
            </itemNumber>
          </itemNumberInfo>
          <serviceCovInfoGrp>
            <paxRefInfo>
              <travellerDetails>
                <referenceNumber>1</referenceNumber>
              </travellerDetails>
            </paxRefInfo>
            <coveragePerFlightsInfo>
              <numberOfItemsDetails>
                <referenceQualifier>RS</referenceQualifier>
                <refNum>1</refNum>
              </numberOfItemsDetails>
              <lastItemsDetails>
                <refOfLeg>1</refOfLeg>
              </lastItemsDetails>
            </coveragePerFlightsInfo>
            <coveragePerFlightsInfo>
              <numberOfItemsDetails>
                <referenceQualifier>RS</referenceQualifier>
                <refNum>2</refNum>
              </numberOfItemsDetails>
              <lastItemsDetails>
                <refOfLeg>1</refOfLeg>
              </lastItemsDetails>
            </coveragePerFlightsInfo>
            <refInfo>
              <referencingDetail>
                <refQualifier>F</refQualifier>
                <refNumber>1</refNumber>
              </referencingDetail>
            </refInfo>
          </serviceCovInfoGrp>
        </serviceCoverageInfoGrp>
        <globalMessageMarker/>
        <freeBagAllowanceGrp>
          <freeBagAllownceInfo>
            <baggageDetails>
              <freeAllowance>0</freeAllowance>
              <quantityCode>N</quantityCode>
            </baggageDetails>
          </freeBagAllownceInfo>
          <itemNumberInfo>
            <itemNumberDetails>
              <number>1</number>
            </itemNumberDetails>
          </itemNumberInfo>
        </freeBagAllowanceGrp>
      </serviceFeesGrp>
    </Fare_MasterPricerTravelBoardSearchReply>
  </soapenv:Body>
</soapenv:Envelope>
