<?xml version="1.0"?>
<soapenv:Envelope xmlns:soapenv="http://schemas.xmlsoap.org/soap/envelope/" xmlns:sec="http://xml.amadeus.com/2010/06/Security_v1" xmlns:typ="http://xml.amadeus.com/2010/06/Types_v1" xmlns:app="http://xml.amadeus.com/2010/06/AppMdw_CommonTypes_v3" xmlns:ses="http://xml.amadeus.com/2010/06/Session_v3">
  <soapenv:Header xmlns:add="http://www.w3.org/2005/08/addressing">
    <add:MessageID>b95e9366-1be0-99ac-cd95-7c116578ada6</add:MessageID>
    <add:Action>http://webservices.amadeus.com/VLSSOQ_04_1_1A</add:Action>
    <add:To>https://nodeD1.test.webservices.amadeus.com/1ASIWIBESXI</add:To>
    <awsse:Session xmlns:awsse="http://xml.amadeus.com/2010/06/Session_v3" TransactionStatusCode="InSeries">
      <awsse:SessionId>00R7MHVXHC</awsse:SessionId>
      <awsse:SequenceNumber>8</awsse:SequenceNumber>
      <awsse:SecurityToken>1J44LNIF3WMGU387FQDOB7C5UZ</awsse:SecurityToken>
    </awsse:Session>
  </soapenv:Header>
  <soapenv:Body>
    <Security_SignOut xmlns="http://xml.amadeus.com/VLSSOQ_04_1_1A"> </Security_SignOut>
  </soapenv:Body>
</soapenv:Envelope>
