<?xml version="1.0" encoding="UTF-8"?>
<soapenv:Envelope xmlns:soapenv="http://schemas.xmlsoap.org/soap/envelope/" xmlns:awsse="http://xml.amadeus.com/2010/06/Session_v3" xmlns:wsa="http://www.w3.org/2005/08/addressing">
  <soapenv:Header>
    <wsa:To>http://www.w3.org/2005/08/addressing/anonymous</wsa:To>
    <wsa:From>
      <wsa:Address>https://nodeD1.test.webservices.amadeus.com/1ASIWIBESXI</wsa:Address>
    </wsa:From>
    <wsa:Action>http://webservices.amadeus.com/VLSSOQ_04_1_1A</wsa:Action>
    <wsa:MessageID>urn:uuid:3cecba26-1ddc-3b34-4d9f-ff4b2e86bedb</wsa:MessageID>
    <wsa:RelatesTo RelationshipType="http://www.w3.org/2005/08/addressing/reply">64f775f0-5971-ee16-2308-95b62a598121</wsa:RelatesTo>
    <awsse:Session TransactionStatusCode="End">
      <awsse:SessionId>00R466XPVA</awsse:SessionId>
      <awsse:SequenceNumber>8</awsse:SequenceNumber>
      <awsse:SecurityToken>ILFPKS0R13K9LPNV57VD409K</awsse:SecurityToken>
    </awsse:Session>
  </soapenv:Header>
  <soapenv:Body>
    <Security_SignOutReply xmlns="http://xml.amadeus.com/VLSSOR_04_1_1A">
      <processStatus>
        <statusCode>P</statusCode>
      </processStatus>
    </Security_SignOutReply>
  </soapenv:Body>
</soapenv:Envelope>
