<?xml version="1.0" encoding="UTF-8"?>
<soapenv:Envelope xmlns:soapenv="http://schemas.xmlsoap.org/soap/envelope/" xmlns:awsse="http://xml.amadeus.com/2010/06/Session_v3" xmlns:wsa="http://www.w3.org/2005/08/addressing">
  <soapenv:Header>
    <wsa:To>http://www.w3.org/2005/08/addressing/anonymous</wsa:To>
    <wsa:From>
      <wsa:Address>https://nodeD1.test.webservices.amadeus.com/1ASIWIBESXI</wsa:Address>
    </wsa:From>
    <wsa:Action>http://webservices.amadeus.com/VLSSOQ_04_1_1A</wsa:Action>
    <wsa:MessageID>urn:uuid:fe638894-2a8a-2f44-f51d-d20ffc7531e4</wsa:MessageID>
    <wsa:RelatesTo RelationshipType="http://www.w3.org/2005/08/addressing/reply">6c52dff1-a8c5-c78c-4fee-107f88087f3d</wsa:RelatesTo>
    <awsse:Session TransactionStatusCode="End">
      <awsse:SessionId>00R8495YKX</awsse:SessionId>
      <awsse:SequenceNumber>8</awsse:SequenceNumber>
      <awsse:SecurityToken>1J06AGCGBIUN9TV68SP42CUG2</awsse:SecurityToken>
    </awsse:Session>
  </soapenv:Header>
  <soapenv:Body>
    <Security_SignOutReply xmlns="http://xml.amadeus.com/VLSSOR_04_1_1A">
      <processStatus>
        <statusCode>P</statusCode>
      </processStatus>
    </Security_SignOutReply>
  </soapenv:Body>
</soapenv:Envelope>
