<?xml version="1.0" encoding="UTF-8"?>
<soapenv:Envelope xmlns:soapenv="http://schemas.xmlsoap.org/soap/envelope/" xmlns:awsse="http://xml.amadeus.com/2010/06/Session_v3" xmlns:wsa="http://www.w3.org/2005/08/addressing">
  <soapenv:Header>
    <wsa:To>http://www.w3.org/2005/08/addressing/anonymous</wsa:To>
    <wsa:From>
      <wsa:Address>https://nodeD1.test.webservices.amadeus.com/1ASIWIBESXI</wsa:Address>
    </wsa:From>
    <wsa:Action>http://webservices.amadeus.com/VLSSOQ_04_1_1A</wsa:Action>
    <wsa:MessageID>urn:uuid:b646c7c2-ccf1-3864-35a9-8edc4bf6d60a</wsa:MessageID>
    <wsa:RelatesTo RelationshipType="http://www.w3.org/2005/08/addressing/reply">ad2654a6-7f5b-1493-b280-a3c19c131fd4</wsa:RelatesTo>
    <awsse:Session TransactionStatusCode="End">
      <awsse:SessionId>01BH3QWW9A</awsse:SessionId>
      <awsse:SequenceNumber>8</awsse:SequenceNumber>
      <awsse:SecurityToken>84E1YGEC271YY9ORM01D96PR</awsse:SecurityToken>
    </awsse:Session>
  </soapenv:Header>
  <soapenv:Body>
    <Security_SignOutReply xmlns="http://xml.amadeus.com/VLSSOR_04_1_1A">
      <processStatus>
        <statusCode>P</statusCode>
      </processStatus>
    </Security_SignOutReply>
  </soapenv:Body>
</soapenv:Envelope>
