<?xml version="1.0" encoding="UTF-8"?>
<soapenv:Envelope xmlns:soapenv="http://schemas.xmlsoap.org/soap/envelope/" xmlns:awsse="http://xml.amadeus.com/2010/06/Session_v3" xmlns:wsa="http://www.w3.org/2005/08/addressing">
  <soapenv:Header>
    <wsa:To>http://www.w3.org/2005/08/addressing/anonymous</wsa:To>
    <wsa:From>
      <wsa:Address>https://nodeD1.test.webservices.amadeus.com/1ASIWIBESXI</wsa:Address>
    </wsa:From>
    <wsa:Action>http://webservices.amadeus.com/VLSSOQ_04_1_1A</wsa:Action>
    <wsa:MessageID>urn:uuid:a14731d5-9478-4124-f54c-b5b4ae4b887f</wsa:MessageID>
    <wsa:RelatesTo RelationshipType="http://www.w3.org/2005/08/addressing/reply">b95e9366-1be0-99ac-cd95-7c116578ada6</wsa:RelatesTo>
    <awsse:Session TransactionStatusCode="End">
      <awsse:SessionId>00R7MHVXHC</awsse:SessionId>
      <awsse:SequenceNumber>8</awsse:SequenceNumber>
      <awsse:SecurityToken>1J44LNIF3WMGU387FQDOB7C5UZ</awsse:SecurityToken>
    </awsse:Session>
  </soapenv:Header>
  <soapenv:Body>
    <Security_SignOutReply xmlns="http://xml.amadeus.com/VLSSOR_04_1_1A">
      <processStatus>
        <statusCode>P</statusCode>
      </processStatus>
    </Security_SignOutReply>
  </soapenv:Body>
</soapenv:Envelope>
