<?xml version="1.0"?>
<soapenv:Envelope xmlns:soapenv="http://schemas.xmlsoap.org/soap/envelope/" xmlns:sec="http://xml.amadeus.com/2010/06/Security_v1" xmlns:typ="http://xml.amadeus.com/2010/06/Types_v1" xmlns:iat="http://www.iata.org/IATA/2007/00/IATA2010.1" xmlns:app="http://xml.amadeus.com/2010/06/AppMdw_CommonTypes_v3" xmlns:ses="http://xml.amadeus.com/2010/06/Session_v3">
  <soapenv:Header xmlns:add="http://www.w3.org/2005/08/addressing">
    <add:MessageID>60caf08a-f362-b3c7-72ad-7839823c9b57</add:MessageID>
    <add:Action>http://webservices.amadeus.com/TIPNRQ_18_1_1A</add:Action>
    <add:To>https://nodeD1.test.webservices.amadeus.com/1ASIWIBESXI</add:To>
    <oas:Security xmlns:oas="http://docs.oasis-open.org/wss/2004/01/oasis-200401-wss-wssecurity-secext-1.0.xsd" xmlns:oas1="http://docs.oasis-open.org/wss/2004/01/oasis-200401-wss-wssecurity-utility-1.0.xsd">
      <oas:UsernameToken oas1:Id="UsernameToken-1">
        <oas:Username>WSSXIIBE</oas:Username>
        <oas:Nonce EncodingType="http://docs.oasis-open.org/wss/2004/01/oasis-200401-wss-soap-message-security-1.0#Base64Binary">TZkoNnnrol5s8PLXZYnPkA==</oas:Nonce>
        <oas:Password Type="http://docs.oasis-open.org/wss/2004/01/oasis-200401-wss-username-token-profile-1.0#PasswordDigest">hX2zwS2WsW7rDeBeO+fbowEAE7w=</oas:Password>
        <oas1:Created>2020-04-15T14:50:33:196Z</oas1:Created>
      </oas:UsernameToken>
    </oas:Security>
    <AMA_SecurityHostedUser xmlns="http://xml.amadeus.com/2010/06/Security_v1">
      <UserID AgentDutyCode="SU" RequestorType="U" PseudoCityCode="YTOC421I9" POS_Type="1"/>
    </AMA_SecurityHostedUser>
  </soapenv:Header>
  <soapenv:Body>
    <Fare_InformativePricingWithoutPNR>
      <passengersGroup>
        <segmentRepetitionControl>
          <segmentControlDetails>
            <quantity>1</quantity>
            <numberOfUnits>1</numberOfUnits>
          </segmentControlDetails>
        </segmentRepetitionControl>
        <travellersID>
          <travellerDetails>
            <measurementValue>1</measurementValue>
          </travellerDetails>
        </travellersID>
        <discountPtc>
          <valueQualifier>ADT</valueQualifier>
        </discountPtc>
      </passengersGroup>
      <passengersGroup>
        <segmentRepetitionControl>
          <segmentControlDetails>
            <quantity>2</quantity>
            <numberOfUnits>1</numberOfUnits>
          </segmentControlDetails>
        </segmentRepetitionControl>
        <travellersID>
          <travellerDetails>
            <measurementValue>2</measurementValue>
          </travellerDetails>
        </travellersID>
        <discountPtc>
          <valueQualifier>CH</valueQualifier>
        </discountPtc>
      </passengersGroup>
      <segmentGroup>
        <segmentInformation>
          <flightDate>
            <departureDate>111120</departureDate>
          </flightDate>
          <boardPointDetails>
            <trueLocationId>MIA</trueLocationId>
          </boardPointDetails>
          <offpointDetails>
            <trueLocationId>JFK</trueLocationId>
          </offpointDetails>
          <companyDetails>
            <marketingCompany>AA</marketingCompany>
            <operatingCompany>AA</operatingCompany>
          </companyDetails>
          <flightIdentification>
            <flightNumber>2195</flightNumber>
            <bookingClass>G</bookingClass>
          </flightIdentification>
          <flightTypeDetails>
            <flightIndicator>1</flightIndicator>
          </flightTypeDetails>
          <itemNumber>1</itemNumber>
        </segmentInformation>
      </segmentGroup>
      <segmentGroup>
        <segmentInformation>
          <flightDate>
            <departureDate>241220</departureDate>
          </flightDate>
          <boardPointDetails>
            <trueLocationId>JFK</trueLocationId>
          </boardPointDetails>
          <offpointDetails>
            <trueLocationId>MIA</trueLocationId>
          </offpointDetails>
          <companyDetails>
            <marketingCompany>AA</marketingCompany>
            <operatingCompany>AA</operatingCompany>
          </companyDetails>
          <flightIdentification>
            <flightNumber>1099</flightNumber>
            <bookingClass>G</bookingClass>
          </flightIdentification>
          <flightTypeDetails>
            <flightIndicator>2</flightIndicator>
          </flightTypeDetails>
          <itemNumber>2</itemNumber>
        </segmentInformation>
      </segmentGroup>
      <pricingOptionGroup>
        <pricingOptionKey>
          <pricingOptionKey>FCO</pricingOptionKey>
        </pricingOptionKey>
        <currency>
          <firstCurrencyDetails>
            <currencyQualifier>FCO</currencyQualifier>
            <currencyIsoCode>USD</currencyIsoCode>
          </firstCurrencyDetails>
        </currency>
      </pricingOptionGroup>
      <pricingOptionGroup>
        <pricingOptionKey>
          <pricingOptionKey>RP</pricingOptionKey>
        </pricingOptionKey>
      </pricingOptionGroup>
      <pricingOptionGroup>
        <pricingOptionKey>
          <pricingOptionKey>RU</pricingOptionKey>
        </pricingOptionKey>
      </pricingOptionGroup>
      <pricingOptionGroup>
        <pricingOptionKey>
          <pricingOptionKey>VC</pricingOptionKey>
        </pricingOptionKey>
        <carrierInformation>
          <companyIdentification>
            <otherCompany>AA</otherCompany>
          </companyIdentification>
        </carrierInformation>
      </pricingOptionGroup>
    </Fare_InformativePricingWithoutPNR>
  </soapenv:Body>
</soapenv:Envelope>
