<?xml version="1.0" encoding="UTF-8"?>
<soapenv:Envelope xmlns:soapenv="http://schemas.xmlsoap.org/soap/envelope/" xmlns:awsse="http://xml.amadeus.com/2010/06/Session_v3" xmlns:wsa="http://www.w3.org/2005/08/addressing">
  <soapenv:Header>
    <wsa:To>http://www.w3.org/2005/08/addressing/anonymous</wsa:To>
    <wsa:From>
      <wsa:Address>https://nodeD1.test.webservices.amadeus.com/1ASIWIBESXI</wsa:Address>
    </wsa:From>
    <wsa:Action>http://webservices.amadeus.com/PNRADD_17_1_1A</wsa:Action>
    <wsa:MessageID>urn:uuid:e0fa6a2d-cb62-2fb4-a1eb-0dec085eefe3</wsa:MessageID>
    <wsa:RelatesTo RelationshipType="http://www.w3.org/2005/08/addressing/reply">dfc83897-3962-cc18-6931-d3ea57182f9f</wsa:RelatesTo>
    <awsse:Session TransactionStatusCode="InSeries">
      <awsse:SessionId>01BAOWB5DP</awsse:SessionId>
      <awsse:SequenceNumber>2</awsse:SequenceNumber>
      <awsse:SecurityToken>3MGZDF5BA1A0Z25XZB05JYYYQ5</awsse:SecurityToken>
    </awsse:Session>
  </soapenv:Header>
  <soapenv:Body>
    <PNR_Reply xmlns="http://xml.amadeus.com/PNRACC_17_1_1A">
      <pnrHeader>
        <reservationInfo>
          <reservation>
            <companyId>1A</companyId>
          </reservation>
        </reservationInfo>
      </pnrHeader>
      <securityInformation>
        <responsibilityInformation>
          <typeOfPnrElement>RP</typeOfPnrElement>
          <officeId>YTOC421I9</officeId>
          <iataCode>00844325</iataCode>
        </responsibilityInformation>
        <queueingInformation>
          <queueingOfficeId>YTOC421I9</queueingOfficeId>
        </queueingInformation>
        <cityCode>YTO</cityCode>
      </securityInformation>
      <freetextData>
        <freetextDetail>
          <subjectQualifier>3</subjectQualifier>
          <type>P12</type>
        </freetextDetail>
        <longFreetext>--- MSC SFP ---</longFreetext>
      </freetextData>
      <pnrHeaderTag>
        <statusInformation>
          <indicator>MAR</indicator>
        </statusInformation>
        <statusInformation>
          <indicator>SFP</indicator>
        </statusInformation>
      </pnrHeaderTag>
      <sbrPOSDetails>
        <sbrUserIdentificationOwn>
          <originIdentification>
            <inHouseIdentification1> </inHouseIdentification1>
          </originIdentification>
        </sbrUserIdentificationOwn>
        <sbrSystemDetails>
          <deliveringSystem>
            <companyId> </companyId>
          </deliveringSystem>
        </sbrSystemDetails>
        <sbrPreferences>
          <userPreferences>
            <codedCountry> </codedCountry>
          </userPreferences>
        </sbrPreferences>
      </sbrPOSDetails>
      <sbrCreationPosDetails>
        <sbrUserIdentificationOwn>
          <originIdentification>
            <inHouseIdentification1> </inHouseIdentification1>
          </originIdentification>
        </sbrUserIdentificationOwn>
        <sbrSystemDetails>
          <deliveringSystem>
            <companyId> </companyId>
          </deliveringSystem>
        </sbrSystemDetails>
        <sbrPreferences>
          <userPreferences>
            <codedCountry> </codedCountry>
          </userPreferences>
        </sbrPreferences>
      </sbrCreationPosDetails>
      <sbrUpdatorPosDetails>
        <sbrUserIdentificationOwn>
          <originIdentification>
            <originatorId>00844325</originatorId>
            <inHouseIdentification1>YTOC421I9</inHouseIdentification1>
          </originIdentification>
          <originatorTypeCode>T</originatorTypeCode>
        </sbrUserIdentificationOwn>
        <sbrSystemDetails>
          <deliveringSystem>
            <companyId>1A</companyId>
            <locationId>YTO</locationId>
          </deliveringSystem>
        </sbrSystemDetails>
        <sbrPreferences>
          <userPreferences>
            <codedCountry>CA</codedCountry>
          </userPreferences>
        </sbrPreferences>
      </sbrUpdatorPosDetails>
      <travellerInfo>
        <elementManagementPassenger>
          <reference>
            <qualifier>PT</qualifier>
            <number>2</number>
          </reference>
          <segmentName>NM</segmentName>
          <lineNumber>1</lineNumber>
        </elementManagementPassenger>
        <passengerData>
          <travellerInformation>
            <traveller>
              <surname>DATA</surname>
              <quantity>1</quantity>
            </traveller>
            <passenger>
              <firstName>SHUYAM</firstName>
              <type>ADT</type>
            </passenger>
          </travellerInformation>
        </passengerData>
        <enhancedPassengerData>
          <enhancedTravellerInformation>
            <travellerNameInfo>
              <quantity>1</quantity>
              <type>ADT</type>
            </travellerNameInfo>
            <otherPaxNamesDetails>
              <nameType>UN</nameType>
              <referenceName>Y</referenceName>
              <displayedName>Y</displayedName>
              <surname>DATA</surname>
              <givenName>SHUYAM</givenName>
            </otherPaxNamesDetails>
          </enhancedTravellerInformation>
        </enhancedPassengerData>
      </travellerInfo>
      <travellerInfo>
        <elementManagementPassenger>
          <reference>
            <qualifier>PT</qualifier>
            <number>3</number>
          </reference>
          <segmentName>NM</segmentName>
          <lineNumber>2</lineNumber>
        </elementManagementPassenger>
        <passengerData>
          <travellerInformation>
            <traveller>
              <surname>KUMAR</surname>
              <quantity>1</quantity>
            </traveller>
            <passenger>
              <firstName>SONAL</firstName>
              <type>CHD</type>
            </passenger>
          </travellerInformation>
          <dateOfBirth>
            <dateAndTimeDetails>
              <qualifier>706</qualifier>
              <date>03022015</date>
            </dateAndTimeDetails>
          </dateOfBirth>
        </passengerData>
        <enhancedPassengerData>
          <enhancedTravellerInformation>
            <travellerNameInfo>
              <quantity>1</quantity>
              <type>CHD</type>
            </travellerNameInfo>
            <otherPaxNamesDetails>
              <nameType>UN</nameType>
              <referenceName>Y</referenceName>
              <displayedName>Y</displayedName>
              <surname>KUMAR</surname>
              <givenName>SONAL</givenName>
            </otherPaxNamesDetails>
          </enhancedTravellerInformation>
          <dateOfBirthInEnhancedPaxData>
            <dateAndTimeDetails>
              <qualifier>706</qualifier>
              <date>03022015</date>
            </dateAndTimeDetails>
          </dateOfBirthInEnhancedPaxData>
        </enhancedPassengerData>
      </travellerInfo>
      <originDestinationDetails>
        <originDestination/>
        <itineraryInfo>
          <elementManagementItinerary>
            <reference>
              <qualifier>ST</qualifier>
              <number>1</number>
            </reference>
            <segmentName>AIR</segmentName>
            <lineNumber>3</lineNumber>
          </elementManagementItinerary>
          <travelProduct>
            <product>
              <depDate>200520</depDate>
              <depTime>0750</depTime>
              <arrDate>200520</arrDate>
              <arrTime>1037</arrTime>
            </product>
            <boardpointDetail>
              <cityCode>MIA</cityCode>
            </boardpointDetail>
            <offpointDetail>
              <cityCode>MSP</cityCode>
            </offpointDetail>
            <companyDetail>
              <identification>DL</identification>
            </companyDetail>
            <productDetails>
              <identification>3035</identification>
              <classOfService>E</classOfService>
            </productDetails>
            <typeDetail>
              <detail>ET</detail>
            </typeDetail>
          </travelProduct>
          <itineraryMessageAction>
            <business>
              <function>1</function>
            </business>
          </itineraryMessageAction>
          <relatedProduct>
            <quantity>2</quantity>
            <status>HK</status>
          </relatedProduct>
          <elementsIndicators>
            <statusInformation>
              <indicator>TSA</indicator>
            </statusInformation>
          </elementsIndicators>
          <flightDetail>
            <productDetails>
              <equipment>319</equipment>
              <numOfStops>0</numOfStops>
              <duration>0347</duration>
              <weekDay>3</weekDay>
            </productDetails>
            <arrivalStationInfo>
              <terminal>1</terminal>
            </arrivalStationInfo>
            <mileageTimeDetails>
              <flightLegMileage>1501</flightLegMileage>
              <unitQualifier>M</unitQualifier>
            </mileageTimeDetails>
            <facilities>
              <entertainement>M</entertainement>
              <entertainementDescription>F</entertainementDescription>
            </facilities>
          </flightDetail>
          <cabinDetails>
            <cabinDetails>
              <classDesignator>M</classDesignator>
            </cabinDetails>
          </cabinDetails>
          <selectionDetails>
            <selection>
              <option>P2</option>
            </selection>
          </selectionDetails>
          <carbonDioxydeInfo>
            <carbonDioxydeAmount>
              <quantityDetails>
                <qualifier>COE</qualifier>
                <value>242.656277</value>
                <unit>KPP</unit>
              </quantityDetails>
            </carbonDioxydeAmount>
            <carbonDioxydeInfoSource>
              <freeTextDetails>
                <textSubjectQualifier>3</textSubjectQualifier>
                <source>S</source>
                <encoding>7</encoding>
              </freeTextDetails>
              <freeText>SOURCE:ICAO CARBON EMISSIONS CALCULATOR</freeText>
            </carbonDioxydeInfoSource>
          </carbonDioxydeInfo>
          <itineraryfreeFormText>
            <freeTextQualification>
              <textSubjectQualifier>3</textSubjectQualifier>
            </freeTextQualification>
            <freeText>SEE RTSVC</freeText>
            <freeText>WARNING - CHECK TIMES</freeText>
          </itineraryfreeFormText>
          <distributionMethod>
            <methodCode>E</methodCode>
          </distributionMethod>
          <legInfo>
            <markerLegInfo/>
            <legTravelProduct>
              <flightDate>
                <departureDate>200520</departureDate>
                <departureTime>0755</departureTime>
                <arrivalDate>200520</arrivalDate>
                <arrivalTime>1043</arrivalTime>
              </flightDate>
              <boardPointDetails>
                <trueLocationId>MIA</trueLocationId>
              </boardPointDetails>
              <offpointDetails>
                <trueLocationId>MSP</trueLocationId>
              </offpointDetails>
            </legTravelProduct>
            <interactiveFreeText>
              <freeTextQualification>
                <textSubjectQualifier>ACO</textSubjectQualifier>
              </freeTextQualification>
              <freeText>AIRCRAFT OWNER DELTA AIR LINES</freeText>
            </interactiveFreeText>
          </legInfo>
          <markerRailTour/>
        </itineraryInfo>
        <itineraryInfo>
          <elementManagementItinerary>
            <reference>
              <qualifier>ST</qualifier>
              <number>2</number>
            </reference>
            <segmentName>AIR</segmentName>
            <lineNumber>4</lineNumber>
          </elementManagementItinerary>
          <travelProduct>
            <product>
              <depDate>200520</depDate>
              <depTime>1120</depTime>
              <arrDate>200520</arrDate>
              <arrTime>1302</arrTime>
            </product>
            <boardpointDetail>
              <cityCode>MSP</cityCode>
            </boardpointDetail>
            <offpointDetail>
              <cityCode>SEA</cityCode>
            </offpointDetail>
            <companyDetail>
              <identification>DL</identification>
            </companyDetail>
            <productDetails>
              <identification>1670</identification>
              <classOfService>E</classOfService>
            </productDetails>
            <typeDetail>
              <detail>ET</detail>
            </typeDetail>
          </travelProduct>
          <itineraryMessageAction>
            <business>
              <function>1</function>
            </business>
          </itineraryMessageAction>
          <relatedProduct>
            <quantity>2</quantity>
            <status>HK</status>
          </relatedProduct>
          <elementsIndicators>
            <statusInformation>
              <indicator>TSA</indicator>
            </statusInformation>
          </elementsIndicators>
          <flightDetail>
            <productDetails>
              <equipment>752</equipment>
              <numOfStops>0</numOfStops>
              <duration>0342</duration>
              <weekDay>3</weekDay>
            </productDetails>
            <departureInformation>
              <departTerminal>1</departTerminal>
            </departureInformation>
            <mileageTimeDetails>
              <flightLegMileage>1399</flightLegMileage>
              <unitQualifier>M</unitQualifier>
            </mileageTimeDetails>
            <facilities>
              <entertainement>M</entertainement>
              <entertainementDescription>F</entertainementDescription>
            </facilities>
          </flightDetail>
          <cabinDetails>
            <cabinDetails>
              <classDesignator>M</classDesignator>
            </cabinDetails>
          </cabinDetails>
          <selectionDetails>
            <selection>
              <option>P2</option>
            </selection>
          </selectionDetails>
          <carbonDioxydeInfo>
            <carbonDioxydeAmount>
              <quantityDetails>
                <qualifier>COE</qualifier>
                <value>184.835155</value>
                <unit>KPP</unit>
              </quantityDetails>
            </carbonDioxydeAmount>
            <carbonDioxydeInfoSource>
              <freeTextDetails>
                <textSubjectQualifier>3</textSubjectQualifier>
                <source>S</source>
                <encoding>7</encoding>
              </freeTextDetails>
              <freeText>SOURCE:ICAO CARBON EMISSIONS CALCULATOR</freeText>
            </carbonDioxydeInfoSource>
          </carbonDioxydeInfo>
          <itineraryfreeFormText>
            <freeTextQualification>
              <textSubjectQualifier>3</textSubjectQualifier>
            </freeTextQualification>
            <freeText>SEE RTSVC</freeText>
            <freeText>WARNING - CHECK TIMES</freeText>
          </itineraryfreeFormText>
          <distributionMethod>
            <methodCode>E</methodCode>
          </distributionMethod>
          <legInfo>
            <markerLegInfo/>
            <legTravelProduct>
              <flightDate>
                <departureDate>200520</departureDate>
                <departureTime>1115</departureTime>
                <arrivalDate>200520</arrivalDate>
                <arrivalTime>1257</arrivalTime>
              </flightDate>
              <boardPointDetails>
                <trueLocationId>MSP</trueLocationId>
              </boardPointDetails>
              <offpointDetails>
                <trueLocationId>SEA</trueLocationId>
              </offpointDetails>
            </legTravelProduct>
            <interactiveFreeText>
              <freeTextQualification>
                <textSubjectQualifier>ACO</textSubjectQualifier>
              </freeTextQualification>
              <freeText>AIRCRAFT OWNER DELTA AIR LINES</freeText>
            </interactiveFreeText>
          </legInfo>
          <markerRailTour/>
        </itineraryInfo>
        <itineraryInfo>
          <elementManagementItinerary>
            <reference>
              <qualifier>ST</qualifier>
              <number>3</number>
            </reference>
            <segmentName>AIR</segmentName>
            <lineNumber>5</lineNumber>
          </elementManagementItinerary>
          <travelProduct>
            <product>
              <depDate>230620</depDate>
              <depTime>0730</depTime>
              <arrDate>230620</arrDate>
              <arrTime>1525</arrTime>
            </product>
            <boardpointDetail>
              <cityCode>SEA</cityCode>
            </boardpointDetail>
            <offpointDetail>
              <cityCode>ATL</cityCode>
            </offpointDetail>
            <companyDetail>
              <identification>DL</identification>
            </companyDetail>
            <productDetails>
              <identification>1870</identification>
              <classOfService>E</classOfService>
            </productDetails>
            <typeDetail>
              <detail>ET</detail>
            </typeDetail>
          </travelProduct>
          <itineraryMessageAction>
            <business>
              <function>1</function>
            </business>
          </itineraryMessageAction>
          <relatedProduct>
            <quantity>2</quantity>
            <status>HK</status>
          </relatedProduct>
          <elementsIndicators>
            <statusInformation>
              <indicator>TSA</indicator>
            </statusInformation>
          </elementsIndicators>
          <flightDetail>
            <productDetails>
              <equipment>752</equipment>
              <numOfStops>0</numOfStops>
              <duration>0455</duration>
              <weekDay>2</weekDay>
            </productDetails>
            <arrivalStationInfo>
              <terminal>S</terminal>
            </arrivalStationInfo>
            <mileageTimeDetails>
              <flightLegMileage>2182</flightLegMileage>
              <unitQualifier>M</unitQualifier>
            </mileageTimeDetails>
            <facilities>
              <entertainement>M</entertainement>
              <entertainementDescription>F</entertainementDescription>
            </facilities>
          </flightDetail>
          <cabinDetails>
            <cabinDetails>
              <classDesignator>M</classDesignator>
            </cabinDetails>
          </cabinDetails>
          <selectionDetails>
            <selection>
              <option>P2</option>
            </selection>
          </selectionDetails>
          <carbonDioxydeInfo>
            <carbonDioxydeAmount>
              <quantityDetails>
                <qualifier>COE</qualifier>
                <value>259.921635</value>
                <unit>KPP</unit>
              </quantityDetails>
            </carbonDioxydeAmount>
            <carbonDioxydeInfoSource>
              <freeTextDetails>
                <textSubjectQualifier>3</textSubjectQualifier>
                <source>S</source>
                <encoding>7</encoding>
              </freeTextDetails>
              <freeText>SOURCE:ICAO CARBON EMISSIONS CALCULATOR</freeText>
            </carbonDioxydeInfoSource>
          </carbonDioxydeInfo>
          <itineraryfreeFormText>
            <freeTextQualification>
              <textSubjectQualifier>3</textSubjectQualifier>
            </freeTextQualification>
            <freeText>SEE RTSVC</freeText>
          </itineraryfreeFormText>
          <distributionMethod>
            <methodCode>E</methodCode>
          </distributionMethod>
          <legInfo>
            <markerLegInfo/>
            <legTravelProduct>
              <flightDate>
                <departureDate>230620</departureDate>
                <departureTime>0730</departureTime>
                <arrivalDate>230620</arrivalDate>
                <arrivalTime>1525</arrivalTime>
              </flightDate>
              <boardPointDetails>
                <trueLocationId>SEA</trueLocationId>
              </boardPointDetails>
              <offpointDetails>
                <trueLocationId>ATL</trueLocationId>
              </offpointDetails>
            </legTravelProduct>
            <interactiveFreeText>
              <freeTextQualification>
                <textSubjectQualifier>ACO</textSubjectQualifier>
              </freeTextQualification>
              <freeText>AIRCRAFT OWNER DELTA AIR LINES</freeText>
            </interactiveFreeText>
          </legInfo>
          <markerRailTour/>
        </itineraryInfo>
        <itineraryInfo>
          <elementManagementItinerary>
            <reference>
              <qualifier>ST</qualifier>
              <number>4</number>
            </reference>
            <segmentName>AIR</segmentName>
            <lineNumber>6</lineNumber>
          </elementManagementItinerary>
          <travelProduct>
            <product>
              <depDate>230620</depDate>
              <depTime>1610</depTime>
              <arrDate>230620</arrDate>
              <arrTime>1810</arrTime>
            </product>
            <boardpointDetail>
              <cityCode>ATL</cityCode>
            </boardpointDetail>
            <offpointDetail>
              <cityCode>MIA</cityCode>
            </offpointDetail>
            <companyDetail>
              <identification>DL</identification>
            </companyDetail>
            <productDetails>
              <identification>2025</identification>
              <classOfService>E</classOfService>
            </productDetails>
            <typeDetail>
              <detail>ET</detail>
            </typeDetail>
          </travelProduct>
          <itineraryMessageAction>
            <business>
              <function>1</function>
            </business>
          </itineraryMessageAction>
          <relatedProduct>
            <quantity>2</quantity>
            <status>HK</status>
          </relatedProduct>
          <elementsIndicators>
            <statusInformation>
              <indicator>TSA</indicator>
            </statusInformation>
          </elementsIndicators>
          <flightDetail>
            <productDetails>
              <equipment>321</equipment>
              <numOfStops>0</numOfStops>
              <duration>0200</duration>
              <weekDay>2</weekDay>
            </productDetails>
            <departureInformation>
              <departTerminal>S</departTerminal>
            </departureInformation>
            <mileageTimeDetails>
              <flightLegMileage>595</flightLegMileage>
              <unitQualifier>M</unitQualifier>
            </mileageTimeDetails>
          </flightDetail>
          <cabinDetails>
            <cabinDetails>
              <classDesignator>M</classDesignator>
            </cabinDetails>
          </cabinDetails>
          <selectionDetails>
            <selection>
              <option>P2</option>
            </selection>
          </selectionDetails>
          <carbonDioxydeInfo>
            <carbonDioxydeAmount>
              <quantityDetails>
                <qualifier>COE</qualifier>
                <value>107.587486</value>
                <unit>KPP</unit>
              </quantityDetails>
            </carbonDioxydeAmount>
            <carbonDioxydeInfoSource>
              <freeTextDetails>
                <textSubjectQualifier>3</textSubjectQualifier>
                <source>S</source>
                <encoding>7</encoding>
              </freeTextDetails>
              <freeText>SOURCE:ICAO CARBON EMISSIONS CALCULATOR</freeText>
            </carbonDioxydeInfoSource>
          </carbonDioxydeInfo>
          <itineraryfreeFormText>
            <freeTextQualification>
              <textSubjectQualifier>3</textSubjectQualifier>
            </freeTextQualification>
            <freeText>SEE RTSVC</freeText>
            <freeText>WARNING - CHECK TIMES</freeText>
          </itineraryfreeFormText>
          <distributionMethod>
            <methodCode>E</methodCode>
          </distributionMethod>
          <legInfo>
            <markerLegInfo/>
            <legTravelProduct>
              <flightDate>
                <departureDate>230620</departureDate>
                <departureTime>1601</departureTime>
                <arrivalDate>230620</arrivalDate>
                <arrivalTime>1801</arrivalTime>
              </flightDate>
              <boardPointDetails>
                <trueLocationId>ATL</trueLocationId>
              </boardPointDetails>
              <offpointDetails>
                <trueLocationId>MIA</trueLocationId>
              </offpointDetails>
            </legTravelProduct>
            <interactiveFreeText>
              <freeTextQualification>
                <textSubjectQualifier>ACO</textSubjectQualifier>
              </freeTextQualification>
              <freeText>AIRCRAFT OWNER DELTA AIR LINES</freeText>
            </interactiveFreeText>
          </legInfo>
          <markerRailTour/>
        </itineraryInfo>
      </originDestinationDetails>
      <segmentGroupingInfo>
        <groupingCode>CNX</groupingCode>
        <marriageDetail>
          <tatooNum>1</tatooNum>
        </marriageDetail>
        <marriageDetail>
          <tatooNum>2</tatooNum>
        </marriageDetail>
      </segmentGroupingInfo>
      <segmentGroupingInfo>
        <groupingCode>CNX</groupingCode>
        <marriageDetail>
          <tatooNum>3</tatooNum>
        </marriageDetail>
        <marriageDetail>
          <tatooNum>4</tatooNum>
        </marriageDetail>
      </segmentGroupingInfo>
      <segmentGroupingInfo>
        <groupingCode>MIN</groupingCode>
        <marriageDetail>
          <marriageQualifier>D</marriageQualifier>
          <tatooNum>1</tatooNum>
        </marriageDetail>
        <marriageDetail>
          <marriageQualifier>D</marriageQualifier>
          <tatooNum>2</tatooNum>
        </marriageDetail>
      </segmentGroupingInfo>
      <segmentGroupingInfo>
        <groupingCode>MIN</groupingCode>
        <marriageDetail>
          <marriageQualifier>D</marriageQualifier>
          <tatooNum>3</tatooNum>
        </marriageDetail>
        <marriageDetail>
          <marriageQualifier>D</marriageQualifier>
          <tatooNum>4</tatooNum>
        </marriageDetail>
      </segmentGroupingInfo>
      <dataElementsMaster>
        <marker2/>
        <dataElementsIndiv>
          <elementManagementData>
            <segmentName>RF</segmentName>
          </elementManagementData>
          <otherDataFreetext>
            <freetextDetail>
              <subjectQualifier>3</subjectQualifier>
              <type>P22</type>
            </freetextDetail>
            <longFreetext>AWSUI-NMC-CANADA/WSSXIIBE</longFreetext>
          </otherDataFreetext>
        </dataElementsIndiv>
        <dataElementsIndiv>
          <elementManagementData>
            <reference>
              <qualifier>OT</qualifier>
              <number>7</number>
            </reference>
            <segmentName>AP</segmentName>
            <lineNumber>7</lineNumber>
          </elementManagementData>
          <otherDataFreetext>
            <freetextDetail>
              <subjectQualifier>3</subjectQualifier>
              <type>5</type>
            </freetextDetail>
            <longFreetext>YTO 647 545-0463 - SOFTWARE XPRTS, INC. - A</longFreetext>
          </otherDataFreetext>
        </dataElementsIndiv>
        <dataElementsIndiv>
          <elementManagementData>
            <reference>
              <qualifier>OT</qualifier>
              <number>8</number>
            </reference>
            <segmentName>TK</segmentName>
            <lineNumber>8</lineNumber>
          </elementManagementData>
          <ticketElement>
            <ticket>
              <indicator>OK</indicator>
              <date>150420</date>
              <officeId>YTOC421I9</officeId>
            </ticket>
          </ticketElement>
        </dataElementsIndiv>
        <dataElementsIndiv>
          <elementManagementData>
            <reference>
              <qualifier>OT</qualifier>
              <number>6</number>
            </reference>
            <segmentName>SSR</segmentName>
            <lineNumber>9</lineNumber>
          </elementManagementData>
          <serviceRequest>
            <ssr>
              <type>CHLD</type>
              <status>HK</status>
              <quantity>1</quantity>
              <companyId>DL</companyId>
              <freeText>03FEB15</freeText>
            </ssr>
          </serviceRequest>
          <referenceForDataElement>
            <reference>
              <qualifier>PT</qualifier>
              <number>3</number>
            </reference>
          </referenceForDataElement>
        </dataElementsIndiv>
        <dataElementsIndiv>
          <elementManagementData>
            <reference>
              <qualifier>OT</qualifier>
              <number>5</number>
            </reference>
            <segmentName>RM</segmentName>
            <lineNumber>10</lineNumber>
          </elementManagementData>
          <miscellaneousRemarks>
            <remarks>
              <type>RM</type>
              <freetext>NOTIFY PASSENGER PRIOR TO TICKET PURCHASE &amp; CHECK-IN: FEDERAL LAWS FORBID THE CARRIAGE OF HAZARDOUS MATERIALS - GGAMAUSHAZ</freetext>
            </remarks>
          </miscellaneousRemarks>
          <extendedRemark>
            <structuredRemark>
              <type>RM</type>
              <freetext>NOTIFY PASSENGER PRIOR TO TICKET PURCHASE &amp; CHECK-IN: FEDERAL LAWS FORBID THE CARRIAGE OF HAZARDOUS MATERIALS - GGAMAUSHAZ</freetext>
            </structuredRemark>
          </extendedRemark>
          <referenceForDataElement>
            <reference>
              <qualifier>ST</qualifier>
              <number>1</number>
            </reference>
            <reference>
              <qualifier>ST</qualifier>
              <number>2</number>
            </reference>
            <reference>
              <qualifier>ST</qualifier>
              <number>3</number>
            </reference>
            <reference>
              <qualifier>ST</qualifier>
              <number>4</number>
            </reference>
          </referenceForDataElement>
        </dataElementsIndiv>
      </dataElementsMaster>
    </PNR_Reply>
  </soapenv:Body>
</soapenv:Envelope>
