<?xml version="1.0" encoding="UTF-8"?>
<soapenv:Envelope xmlns:soapenv="http://schemas.xmlsoap.org/soap/envelope/" xmlns:awsse="http://xml.amadeus.com/2010/06/Session_v3" xmlns:wsa="http://www.w3.org/2005/08/addressing">
  <soapenv:Header>
    <wsa:To>http://www.w3.org/2005/08/addressing/anonymous</wsa:To>
    <wsa:From>
      <wsa:Address>https://nodeD1.test.webservices.amadeus.com/1ASIWIBESXI</wsa:Address>
    </wsa:From>
    <wsa:Action>http://webservices.amadeus.com/PNRADD_17_1_1A</wsa:Action>
    <wsa:MessageID>urn:uuid:783587cd-b4e7-beb4-8589-c45c73c0efac</wsa:MessageID>
    <wsa:RelatesTo RelationshipType="http://www.w3.org/2005/08/addressing/reply">911bb850-893b-72bb-76cc-fa9948ab92e4</wsa:RelatesTo>
    <awsse:Session TransactionStatusCode="InSeries">
      <awsse:SessionId>00R6MZBSLZ</awsse:SessionId>
      <awsse:SequenceNumber>2</awsse:SequenceNumber>
      <awsse:SecurityToken>2J7C8BH3R7URK3PSO41EMMSGFZ</awsse:SecurityToken>
    </awsse:Session>
  </soapenv:Header>
  <soapenv:Body>
    <PNR_Reply xmlns="http://xml.amadeus.com/PNRACC_17_1_1A">
      <pnrHeader>
        <reservationInfo>
          <reservation>
            <companyId>1A</companyId>
          </reservation>
        </reservationInfo>
      </pnrHeader>
      <securityInformation>
        <responsibilityInformation>
          <typeOfPnrElement>RP</typeOfPnrElement>
          <officeId>YTOC421I9</officeId>
          <iataCode>00844325</iataCode>
        </responsibilityInformation>
        <queueingInformation>
          <queueingOfficeId>YTOC421I9</queueingOfficeId>
        </queueingInformation>
        <cityCode>YTO</cityCode>
      </securityInformation>
      <freetextData>
        <freetextDetail>
          <subjectQualifier>3</subjectQualifier>
          <type>P12</type>
        </freetextDetail>
        <longFreetext>--- SFP ---</longFreetext>
      </freetextData>
      <pnrHeaderTag>
        <statusInformation>
          <indicator>SFP</indicator>
        </statusInformation>
      </pnrHeaderTag>
      <sbrPOSDetails>
        <sbrUserIdentificationOwn>
          <originIdentification>
            <inHouseIdentification1> </inHouseIdentification1>
          </originIdentification>
        </sbrUserIdentificationOwn>
        <sbrSystemDetails>
          <deliveringSystem>
            <companyId> </companyId>
          </deliveringSystem>
        </sbrSystemDetails>
        <sbrPreferences>
          <userPreferences>
            <codedCountry> </codedCountry>
          </userPreferences>
        </sbrPreferences>
      </sbrPOSDetails>
      <sbrCreationPosDetails>
        <sbrUserIdentificationOwn>
          <originIdentification>
            <inHouseIdentification1> </inHouseIdentification1>
          </originIdentification>
        </sbrUserIdentificationOwn>
        <sbrSystemDetails>
          <deliveringSystem>
            <companyId> </companyId>
          </deliveringSystem>
        </sbrSystemDetails>
        <sbrPreferences>
          <userPreferences>
            <codedCountry> </codedCountry>
          </userPreferences>
        </sbrPreferences>
      </sbrCreationPosDetails>
      <sbrUpdatorPosDetails>
        <sbrUserIdentificationOwn>
          <originIdentification>
            <originatorId>00844325</originatorId>
            <inHouseIdentification1>YTOC421I9</inHouseIdentification1>
          </originIdentification>
          <originatorTypeCode>T</originatorTypeCode>
        </sbrUserIdentificationOwn>
        <sbrSystemDetails>
          <deliveringSystem>
            <companyId>1A</companyId>
            <locationId>YTO</locationId>
          </deliveringSystem>
        </sbrSystemDetails>
        <sbrPreferences>
          <userPreferences>
            <codedCountry>CA</codedCountry>
          </userPreferences>
        </sbrPreferences>
      </sbrUpdatorPosDetails>
      <travellerInfo>
        <elementManagementPassenger>
          <reference>
            <qualifier>PT</qualifier>
            <number>2</number>
          </reference>
          <segmentName>NM</segmentName>
          <lineNumber>1</lineNumber>
        </elementManagementPassenger>
        <passengerData>
          <travellerInformation>
            <traveller>
              <surname>KUNWAR</surname>
              <quantity>1</quantity>
            </traveller>
            <passenger>
              <firstName>SSSSS</firstName>
              <type>ADT</type>
            </passenger>
          </travellerInformation>
        </passengerData>
        <enhancedPassengerData>
          <enhancedTravellerInformation>
            <travellerNameInfo>
              <quantity>1</quantity>
              <type>ADT</type>
            </travellerNameInfo>
            <otherPaxNamesDetails>
              <nameType>UN</nameType>
              <referenceName>Y</referenceName>
              <displayedName>Y</displayedName>
              <surname>KUNWAR</surname>
              <givenName>SSSSS</givenName>
            </otherPaxNamesDetails>
          </enhancedTravellerInformation>
        </enhancedPassengerData>
      </travellerInfo>
      <originDestinationDetails>
        <originDestination/>
        <itineraryInfo>
          <elementManagementItinerary>
            <reference>
              <qualifier>ST</qualifier>
              <number>1</number>
            </reference>
            <segmentName>AIR</segmentName>
            <lineNumber>2</lineNumber>
          </elementManagementItinerary>
          <travelProduct>
            <product>
              <depDate>200520</depDate>
              <depTime>0150</depTime>
              <arrDate>200520</arrDate>
              <arrTime>0645</arrTime>
            </product>
            <boardpointDetail>
              <cityCode>DEL</cityCode>
            </boardpointDetail>
            <offpointDetail>
              <cityCode>LHR</cityCode>
            </offpointDetail>
            <companyDetail>
              <identification>BA</identification>
            </companyDetail>
            <productDetails>
              <identification>142</identification>
              <classOfService>N</classOfService>
            </productDetails>
            <typeDetail>
              <detail>ET</detail>
            </typeDetail>
          </travelProduct>
          <itineraryMessageAction>
            <business>
              <function>1</function>
            </business>
          </itineraryMessageAction>
          <relatedProduct>
            <quantity>1</quantity>
            <status>HK</status>
          </relatedProduct>
          <flightDetail>
            <productDetails>
              <equipment>744</equipment>
              <numOfStops>0</numOfStops>
              <duration>0925</duration>
              <weekDay>3</weekDay>
            </productDetails>
            <departureInformation>
              <departTerminal>3</departTerminal>
            </departureInformation>
            <arrivalStationInfo>
              <terminal>5</terminal>
            </arrivalStationInfo>
            <mileageTimeDetails>
              <flightLegMileage>4191</flightLegMileage>
              <unitQualifier>M</unitQualifier>
            </mileageTimeDetails>
            <facilities>
              <entertainement>M</entertainement>
              <entertainementDescription>M</entertainementDescription>
            </facilities>
          </flightDetail>
          <cabinDetails>
            <cabinDetails>
              <classDesignator>M</classDesignator>
            </cabinDetails>
          </cabinDetails>
          <selectionDetails>
            <selection>
              <option>P2</option>
            </selection>
          </selectionDetails>
          <carbonDioxydeInfo>
            <carbonDioxydeAmount>
              <quantityDetails>
                <qualifier>COE</qualifier>
                <value>283.536460</value>
                <unit>KPP</unit>
              </quantityDetails>
            </carbonDioxydeAmount>
            <carbonDioxydeInfoSource>
              <freeTextDetails>
                <textSubjectQualifier>3</textSubjectQualifier>
                <source>S</source>
                <encoding>7</encoding>
              </freeTextDetails>
              <freeText>SOURCE:ICAO CARBON EMISSIONS CALCULATOR</freeText>
            </carbonDioxydeInfoSource>
          </carbonDioxydeInfo>
          <itineraryfreeFormText>
            <freeTextQualification>
              <textSubjectQualifier>3</textSubjectQualifier>
            </freeTextQualification>
            <freeText>SEE RTSVC</freeText>
          </itineraryfreeFormText>
          <distributionMethod>
            <methodCode>E</methodCode>
          </distributionMethod>
          <legInfo>
            <markerLegInfo/>
            <legTravelProduct>
              <flightDate>
                <departureDate>200520</departureDate>
                <departureTime>0150</departureTime>
                <arrivalDate>200520</arrivalDate>
                <arrivalTime>0645</arrivalTime>
              </flightDate>
              <boardPointDetails>
                <trueLocationId>DEL</trueLocationId>
              </boardPointDetails>
              <offpointDetails>
                <trueLocationId>LHR</trueLocationId>
              </offpointDetails>
            </legTravelProduct>
            <interactiveFreeText>
              <freeTextQualification>
                <textSubjectQualifier>ACO</textSubjectQualifier>
              </freeTextQualification>
              <freeText>AIRCRAFT OWNER BRITISH AIRWAYS</freeText>
            </interactiveFreeText>
          </legInfo>
          <markerRailTour/>
        </itineraryInfo>
        <itineraryInfo>
          <elementManagementItinerary>
            <reference>
              <qualifier>ST</qualifier>
              <number>2</number>
            </reference>
            <segmentName>AIR</segmentName>
            <lineNumber>3</lineNumber>
          </elementManagementItinerary>
          <travelProduct>
            <product>
              <depDate>200520</depDate>
              <depTime>1340</depTime>
              <arrDate>200520</arrDate>
              <arrTime>1805</arrTime>
            </product>
            <boardpointDetail>
              <cityCode>LHR</cityCode>
            </boardpointDetail>
            <offpointDetail>
              <cityCode>MIA</cityCode>
            </offpointDetail>
            <companyDetail>
              <identification>BA</identification>
            </companyDetail>
            <productDetails>
              <identification>209</identification>
              <classOfService>N</classOfService>
            </productDetails>
            <typeDetail>
              <detail>ET</detail>
            </typeDetail>
          </travelProduct>
          <itineraryMessageAction>
            <business>
              <function>1</function>
            </business>
          </itineraryMessageAction>
          <relatedProduct>
            <quantity>1</quantity>
            <status>HK</status>
          </relatedProduct>
          <elementsIndicators>
            <statusInformation>
              <indicator>TSA</indicator>
            </statusInformation>
          </elementsIndicators>
          <flightDetail>
            <productDetails>
              <equipment>744</equipment>
              <numOfStops>0</numOfStops>
              <duration>0925</duration>
              <weekDay>3</weekDay>
            </productDetails>
            <departureInformation>
              <departTerminal>3</departTerminal>
            </departureInformation>
            <mileageTimeDetails>
              <flightLegMileage>4425</flightLegMileage>
              <unitQualifier>M</unitQualifier>
            </mileageTimeDetails>
            <facilities>
              <entertainement>M</entertainement>
              <entertainementDescription>M</entertainementDescription>
            </facilities>
          </flightDetail>
          <cabinDetails>
            <cabinDetails>
              <classDesignator>M</classDesignator>
            </cabinDetails>
          </cabinDetails>
          <selectionDetails>
            <selection>
              <option>P2</option>
            </selection>
          </selectionDetails>
          <carbonDioxydeInfo>
            <carbonDioxydeAmount>
              <quantityDetails>
                <qualifier>COE</qualifier>
                <value>431.502989</value>
                <unit>KPP</unit>
              </quantityDetails>
            </carbonDioxydeAmount>
            <carbonDioxydeInfoSource>
              <freeTextDetails>
                <textSubjectQualifier>3</textSubjectQualifier>
                <source>S</source>
                <encoding>7</encoding>
              </freeTextDetails>
              <freeText>SOURCE:ICAO CARBON EMISSIONS CALCULATOR</freeText>
            </carbonDioxydeInfoSource>
          </carbonDioxydeInfo>
          <itineraryfreeFormText>
            <freeTextQualification>
              <textSubjectQualifier>3</textSubjectQualifier>
            </freeTextQualification>
            <freeText>SEE RTSVC</freeText>
          </itineraryfreeFormText>
          <distributionMethod>
            <methodCode>E</methodCode>
          </distributionMethod>
          <legInfo>
            <markerLegInfo/>
            <legTravelProduct>
              <flightDate>
                <departureDate>200520</departureDate>
                <departureTime>1340</departureTime>
                <arrivalDate>200520</arrivalDate>
                <arrivalTime>1805</arrivalTime>
              </flightDate>
              <boardPointDetails>
                <trueLocationId>LHR</trueLocationId>
              </boardPointDetails>
              <offpointDetails>
                <trueLocationId>MIA</trueLocationId>
              </offpointDetails>
            </legTravelProduct>
            <interactiveFreeText>
              <freeTextQualification>
                <textSubjectQualifier>ACO</textSubjectQualifier>
              </freeTextQualification>
              <freeText>AIRCRAFT OWNER BRITISH AIRWAYS</freeText>
            </interactiveFreeText>
          </legInfo>
          <markerRailTour/>
        </itineraryInfo>
        <itineraryInfo>
          <elementManagementItinerary>
            <reference>
              <qualifier>ST</qualifier>
              <number>3</number>
            </reference>
            <segmentName>AIR</segmentName>
            <lineNumber>4</lineNumber>
          </elementManagementItinerary>
          <travelProduct>
            <product>
              <depDate>300620</depDate>
              <depTime>1835</depTime>
              <arrDate>010720</arrDate>
              <arrTime>0810</arrTime>
              <dayChangeIndicator>1</dayChangeIndicator>
            </product>
            <boardpointDetail>
              <cityCode>MIA</cityCode>
            </boardpointDetail>
            <offpointDetail>
              <cityCode>LHR</cityCode>
            </offpointDetail>
            <companyDetail>
              <identification>BA</identification>
            </companyDetail>
            <productDetails>
              <identification>1529</identification>
              <classOfService>N</classOfService>
            </productDetails>
            <typeDetail>
              <detail>ET</detail>
            </typeDetail>
          </travelProduct>
          <itineraryMessageAction>
            <business>
              <function>1</function>
            </business>
          </itineraryMessageAction>
          <relatedProduct>
            <quantity>1</quantity>
            <status>HK</status>
          </relatedProduct>
          <elementsIndicators>
            <statusInformation>
              <indicator>TSA</indicator>
            </statusInformation>
          </elementsIndicators>
          <flightDetail>
            <productDetails>
              <equipment>77W</equipment>
              <numOfStops>0</numOfStops>
              <duration>0835</duration>
              <weekDay>2</weekDay>
            </productDetails>
            <arrivalStationInfo>
              <terminal>3</terminal>
            </arrivalStationInfo>
            <mileageTimeDetails>
              <flightLegMileage>4425</flightLegMileage>
              <unitQualifier>M</unitQualifier>
            </mileageTimeDetails>
            <facilities>
              <entertainement>M</entertainement>
              <entertainementDescription>M</entertainementDescription>
            </facilities>
          </flightDetail>
          <cabinDetails>
            <cabinDetails>
              <classDesignator>M</classDesignator>
            </cabinDetails>
          </cabinDetails>
          <selectionDetails>
            <selection>
              <option>P2</option>
            </selection>
          </selectionDetails>
          <carbonDioxydeInfo>
            <carbonDioxydeAmount>
              <quantityDetails>
                <qualifier>COE</qualifier>
                <value>431.555952</value>
                <unit>KPP</unit>
              </quantityDetails>
            </carbonDioxydeAmount>
            <carbonDioxydeInfoSource>
              <freeTextDetails>
                <textSubjectQualifier>3</textSubjectQualifier>
                <source>S</source>
                <encoding>7</encoding>
              </freeTextDetails>
              <freeText>SOURCE:ICAO CARBON EMISSIONS CALCULATOR</freeText>
            </carbonDioxydeInfoSource>
          </carbonDioxydeInfo>
          <itineraryfreeFormText>
            <freeTextQualification>
              <textSubjectQualifier>3</textSubjectQualifier>
            </freeTextQualification>
            <freeText>     OPERATED BY AMERICAN AIRLINES</freeText>
            <freeText>SEE RTSVC</freeText>
          </itineraryfreeFormText>
          <distributionMethod>
            <methodCode>E</methodCode>
          </distributionMethod>
          <legInfo>
            <markerLegInfo/>
            <legTravelProduct>
              <flightDate>
                <departureDate>300620</departureDate>
                <departureTime>1835</departureTime>
                <arrivalDate>010720</arrivalDate>
                <arrivalTime>0810</arrivalTime>
              </flightDate>
              <boardPointDetails>
                <trueLocationId>MIA</trueLocationId>
              </boardPointDetails>
              <offpointDetails>
                <trueLocationId>LHR</trueLocationId>
              </offpointDetails>
              <companyDetails>
                <operatingCompany>AA</operatingCompany>
              </companyDetails>
              <flightIdentification>
                <flightNumber>38</flightNumber>
              </flightIdentification>
            </legTravelProduct>
            <interactiveFreeText>
              <freeTextQualification>
                <textSubjectQualifier>ACO</textSubjectQualifier>
              </freeTextQualification>
              <freeText>AIRCRAFT OWNER AMERICAN AIRLINES</freeText>
            </interactiveFreeText>
            <interactiveFreeText>
              <freeTextQualification>
                <textSubjectQualifier>OPC</textSubjectQualifier>
              </freeTextQualification>
              <freeText>COMMERCIAL DUPLICATE - OPERATED BY AA/AMERICAN AIRLINES</freeText>
            </interactiveFreeText>
          </legInfo>
          <markerRailTour/>
        </itineraryInfo>
        <itineraryInfo>
          <elementManagementItinerary>
            <reference>
              <qualifier>ST</qualifier>
              <number>4</number>
            </reference>
            <segmentName>AIR</segmentName>
            <lineNumber>5</lineNumber>
          </elementManagementItinerary>
          <travelProduct>
            <product>
              <depDate>010720</depDate>
              <depTime>1010</depTime>
              <arrDate>010720</arrDate>
              <arrTime>2330</arrTime>
            </product>
            <boardpointDetail>
              <cityCode>LHR</cityCode>
            </boardpointDetail>
            <offpointDetail>
              <cityCode>DEL</cityCode>
            </offpointDetail>
            <companyDetail>
              <identification>BA</identification>
            </companyDetail>
            <productDetails>
              <identification>143</identification>
              <classOfService>N</classOfService>
            </productDetails>
            <typeDetail>
              <detail>ET</detail>
            </typeDetail>
          </travelProduct>
          <itineraryMessageAction>
            <business>
              <function>1</function>
            </business>
          </itineraryMessageAction>
          <relatedProduct>
            <quantity>1</quantity>
            <status>HK</status>
          </relatedProduct>
          <flightDetail>
            <productDetails>
              <equipment>744</equipment>
              <numOfStops>0</numOfStops>
              <duration>0850</duration>
              <weekDay>3</weekDay>
            </productDetails>
            <departureInformation>
              <departTerminal>5</departTerminal>
            </departureInformation>
            <arrivalStationInfo>
              <terminal>3</terminal>
            </arrivalStationInfo>
            <mileageTimeDetails>
              <flightLegMileage>4191</flightLegMileage>
              <unitQualifier>M</unitQualifier>
            </mileageTimeDetails>
            <facilities>
              <entertainement>M</entertainement>
              <entertainementDescription>M</entertainementDescription>
            </facilities>
          </flightDetail>
          <cabinDetails>
            <cabinDetails>
              <classDesignator>M</classDesignator>
            </cabinDetails>
          </cabinDetails>
          <selectionDetails>
            <selection>
              <option>P2</option>
            </selection>
          </selectionDetails>
          <carbonDioxydeInfo>
            <carbonDioxydeAmount>
              <quantityDetails>
                <qualifier>COE</qualifier>
                <value>283.466441</value>
                <unit>KPP</unit>
              </quantityDetails>
            </carbonDioxydeAmount>
            <carbonDioxydeInfoSource>
              <freeTextDetails>
                <textSubjectQualifier>3</textSubjectQualifier>
                <source>S</source>
                <encoding>7</encoding>
              </freeTextDetails>
              <freeText>SOURCE:ICAO CARBON EMISSIONS CALCULATOR</freeText>
            </carbonDioxydeInfoSource>
          </carbonDioxydeInfo>
          <itineraryfreeFormText>
            <freeTextQualification>
              <textSubjectQualifier>3</textSubjectQualifier>
            </freeTextQualification>
            <freeText>SEE RTSVC</freeText>
          </itineraryfreeFormText>
          <distributionMethod>
            <methodCode>E</methodCode>
          </distributionMethod>
          <legInfo>
            <markerLegInfo/>
            <legTravelProduct>
              <flightDate>
                <departureDate>010720</departureDate>
                <departureTime>1010</departureTime>
                <arrivalDate>010720</arrivalDate>
                <arrivalTime>2330</arrivalTime>
              </flightDate>
              <boardPointDetails>
                <trueLocationId>LHR</trueLocationId>
              </boardPointDetails>
              <offpointDetails>
                <trueLocationId>DEL</trueLocationId>
              </offpointDetails>
            </legTravelProduct>
            <interactiveFreeText>
              <freeTextQualification>
                <textSubjectQualifier>ACO</textSubjectQualifier>
              </freeTextQualification>
              <freeText>AIRCRAFT OWNER BRITISH AIRWAYS</freeText>
            </interactiveFreeText>
          </legInfo>
          <markerRailTour/>
        </itineraryInfo>
      </originDestinationDetails>
      <segmentGroupingInfo>
        <groupingCode>CNX</groupingCode>
        <marriageDetail>
          <tatooNum>1</tatooNum>
        </marriageDetail>
        <marriageDetail>
          <tatooNum>2</tatooNum>
        </marriageDetail>
      </segmentGroupingInfo>
      <segmentGroupingInfo>
        <groupingCode>CNX</groupingCode>
        <marriageDetail>
          <tatooNum>3</tatooNum>
        </marriageDetail>
        <marriageDetail>
          <tatooNum>4</tatooNum>
        </marriageDetail>
      </segmentGroupingInfo>
      <dataElementsMaster>
        <marker2/>
        <dataElementsIndiv>
          <elementManagementData>
            <segmentName>RF</segmentName>
          </elementManagementData>
          <otherDataFreetext>
            <freetextDetail>
              <subjectQualifier>3</subjectQualifier>
              <type>P22</type>
            </freetextDetail>
            <longFreetext>AWSUI-NMC-CANADA/WSSXIIBE</longFreetext>
          </otherDataFreetext>
        </dataElementsIndiv>
        <dataElementsIndiv>
          <elementManagementData>
            <reference>
              <qualifier>OT</qualifier>
              <number>8</number>
            </reference>
            <segmentName>AP</segmentName>
            <lineNumber>6</lineNumber>
          </elementManagementData>
          <otherDataFreetext>
            <freetextDetail>
              <subjectQualifier>3</subjectQualifier>
              <type>5</type>
            </freetextDetail>
            <longFreetext>YTO 647 545-0463 - SOFTWARE XPRTS, INC. - A</longFreetext>
          </otherDataFreetext>
        </dataElementsIndiv>
        <dataElementsIndiv>
          <elementManagementData>
            <reference>
              <qualifier>OT</qualifier>
              <number>9</number>
            </reference>
            <segmentName>TK</segmentName>
            <lineNumber>7</lineNumber>
          </elementManagementData>
          <ticketElement>
            <ticket>
              <indicator>OK</indicator>
              <date>180420</date>
              <officeId>YTOC421I9</officeId>
            </ticket>
          </ticketElement>
        </dataElementsIndiv>
        <dataElementsIndiv>
          <elementManagementData>
            <reference>
              <qualifier>OT</qualifier>
              <number>7</number>
            </reference>
            <segmentName>RM</segmentName>
            <lineNumber>8</lineNumber>
          </elementManagementData>
          <miscellaneousRemarks>
            <remarks>
              <type>RM</type>
              <freetext>NOTIFY PASSENGER PRIOR TO TICKET PURCHASE &amp; CHECK-IN: FEDERAL LAWS FORBID THE CARRIAGE OF HAZARDOUS MATERIALS - GGAMAUSHAZ</freetext>
            </remarks>
          </miscellaneousRemarks>
          <extendedRemark>
            <structuredRemark>
              <type>RM</type>
              <freetext>NOTIFY PASSENGER PRIOR TO TICKET PURCHASE &amp; CHECK-IN: FEDERAL LAWS FORBID THE CARRIAGE OF HAZARDOUS MATERIALS - GGAMAUSHAZ</freetext>
            </structuredRemark>
          </extendedRemark>
          <referenceForDataElement>
            <reference>
              <qualifier>ST</qualifier>
              <number>2</number>
            </reference>
            <reference>
              <qualifier>ST</qualifier>
              <number>3</number>
            </reference>
          </referenceForDataElement>
        </dataElementsIndiv>
      </dataElementsMaster>
    </PNR_Reply>
  </soapenv:Body>
</soapenv:Envelope>
