<?xml version="1.0"?>
<soapenv:Envelope xmlns:soapenv="http://schemas.xmlsoap.org/soap/envelope/" xmlns:sec="http://xml.amadeus.com/2010/06/Security_v1" xmlns:typ="http://xml.amadeus.com/2010/06/Types_v1" xmlns:app="http://xml.amadeus.com/2010/06/AppMdw_CommonTypes_v3" xmlns:ses="http://xml.amadeus.com/2010/06/Session_v3">
  <soapenv:Header xmlns:add="http://www.w3.org/2005/08/addressing">
    <add:MessageID>b2c65520-5e16-5ec7-442b-056436086f88</add:MessageID>
    <add:Action>http://webservices.amadeus.com/QUQPCQ_03_1_1A</add:Action>
    <add:To>https://nodeD1.test.webservices.amadeus.com/1ASIWIBESXI</add:To>
    <awsse:Session xmlns:awsse="http://xml.amadeus.com/2010/06/Session_v3" TransactionStatusCode="InSeries">
      <awsse:SessionId>00R6MZBSLZ</awsse:SessionId>
      <awsse:SequenceNumber>7</awsse:SequenceNumber>
      <awsse:SecurityToken>2J7C8BH3R7URK3PSO41EMMSGFZ</awsse:SecurityToken>
    </awsse:Session>
  </soapenv:Header>
  <soapenv:Body>
    <Queue_PlacePNR>
      <placementOption>
        <selectionDetails>
          <option>QEQ</option>
        </selectionDetails>
      </placementOption>
      <targetDetails>
        <targetOffice>
          <sourceType>
            <sourceQualifier1>3</sourceQualifier1>
          </sourceType>
          <originatorDetails>
            <inHouseIdentification1>YTOC421I9</inHouseIdentification1>
          </originatorDetails>
        </targetOffice>
        <queueNumber>
          <queueDetails>
            <number>33</number>
          </queueDetails>
        </queueNumber>
        <categoryDetails>
          <subQueueInfoDetails>
            <identificationType>C</identificationType>
            <itemNumber>0</itemNumber>
          </subQueueInfoDetails>
        </categoryDetails>
      </targetDetails>
      <recordLocator>
        <reservation>
          <controlNumber>PMICD9</controlNumber>
        </reservation>
      </recordLocator>
    </Queue_PlacePNR>
  </soapenv:Body>
</soapenv:Envelope>
