<?xml version="1.0"?>
<soapenv:Envelope xmlns:soapenv="http://schemas.xmlsoap.org/soap/envelope/" xmlns:sec="http://xml.amadeus.com/2010/06/Security_v1" xmlns:typ="http://xml.amadeus.com/2010/06/Types_v1" xmlns:app="http://xml.amadeus.com/2010/06/AppMdw_CommonTypes_v3" xmlns:ses="http://xml.amadeus.com/2010/06/Session_v3">
  <soapenv:Header xmlns:add="http://www.w3.org/2005/08/addressing">
    <add:MessageID>2112a8df-9f7b-f152-18ca-cba579a2f401</add:MessageID>
    <add:Action>http://webservices.amadeus.com/ITAREQ_05_2_IA</add:Action>
    <add:To>https://nodeD1.test.webservices.amadeus.com/1ASIWIBESXI</add:To>
    <oas:Security xmlns:oas="http://docs.oasis-open.org/wss/2004/01/oasis-200401-wss-wssecurity-secext-1.0.xsd" xmlns:oas1="http://docs.oasis-open.org/wss/2004/01/oasis-200401-wss-wssecurity-utility-1.0.xsd">
      <oas:UsernameToken oas1:Id="UsernameToken-1">
        <oas:Username>WSSXIIBE</oas:Username>
        <oas:Nonce EncodingType="http://docs.oasis-open.org/wss/2004/01/oasis-200401-wss-soap-message-security-1.0#Base64Binary">MgDRHzp28d/HuYcy96396A==</oas:Nonce>
        <oas:Password Type="http://docs.oasis-open.org/wss/2004/01/oasis-200401-wss-username-token-profile-1.0#PasswordDigest">X0YAHj/SKsqe9Lowb1Dc45mjTCI=</oas:Password>
        <oas1:Created>2020-04-15T15:13:38:005Z</oas1:Created>
      </oas:UsernameToken>
    </oas:Security>
    <AMA_SecurityHostedUser xmlns="http://xml.amadeus.com/2010/06/Security_v1">
      <UserID AgentDutyCode="SU" RequestorType="U" PseudoCityCode="YTOC421I9" POS_Type="1"/>
    </AMA_SecurityHostedUser>
    <awsse:Session xmlns:awsse="http://xml.amadeus.com/2010/06/Session_v3" TransactionStatusCode="Start"/>
  </soapenv:Header>
  <soapenv:Body>
    <Air_SellFromRecommendation>
      <messageActionDetails>
        <messageFunctionDetails>
          <messageFunction>183</messageFunction>
          <additionalMessageFunction>M1</additionalMessageFunction>
        </messageFunctionDetails>
      </messageActionDetails>
      <itineraryDetails>
        <originDestinationDetails>
          <origin>MIA</origin>
          <destination>JFK</destination>
        </originDestinationDetails>
        <message>
          <messageFunctionDetails>
            <messageFunction>183</messageFunction>
          </messageFunctionDetails>
        </message>
        <segmentInformation>
          <travelProductInformation>
            <flightDate>
              <departureDate>050820</departureDate>
            </flightDate>
            <boardPointDetails>
              <trueLocationId>MIA</trueLocationId>
            </boardPointDetails>
            <offpointDetails>
              <trueLocationId>ATL</trueLocationId>
            </offpointDetails>
            <companyDetails>
              <marketingCompany>DL</marketingCompany>
            </companyDetails>
            <flightIdentification>
              <flightNumber>940</flightNumber>
              <bookingClass>E</bookingClass>
            </flightIdentification>
          </travelProductInformation>
          <relatedproductInformation>
            <quantity>2</quantity>
            <statusCode>NN</statusCode>
          </relatedproductInformation>
        </segmentInformation>
        <segmentInformation>
          <travelProductInformation>
            <flightDate>
              <departureDate>050820</departureDate>
            </flightDate>
            <boardPointDetails>
              <trueLocationId>ATL</trueLocationId>
            </boardPointDetails>
            <offpointDetails>
              <trueLocationId>JFK</trueLocationId>
            </offpointDetails>
            <companyDetails>
              <marketingCompany>DL</marketingCompany>
            </companyDetails>
            <flightIdentification>
              <flightNumber>843</flightNumber>
              <bookingClass>E</bookingClass>
            </flightIdentification>
          </travelProductInformation>
          <relatedproductInformation>
            <quantity>2</quantity>
            <statusCode>NN</statusCode>
          </relatedproductInformation>
        </segmentInformation>
      </itineraryDetails>
      <itineraryDetails>
        <originDestinationDetails>
          <origin>JFK</origin>
          <destination>MIA</destination>
        </originDestinationDetails>
        <message>
          <messageFunctionDetails>
            <messageFunction>183</messageFunction>
          </messageFunctionDetails>
        </message>
        <segmentInformation>
          <travelProductInformation>
            <flightDate>
              <departureDate>210820</departureDate>
            </flightDate>
            <boardPointDetails>
              <trueLocationId>JFK</trueLocationId>
            </boardPointDetails>
            <offpointDetails>
              <trueLocationId>DTW</trueLocationId>
            </offpointDetails>
            <companyDetails>
              <marketingCompany>DL</marketingCompany>
            </companyDetails>
            <flightIdentification>
              <flightNumber>4758</flightNumber>
              <bookingClass>E</bookingClass>
            </flightIdentification>
          </travelProductInformation>
          <relatedproductInformation>
            <quantity>2</quantity>
            <statusCode>NN</statusCode>
          </relatedproductInformation>
        </segmentInformation>
        <segmentInformation>
          <travelProductInformation>
            <flightDate>
              <departureDate>210820</departureDate>
            </flightDate>
            <boardPointDetails>
              <trueLocationId>DTW</trueLocationId>
            </boardPointDetails>
            <offpointDetails>
              <trueLocationId>MIA</trueLocationId>
            </offpointDetails>
            <companyDetails>
              <marketingCompany>DL</marketingCompany>
            </companyDetails>
            <flightIdentification>
              <flightNumber>3025</flightNumber>
              <bookingClass>E</bookingClass>
            </flightIdentification>
          </travelProductInformation>
          <relatedproductInformation>
            <quantity>2</quantity>
            <statusCode>NN</statusCode>
          </relatedproductInformation>
        </segmentInformation>
      </itineraryDetails>
    </Air_SellFromRecommendation>
  </soapenv:Body>
</soapenv:Envelope>
