<?xml version="1.0"?>
<soapenv:Envelope xmlns:soapenv="http://schemas.xmlsoap.org/soap/envelope/" xmlns:sec="http://xml.amadeus.com/2010/06/Security_v1" xmlns:typ="http://xml.amadeus.com/2010/06/Types_v1" xmlns:app="http://xml.amadeus.com/2010/06/AppMdw_CommonTypes_v3" xmlns:ses="http://xml.amadeus.com/2010/06/Session_v3">
  <soapenv:Header xmlns:add="http://www.w3.org/2005/08/addressing">
    <add:MessageID>a4e9bde1-6eb2-8739-d326-084a367bd9b5</add:MessageID>
    <add:Action>http://webservices.amadeus.com/ITAREQ_05_2_IA</add:Action>
    <add:To>https://nodeD1.test.webservices.amadeus.com/1ASIWIBESXI</add:To>
    <oas:Security xmlns:oas="http://docs.oasis-open.org/wss/2004/01/oasis-200401-wss-wssecurity-secext-1.0.xsd" xmlns:oas1="http://docs.oasis-open.org/wss/2004/01/oasis-200401-wss-wssecurity-utility-1.0.xsd">
      <oas:UsernameToken oas1:Id="UsernameToken-1">
        <oas:Username>WSSXIIBE</oas:Username>
        <oas:Nonce EncodingType="http://docs.oasis-open.org/wss/2004/01/oasis-200401-wss-soap-message-security-1.0#Base64Binary">XqAT+l53SYD4FGfVMaQFiQ==</oas:Nonce>
        <oas:Password Type="http://docs.oasis-open.org/wss/2004/01/oasis-200401-wss-username-token-profile-1.0#PasswordDigest">B67Gz8bVeheubXMenN0G6sGND0Y=</oas:Password>
        <oas1:Created>2020-04-18T11:10:54:663Z</oas1:Created>
      </oas:UsernameToken>
    </oas:Security>
    <AMA_SecurityHostedUser xmlns="http://xml.amadeus.com/2010/06/Security_v1">
      <UserID AgentDutyCode="SU" RequestorType="U" PseudoCityCode="YTOC421I9" POS_Type="1"/>
    </AMA_SecurityHostedUser>
    <awsse:Session xmlns:awsse="http://xml.amadeus.com/2010/06/Session_v3" TransactionStatusCode="Start"/>
  </soapenv:Header>
  <soapenv:Body>
    <Air_SellFromRecommendation>
      <messageActionDetails>
        <messageFunctionDetails>
          <messageFunction>183</messageFunction>
          <additionalMessageFunction>M1</additionalMessageFunction>
        </messageFunctionDetails>
      </messageActionDetails>
      <itineraryDetails>
        <originDestinationDetails>
          <origin>DEL</origin>
          <destination>JFK</destination>
        </originDestinationDetails>
        <message>
          <messageFunctionDetails>
            <messageFunction>183</messageFunction>
          </messageFunctionDetails>
        </message>
        <segmentInformation>
          <travelProductInformation>
            <flightDate>
              <departureDate>210520</departureDate>
            </flightDate>
            <boardPointDetails>
              <trueLocationId>DEL</trueLocationId>
            </boardPointDetails>
            <offpointDetails>
              <trueLocationId>KBP</trueLocationId>
            </offpointDetails>
            <companyDetails>
              <marketingCompany>PS</marketingCompany>
            </companyDetails>
            <flightIdentification>
              <flightNumber>392</flightNumber>
              <bookingClass>X</bookingClass>
            </flightIdentification>
          </travelProductInformation>
          <relatedproductInformation>
            <quantity>4</quantity>
            <statusCode>NN</statusCode>
          </relatedproductInformation>
        </segmentInformation>
        <segmentInformation>
          <travelProductInformation>
            <flightDate>
              <departureDate>210520</departureDate>
            </flightDate>
            <boardPointDetails>
              <trueLocationId>KBP</trueLocationId>
            </boardPointDetails>
            <offpointDetails>
              <trueLocationId>JFK</trueLocationId>
            </offpointDetails>
            <companyDetails>
              <marketingCompany>PS</marketingCompany>
            </companyDetails>
            <flightIdentification>
              <flightNumber>231</flightNumber>
              <bookingClass>X</bookingClass>
            </flightIdentification>
          </travelProductInformation>
          <relatedproductInformation>
            <quantity>4</quantity>
            <statusCode>NN</statusCode>
          </relatedproductInformation>
        </segmentInformation>
      </itineraryDetails>
      <itineraryDetails>
        <originDestinationDetails>
          <origin>JFK</origin>
          <destination>DEL</destination>
        </originDestinationDetails>
        <message>
          <messageFunctionDetails>
            <messageFunction>183</messageFunction>
          </messageFunctionDetails>
        </message>
        <segmentInformation>
          <travelProductInformation>
            <flightDate>
              <departureDate>250620</departureDate>
            </flightDate>
            <boardPointDetails>
              <trueLocationId>JFK</trueLocationId>
            </boardPointDetails>
            <offpointDetails>
              <trueLocationId>KBP</trueLocationId>
            </offpointDetails>
            <companyDetails>
              <marketingCompany>PS</marketingCompany>
            </companyDetails>
            <flightIdentification>
              <flightNumber>232</flightNumber>
              <bookingClass>N</bookingClass>
            </flightIdentification>
          </travelProductInformation>
          <relatedproductInformation>
            <quantity>4</quantity>
            <statusCode>NN</statusCode>
          </relatedproductInformation>
        </segmentInformation>
        <segmentInformation>
          <travelProductInformation>
            <flightDate>
              <departureDate>250620</departureDate>
            </flightDate>
            <boardPointDetails>
              <trueLocationId>KBP</trueLocationId>
            </boardPointDetails>
            <offpointDetails>
              <trueLocationId>DEL</trueLocationId>
            </offpointDetails>
            <companyDetails>
              <marketingCompany>PS</marketingCompany>
            </companyDetails>
            <flightIdentification>
              <flightNumber>391</flightNumber>
              <bookingClass>N</bookingClass>
            </flightIdentification>
          </travelProductInformation>
          <relatedproductInformation>
            <quantity>4</quantity>
            <statusCode>NN</statusCode>
          </relatedproductInformation>
        </segmentInformation>
      </itineraryDetails>
    </Air_SellFromRecommendation>
  </soapenv:Body>
</soapenv:Envelope>
