<?xml version="1.0"?>
<soapenv:Envelope xmlns:soapenv="http://schemas.xmlsoap.org/soap/envelope/" xmlns:sec="http://xml.amadeus.com/2010/06/Security_v1" xmlns:typ="http://xml.amadeus.com/2010/06/Types_v1" xmlns:app="http://xml.amadeus.com/2010/06/AppMdw_CommonTypes_v3" xmlns:ses="http://xml.amadeus.com/2010/06/Session_v3">
  <soapenv:Header xmlns:add="http://www.w3.org/2005/08/addressing">
    <add:MessageID>601bb883-19d9-bfc1-5ac2-e602a705a2ad</add:MessageID>
    <add:Action>http://webservices.amadeus.com/TFOPCQ_19_2_1A</add:Action>
    <add:To>https://nodeD1.test.webservices.amadeus.com/1ASIWIBESXI</add:To>
    <awsse:Session xmlns:awsse="http://xml.amadeus.com/2010/06/Session_v3" TransactionStatusCode="InSeries">
      <awsse:SessionId>00QZ8M5XY2</awsse:SessionId>
      <awsse:SequenceNumber>5</awsse:SequenceNumber>
      <awsse:SecurityToken>1XP0T1XMSZHXVLNMYSY3YJGYP</awsse:SecurityToken>
    </awsse:Session>
  </soapenv:Header>
  <soapenv:Body>
    <FOP_CreateFormOfPayment>
      <transactionContext>
        <transactionDetails>
          <code>FP</code>
        </transactionDetails>
      </transactionContext>
      <fopGroup>
        <fopReference/>
        <mopDescription>
          <fopSequenceNumber>
            <sequenceDetails>
              <number>1</number>
            </sequenceDetails>
          </fopSequenceNumber>
          <mopDetails>
            <fopPNRDetails>
              <fopDetails>
                <fopCode>CASH</fopCode>
              </fopDetails>
            </fopPNRDetails>
          </mopDetails>
        </mopDescription>
      </fopGroup>
    </FOP_CreateFormOfPayment>
  </soapenv:Body>
</soapenv:Envelope>
