<?xml version="1.0" encoding="UTF-8"?>
<Envelope xmlns:soapenv="http://schemas.xmlsoap.org/soap/envelope/" xmlns:awsse="http://xml.amadeus.com/2010/06/Session_v3" xmlns:wsa="http://www.w3.org/2005/08/addressing">
  <Header>
    <To>http://www.w3.org/2005/08/addressing/anonymous</To>
    <From>
      <Address>https://nodeD1.test.webservices.amadeus.com/1ASIWIBESXI</Address>
    </From>
    <Action>http://webservices.amadeus.com/TIPNRQ_18_1_1A</Action>
    <MessageID>urn:uuid:cc48c851-c91b-2e54-f5ae-bbf5b657ed07</MessageID>
    <RelatesTo RelationshipType="http://www.w3.org/2005/08/addressing/reply">827f3b08-67e0-09c3-f511-097faecdf13c</RelatesTo>
    <Session TransactionStatusCode="End">
      <SessionId>00QRU8ZLFB</SessionId>
      <SequenceNumber>1</SequenceNumber>
      <SecurityToken>E3O1ZXF9FZO31B34QJBEQYY8H</SecurityToken>
    </Session>
  </Header>
  <Body>
    <Fare_InformativePricingWithoutPNRReply xmlns="http://xml.amadeus.com/TIPNRR_18_1_1A">
      <messageDetails>
        <messageFunctionDetails>
          <businessFunction>1</businessFunction>
          <messageFunction>741</messageFunction>
          <responsibleAgency>1A</responsibleAgency>
        </messageFunctionDetails>
        <responseType>8</responseType>
      </messageDetails>
      <errorGroup>
        <errorOrWarningCodeDetails>
          <errorDetails>
            <errorCode>911</errorCode>
            <errorCategory>EC</errorCategory>
          </errorDetails>
        </errorOrWarningCodeDetails>
        <errorWarningDescription>
          <freeTextDetails>
            <textSubjectQualifier>3</textSubjectQualifier>
            <source>M</source>
            <encoding>1</encoding>
          </freeTextDetails>
          <freeText>NO FARE FOR BOOKING CODE-TRY OTHER PRICING OPTIONS</freeText>
        </errorWarningDescription>
      </errorGroup>
    </Fare_InformativePricingWithoutPNRReply>
  </Body>
</Envelope>
