<?xml version="1.0"?>
<generalErrorInfo>
  <errorOrWarningCodeDetails>
    <errorDetails>
      <errorCode>8111</errorCode>
      <errorCategory>EC</errorCategory>
      <errorCodeOwner>1A</errorCodeOwner>
    </errorDetails>
  </errorOrWarningCodeDetails>
  <errorWarningDescription>
    <freeTextDetails>
      <textSubjectQualifier>3</textSubjectQualifier>
      <source>M</source>
      <encoding>1</encoding>
    </freeTextDetails>
    <freeText>ERROR AT END OF TRANSACTION TIME</freeText>
    <freeText>ERROR AT EOT TIME                                                     </freeText>
    <freeText>WARNING: CHECK ARRIVAL/DEPARTURE - SEGMENT 4/5                        </freeText>
  </errorWarningDescription>
</generalErrorInfo>
