<?xml version="1.0"?>
<soapenv:Envelope xmlns:soapenv="http://schemas.xmlsoap.org/soap/envelope/" xmlns:sec="http://xml.amadeus.com/2010/06/Security_v1" xmlns:typ="http://xml.amadeus.com/2010/06/Types_v1" xmlns:app="http://xml.amadeus.com/2010/06/AppMdw_CommonTypes_v3" xmlns:ses="http://xml.amadeus.com/2010/06/Session_v3">
  <soapenv:Header xmlns:add="http://www.w3.org/2005/08/addressing">
    <add:MessageID>d9100266-85d8-7110-85c1-683ede664c97</add:MessageID>
    <add:Action>http://webservices.amadeus.com/TPCBRQ_18_1_1A</add:Action>
    <add:To>https://nodeD1.test.webservices.amadeus.com/1ASIWIBESXI</add:To>
    <awsse:Session xmlns:awsse="http://xml.amadeus.com/2010/06/Session_v3" TransactionStatusCode="InSeries">
      <awsse:SessionId>00QZQDFYL5</awsse:SessionId>
      <awsse:SequenceNumber>3</awsse:SequenceNumber>
      <awsse:SecurityToken>JH5RJ86NDJDH3UNXXTNIW18KK</awsse:SecurityToken>
    </awsse:Session>
  </soapenv:Header>
  <soapenv:Body>
    <Fare_PricePNRWithBookingClass>
      <pricingOptionGroup>
        <pricingOptionKey>
          <pricingOptionKey>VC</pricingOptionKey>
        </pricingOptionKey>
        <carrierInformation>
          <companyIdentification>
            <otherCompany>VS</otherCompany>
          </companyIdentification>
        </carrierInformation>
      </pricingOptionGroup>
      <pricingOptionGroup>
        <pricingOptionKey>
          <pricingOptionKey>RP</pricingOptionKey>
        </pricingOptionKey>
      </pricingOptionGroup>
      <pricingOptionGroup>
        <pricingOptionKey>
          <pricingOptionKey>RU</pricingOptionKey>
        </pricingOptionKey>
      </pricingOptionGroup>
      <pricingOptionGroup>
        <pricingOptionKey>
          <pricingOptionKey>FCO</pricingOptionKey>
        </pricingOptionKey>
        <currency>
          <firstCurrencyDetails>
            <currencyQualifier>FCO</currencyQualifier>
            <currencyIsoCode>USD</currencyIsoCode>
          </firstCurrencyDetails>
        </currency>
      </pricingOptionGroup>
    </Fare_PricePNRWithBookingClass>
  </soapenv:Body>
</soapenv:Envelope>
