{"organizationId":"1","searchID":"2158e126caed85c89ad200415082433","flightRefNumber":"b5dd9c31e8e847539d723d9e2ef9b00d_1","pax":{"adult":[{"firstName":"Rakesh","surname":"devi","dob":"19-12-1987","gender":"M"}],"child":[{"firstName":"sonal","surname":"devi","dob":"08-05-2003","gender":"F"}],"infant":null},"sessionType":{"sessionId":"01B7QCN0DO","sequenceNumber":"2","securityToken":"1TGPRUNPEMEN92S6YXG1WA2GQT","transactionStatusCode":null},"paymentInfo":{"type":"CC","vendorCode":"VI","cardNumber":null,"securityId":null,"expiryDate":null},"contactInfo":{"email":null,"phone":null}}