{"organizationId":"1","searchID":"2ac7a2c46a5247f663d200415101147","flightRefNumber":"380fa9a25458dd476d76876e682f4692_1","pax":{"adult":[{"firstName":"surya","surname":"dev","dob":"20-10-1990","gender":"M"}],"child":null,"infant":null},"sessionType":{"sessionId":"00QZQDFYL5","sequenceNumber":"2","securityToken":"JH5RJ86NDJDH3UNXXTNIW18KK","transactionStatusCode":null},"paymentInfo":{"type":"CC","vendorCode":"VI","cardNumber":null,"securityId":null,"expiryDate":null},"contactInfo":{"email":null,"phone":null}}