{"organizationId":"1","searchID":"2c2fded807ce1808fcd200418090124","flightRefNumber":"1bbab689bd1835adbdc4551280319bf8_1","pax":{"adult":[{"firstName":"surya","surname":"Kunwar","dob":"17-11-1985","gender":"M"}],"child":null,"infant":null},"sessionType":{"sessionId":"01BMJ2ZDRH","sequenceNumber":"2","securityToken":"3KO6AJ7M09A1U2O7JHDACGYFYP","transactionStatusCode":null},"paymentInfo":{"type":"CC","vendorCode":"VI","cardNumber":null,"securityId":null,"expiryDate":null},"contactInfo":{"email":null,"phone":null}}