{"organizationId":"1","searchID":"5c4aedd0df692508ffd200415092408","flightRefNumber":"cd6b82a1ec4c59c8cd78df3842120cdf_2","pax":{"adult":[{"firstName":"shuyam","surname":"data","dob":"17-10-1986","gender":"M"}],"child":[{"firstName":"sonal","surname":"kumar","dob":"03-02-2015","gender":"F"}],"infant":null},"sessionType":{"sessionId":"01BAOWB5DP","sequenceNumber":"2","securityToken":"3MGZDF5BA1A0Z25XZB05JYYYQ5","transactionStatusCode":null},"paymentInfo":{"type":"CC","vendorCode":"VI","cardNumber":null,"securityId":null,"expiryDate":null},"contactInfo":{"email":null,"phone":null}}