{"organizationId":"1","searchID":"60eb349df6f15d4176d200418061628","flightRefNumber":"37fd924a556c0eb8f94ca311c725075e_1","pax":{"adult":[{"firstName":"Rakesh","surname":"devi","dob":"03-04-1999","gender":"M"}],"child":null,"infant":null},"sessionType":{"sessionId":"00R466XPVA","sequenceNumber":"2","securityToken":"ILFPKS0R13K9LPNV57VD409K","transactionStatusCode":null},"paymentInfo":{"type":"CC","vendorCode":"VI","cardNumber":null,"securityId":null,"expiryDate":null},"contactInfo":{"email":null,"phone":null}}