{"organizationId":"1","searchID":"7e6dd920d0dce8e7a0d200415094245","flightRefNumber":"d0406ab79da19dbd0b4051e81e739837_2","pax":{"adult":[{"firstName":"surya","surname":"dev","dob":"16-09-1985","gender":"M"}],"child":null,"infant":null},"sessionType":{"sessionId":"00QZ8M5XY2","sequenceNumber":"2","securityToken":"1XP0T1XMSZHXVLNMYSY3YJGYP","transactionStatusCode":null},"paymentInfo":{"type":"CC","vendorCode":"VI","cardNumber":null,"securityId":null,"expiryDate":null},"contactInfo":{"email":null,"phone":null}}