{"organizationId":"1","searchID":"aa475fe11b92bfc841d200418075925","flightRefNumber":"59aea15ae7c7edf261c9fea1dbbf50d6_1","pax":{"adult":[{"firstName":"sssss","surname":"Kunwar","dob":"19-11-1986","gender":"M"}],"child":null,"infant":null},"sessionType":{"sessionId":"00R8495YKX","sequenceNumber":"2","securityToken":"1J06AGCGBIUN9TV68SP42CUG2","transactionStatusCode":null},"paymentInfo":{"type":"CC","vendorCode":"VI","cardNumber":null,"securityId":null,"expiryDate":null},"contactInfo":{"email":null,"phone":null}}