{"organizationId":"1","searchID":"c8fcc19de09748572dd200418044001","flightRefNumber":"741e33746d81ba2cf352ebbe09274c34_4","pax":{"adult":[{"firstName":"Raushan","surname":"kunwar","dob":"18-02-1987","gender":"M"},{"firstName":"Sonal","surname":"kumari","dob":"02-02-1985","gender":"F"}],"child":[{"firstName":"srya","surname":"devi","dob":"18-06-2012","gender":"M"},{"firstName":"sanjana","surname":"sre","dob":"16-10-2013","gender":"F"}],"infant":null},"sessionType":{"sessionId":"01BH3QWW9A","sequenceNumber":"2","securityToken":"84E1YGEC271YY9ORM01D96PR","transactionStatusCode":null},"paymentInfo":{"type":"CC","vendorCode":"CA","cardNumber":"444444444444","securityId":"931","expiryDate":"0522"},"contactInfo":{"email":"raushansoft2008@gmail.com","phone":"8130473760"}}