{"organizationId":"1","searchID":"d049ebc3c009105dfad200418074617","flightRefNumber":"2b7c3e1d4f0ca3dbdd9dd8752007135b_2","pax":{"adult":[{"firstName":"sssss","surname":"Kunwar","dob":"18-11-1988","gender":"M"}],"child":null,"infant":null},"sessionType":{"sessionId":"00R7MHVXHC","sequenceNumber":"2","securityToken":"1J44LNIF3WMGU387FQDOB7C5UZ","transactionStatusCode":null},"paymentInfo":{"type":"CC","vendorCode":"VI","cardNumber":null,"securityId":null,"expiryDate":null},"contactInfo":{"email":null,"phone":null}}