{"organizationId":"1","searchID":"fcfbbe1fde6a617f85d200418062124","flightRefNumber":"e72dc2ead57ba1b09e1fa399dc16fe3a_12","pax":{"adult":[{"firstName":"sssss","surname":"Kunwar","dob":"18-11-1985","gender":"M"}],"child":null,"infant":null},"sessionType":{"sessionId":"00R6MZBSLZ","sequenceNumber":"2","securityToken":"2J7C8BH3R7URK3PSO41EMMSGFZ","transactionStatusCode":null},"paymentInfo":{"type":"CC","vendorCode":"VI","cardNumber":null,"securityId":null,"expiryDate":null},"contactInfo":{"email":null,"phone":null}}