<?xml version="1.0"?>
<soapenv:Envelope xmlns:soapenv="http://schemas.xmlsoap.org/soap/envelope/" xmlns:sec="http://xml.amadeus.com/2010/06/Security_v1" xmlns:typ="http://xml.amadeus.com/2010/06/Types_v1" xmlns:app="http://xml.amadeus.com/2010/06/AppMdw_CommonTypes_v3" xmlns:ses="http://xml.amadeus.com/2010/06/Session_v3">
  <soapenv:Header xmlns:add="http://www.w3.org/2005/08/addressing">
    <add:MessageID>0c345f03-0fe7-fb33-080c-32345212c367</add:MessageID>
    <add:Action>http://webservices.amadeus.com/PNRADD_17_1_1A</add:Action>
    <add:To>https://nodeD1.test.webservices.amadeus.com/1ASIWIBESXI</add:To>
    <awsse:Session xmlns:awsse="http://xml.amadeus.com/2010/06/Session_v3" TransactionStatusCode="InSeries">
      <awsse:SessionId>00R466XPVA</awsse:SessionId>
      <awsse:SequenceNumber>2</awsse:SequenceNumber>
      <awsse:SecurityToken>ILFPKS0R13K9LPNV57VD409K</awsse:SecurityToken>
    </awsse:Session>
  </soapenv:Header>
  <soapenv:Body>
    <PNR_AddMultiElements>
      <pnrActions>
        <optionCode>0</optionCode>
      </pnrActions>
      <travellerInfo>
        <elementManagementPassenger>
          <reference>
            <qualifier>PR</qualifier>
            <number>1</number>
          </reference>
          <segmentName>NM</segmentName>
        </elementManagementPassenger>
        <passengerData>
          <travellerInformation>
            <traveller>
              <surname>devi</surname>
              <quantity>1</quantity>
            </traveller>
            <passenger>
              <firstName>Rakesh</firstName>
              <type>ADT</type>
            </passenger>
          </travellerInformation>
        </passengerData>
      </travellerInfo>
      <dataElementsMaster>
        <marker1/>
        <dataElementsIndiv>
          <elementManagementData>
            <segmentName>AP</segmentName>
          </elementManagementData>
          <freetextData>
            <freetextDetail>
              <subjectQualifier>3</subjectQualifier>
              <type>P21</type>
            </freetextDetail>
            <longFreetext/>
          </freetextData>
        </dataElementsIndiv>
        <dataElementsIndiv>
          <elementManagementData>
            <segmentName>TK</segmentName>
          </elementManagementData>
          <ticketElement>
            <ticket>
              <indicator>OK</indicator>
            </ticket>
          </ticketElement>
        </dataElementsIndiv>
        <dataElementsIndiv>
          <elementManagementData>
            <segmentName>RF</segmentName>
          </elementManagementData>
          <freetextData>
            <freetextDetail>
              <subjectQualifier>3</subjectQualifier>
              <type>P22</type>
            </freetextDetail>
            <longFreetext>AWSUI</longFreetext>
          </freetextData>
        </dataElementsIndiv>
      </dataElementsMaster>
    </PNR_AddMultiElements>
  </soapenv:Body>
</soapenv:Envelope>
