<?xml version="1.0"?>
<soapenv:Envelope xmlns:soapenv="http://schemas.xmlsoap.org/soap/envelope/" xmlns:sec="http://xml.amadeus.com/2010/06/Security_v1" xmlns:typ="http://xml.amadeus.com/2010/06/Types_v1" xmlns:app="http://xml.amadeus.com/2010/06/AppMdw_CommonTypes_v3" xmlns:ses="http://xml.amadeus.com/2010/06/Session_v3">
  <soapenv:Header xmlns:add="http://www.w3.org/2005/08/addressing">
    <add:MessageID>ca8c2ecc-5350-8ebb-1666-630892480c77</add:MessageID>
    <add:Action>http://webservices.amadeus.com/PNRADD_17_1_1A</add:Action>
    <add:To>https://nodeD1.test.webservices.amadeus.com/1ASIWIBESXI</add:To>
    <awsse:Session xmlns:awsse="http://xml.amadeus.com/2010/06/Session_v3" TransactionStatusCode="InSeries">
      <awsse:SessionId>01BH3QWW9A</awsse:SessionId>
      <awsse:SequenceNumber>2</awsse:SequenceNumber>
      <awsse:SecurityToken>84E1YGEC271YY9ORM01D96PR</awsse:SecurityToken>
    </awsse:Session>
  </soapenv:Header>
  <soapenv:Body>
    <PNR_AddMultiElements>
      <pnrActions>
        <optionCode>0</optionCode>
      </pnrActions>
      <travellerInfo>
        <elementManagementPassenger>
          <reference>
            <qualifier>PR</qualifier>
            <number>1</number>
          </reference>
          <segmentName>NM</segmentName>
        </elementManagementPassenger>
        <passengerData>
          <travellerInformation>
            <traveller>
              <surname>kunwar</surname>
              <quantity>1</quantity>
            </traveller>
            <passenger>
              <firstName>Raushan</firstName>
              <type>ADT</type>
            </passenger>
          </travellerInformation>
        </passengerData>
      </travellerInfo>
      <travellerInfo>
        <elementManagementPassenger>
          <reference>
            <qualifier>PR</qualifier>
            <number>2</number>
          </reference>
          <segmentName>NM</segmentName>
        </elementManagementPassenger>
        <passengerData>
          <travellerInformation>
            <traveller>
              <surname>kumari</surname>
              <quantity>1</quantity>
            </traveller>
            <passenger>
              <firstName>Sonal</firstName>
              <type>ADT</type>
            </passenger>
          </travellerInformation>
        </passengerData>
      </travellerInfo>
      <travellerInfo>
        <elementManagementPassenger>
          <reference>
            <qualifier>PR</qualifier>
            <number>3</number>
          </reference>
          <segmentName>NM</segmentName>
        </elementManagementPassenger>
        <passengerData>
          <travellerInformation>
            <traveller>
              <surname>devi</surname>
              <quantity>1</quantity>
            </traveller>
            <passenger>
              <firstName>srya</firstName>
              <type>CHD</type>
            </passenger>
          </travellerInformation>
          <dateOfBirth>
            <dateAndTimeDetails>
              <qualifier>706</qualifier>
              <date>18JUN12</date>
            </dateAndTimeDetails>
          </dateOfBirth>
        </passengerData>
      </travellerInfo>
      <travellerInfo>
        <elementManagementPassenger>
          <reference>
            <qualifier>PR</qualifier>
            <number>4</number>
          </reference>
          <segmentName>NM</segmentName>
        </elementManagementPassenger>
        <passengerData>
          <travellerInformation>
            <traveller>
              <surname>sre</surname>
              <quantity>1</quantity>
            </traveller>
            <passenger>
              <firstName>sanjana</firstName>
              <type>CHD</type>
            </passenger>
          </travellerInformation>
          <dateOfBirth>
            <dateAndTimeDetails>
              <qualifier>706</qualifier>
              <date>16OCT13</date>
            </dateAndTimeDetails>
          </dateOfBirth>
        </passengerData>
      </travellerInfo>
      <dataElementsMaster>
        <marker1/>
        <dataElementsIndiv>
          <elementManagementData>
            <segmentName>AP</segmentName>
          </elementManagementData>
          <freetextData>
            <freetextDetail>
              <subjectQualifier>3</subjectQualifier>
              <type>P21</type>
            </freetextDetail>
            <longFreetext/>
          </freetextData>
        </dataElementsIndiv>
        <dataElementsIndiv>
          <elementManagementData>
            <segmentName>TK</segmentName>
          </elementManagementData>
          <ticketElement>
            <ticket>
              <indicator>OK</indicator>
            </ticket>
          </ticketElement>
        </dataElementsIndiv>
        <dataElementsIndiv>
          <elementManagementData>
            <segmentName>RF</segmentName>
          </elementManagementData>
          <freetextData>
            <freetextDetail>
              <subjectQualifier>3</subjectQualifier>
              <type>P22</type>
            </freetextDetail>
            <longFreetext>AWSUI</longFreetext>
          </freetextData>
        </dataElementsIndiv>
      </dataElementsMaster>
    </PNR_AddMultiElements>
  </soapenv:Body>
</soapenv:Envelope>
