<?xml version="1.0" encoding="UTF-8"?>
<soapenv:Envelope xmlns:soapenv="http://schemas.xmlsoap.org/soap/envelope/" xmlns:awsse="http://xml.amadeus.com/2010/06/Session_v3" xmlns:wsa="http://www.w3.org/2005/08/addressing">
  <soapenv:Header>
    <wsa:To>http://www.w3.org/2005/08/addressing/anonymous</wsa:To>
    <wsa:From>
      <wsa:Address>https://nodeD1.test.webservices.amadeus.com/1ASIWIBESXI</wsa:Address>
    </wsa:From>
    <wsa:Action>http://webservices.amadeus.com/TPCBRQ_18_1_1A</wsa:Action>
    <wsa:MessageID>urn:uuid:2cdda961-d044-fc14-3141-9a638369e247</wsa:MessageID>
    <wsa:RelatesTo RelationshipType="http://www.w3.org/2005/08/addressing/reply">739e2bea-6047-97db-47b9-c39d99e4f89a</wsa:RelatesTo>
    <awsse:Session TransactionStatusCode="InSeries">
      <awsse:SessionId>00QZ8M5XY2</awsse:SessionId>
      <awsse:SequenceNumber>3</awsse:SequenceNumber>
      <awsse:SecurityToken>1XP0T1XMSZHXVLNMYSY3YJGYP</awsse:SecurityToken>
    </awsse:Session>
  </soapenv:Header>
  <soapenv:Body>
    <Fare_PricePNRWithBookingClassReply xmlns="http://xml.amadeus.com/TPCBRR_18_1_1A">
      <fareList>
        <pricingInformation>
          <tstInformation>
            <tstIndicator>I</tstIndicator>
          </tstInformation>
          <fcmi>0</fcmi>
        </pricingInformation>
        <fareReference>
          <referenceType>TST</referenceType>
          <uniqueReference>1</uniqueReference>
        </fareReference>
        <lastTktDate>
          <businessSemantic>LT</businessSemantic>
          <dateTime>
            <year>2020</year>
            <month>4</month>
            <day>17</day>
            <hour>3</hour>
            <minutes>59</minutes>
          </dateTime>
        </lastTktDate>
        <validatingCarrier>
          <carrierInformation>
            <carrierCode>DL</carrierCode>
          </carrierInformation>
        </validatingCarrier>
        <paxSegReference>
          <refDetails>
            <refQualifier>PA</refQualifier>
            <refNumber>2</refNumber>
          </refDetails>
        </paxSegReference>
        <fareDataInformation>
          <fareDataMainInformation>
            <fareDataQualifier>F</fareDataQualifier>
          </fareDataMainInformation>
          <fareDataSupInformation>
            <fareDataQualifier>B</fareDataQualifier>
            <fareAmount>483.00</fareAmount>
            <fareCurrency>USD</fareCurrency>
          </fareDataSupInformation>
          <fareDataSupInformation>
            <fareDataQualifier>712</fareDataQualifier>
            <fareAmount>512.20</fareAmount>
            <fareCurrency>USD</fareCurrency>
          </fareDataSupInformation>
        </fareDataInformation>
        <offerReferences>
          <offerIdentifier>
            <uniqueOfferReference>SP1P-9628083450305267529-1-OI1-AI1</uniqueOfferReference>
          </offerIdentifier>
        </offerReferences>
        <taxInformation>
          <taxDetails>
            <taxQualifier>7</taxQualifier>
            <taxIdentification>
              <taxIdentifier>X</taxIdentifier>
            </taxIdentification>
            <taxType>
              <isoCountry>AY</isoCountry>
            </taxType>
            <taxNature>SE</taxNature>
          </taxDetails>
          <amountDetails>
            <fareDataMainInformation>
              <fareDataQualifier>TAX</fareDataQualifier>
              <fareAmount>11.20</fareAmount>
              <fareCurrency>USD</fareCurrency>
            </fareDataMainInformation>
          </amountDetails>
        </taxInformation>
        <taxInformation>
          <taxDetails>
            <taxQualifier>7</taxQualifier>
            <taxIdentification>
              <taxIdentifier>X</taxIdentifier>
            </taxIdentification>
            <taxType>
              <isoCountry>XF</isoCountry>
            </taxType>
          </taxDetails>
          <amountDetails>
            <fareDataMainInformation>
              <fareDataQualifier>TAX</fareDataQualifier>
              <fareAmount>18.00</fareAmount>
              <fareCurrency>USD</fareCurrency>
            </fareDataMainInformation>
          </amountDetails>
        </taxInformation>
        <originDestination>
          <cityCode>SEA</cityCode>
          <cityCode>SEA</cityCode>
        </originDestination>
        <segmentInformation>
          <connexInformation>
            <connecDetails>
              <connexType>O</connexType>
            </connecDetails>
          </connexInformation>
          <segDetails>
            <segmentDetail>
              <identification>AIR</identification>
              <classOfService>E</classOfService>
            </segmentDetail>
          </segDetails>
          <fareQualifier>
            <fareBasisDetails>
              <primaryCode>TAV</primaryCode>
              <fareBasisCode>UA0BC</fareBasisCode>
              <discTktDesignator>ADT</discTktDesignator>
            </fareBasisDetails>
          </fareQualifier>
          <bagAllowanceInformation>
            <bagAllowanceDetails>
              <baggageQuantity>0</baggageQuantity>
              <baggageType>N</baggageType>
            </bagAllowanceDetails>
          </bagAllowanceInformation>
          <segmentReference>
            <refDetails>
              <refQualifier>S</refQualifier>
              <refNumber>1</refNumber>
            </refDetails>
          </segmentReference>
          <sequenceInformation>
            <sequenceSection>
              <sequenceNumber>1</sequenceNumber>
            </sequenceSection>
          </sequenceInformation>
        </segmentInformation>
        <segmentInformation>
          <connexInformation>
            <connecDetails>
              <connexType>O</connexType>
            </connecDetails>
          </connexInformation>
          <segDetails>
            <segmentDetail>
              <identification>AIR</identification>
              <classOfService>E</classOfService>
            </segmentDetail>
          </segDetails>
          <fareQualifier>
            <fareBasisDetails>
              <primaryCode>XAV</primaryCode>
              <fareBasisCode>OA0BQ</fareBasisCode>
              <discTktDesignator>ADT</discTktDesignator>
            </fareBasisDetails>
          </fareQualifier>
          <bagAllowanceInformation>
            <bagAllowanceDetails>
              <baggageQuantity>0</baggageQuantity>
              <baggageType>N</baggageType>
            </bagAllowanceDetails>
          </bagAllowanceInformation>
          <segmentReference>
            <refDetails>
              <refQualifier>S</refQualifier>
              <refNumber>2</refNumber>
            </refDetails>
          </segmentReference>
          <sequenceInformation>
            <sequenceSection>
              <sequenceNumber>2</sequenceNumber>
            </sequenceSection>
          </sequenceInformation>
        </segmentInformation>
        <segmentInformation>
          <connexInformation>
            <connecDetails>
              <connexType>O</connexType>
            </connecDetails>
          </connexInformation>
          <segDetails>
            <segmentDetail>
              <identification>AIR</identification>
              <classOfService>E</classOfService>
            </segmentDetail>
          </segDetails>
          <fareQualifier>
            <fareBasisDetails>
              <primaryCode>XAV</primaryCode>
              <fareBasisCode>UA0BQ</fareBasisCode>
              <discTktDesignator>ADT</discTktDesignator>
            </fareBasisDetails>
          </fareQualifier>
          <bagAllowanceInformation>
            <bagAllowanceDetails>
              <baggageQuantity>0</baggageQuantity>
              <baggageType>N</baggageType>
            </bagAllowanceDetails>
          </bagAllowanceInformation>
          <segmentReference>
            <refDetails>
              <refQualifier>S</refQualifier>
              <refNumber>3</refNumber>
            </refDetails>
          </segmentReference>
          <sequenceInformation>
            <sequenceSection>
              <sequenceNumber>3</sequenceNumber>
            </sequenceSection>
          </sequenceInformation>
        </segmentInformation>
        <segmentInformation>
          <connexInformation>
            <connecDetails>
              <connexType>O</connexType>
            </connecDetails>
          </connexInformation>
          <segDetails>
            <segmentDetail>
              <identification>AIR</identification>
              <classOfService>E</classOfService>
            </segmentDetail>
          </segDetails>
          <fareQualifier>
            <fareBasisDetails>
              <primaryCode>XAV</primaryCode>
              <fareBasisCode>NA0BC</fareBasisCode>
              <discTktDesignator>ADT</discTktDesignator>
            </fareBasisDetails>
          </fareQualifier>
          <bagAllowanceInformation>
            <bagAllowanceDetails>
              <baggageQuantity>0</baggageQuantity>
              <baggageType>N</baggageType>
            </bagAllowanceDetails>
          </bagAllowanceInformation>
          <segmentReference>
            <refDetails>
              <refQualifier>S</refQualifier>
              <refNumber>4</refNumber>
            </refDetails>
          </segmentReference>
          <sequenceInformation>
            <sequenceSection>
              <sequenceNumber>4</sequenceNumber>
            </sequenceSection>
          </sequenceInformation>
        </segmentInformation>
        <otherPricingInfo>
          <attributeDetails>
            <attributeType>END</attributeType>
            <attributeDescription>FARE RULES APPLY NONREF NOPRE RSVDSEAT -BG:DL</attributeDescription>
          </attributeDetails>
          <attributeDetails>
            <attributeType>FCA</attributeType>
            <attributeDescription>SEA DL SLC108.00DL MIA114.00DL ATL53.00DL SEA208.00USD483.00END XF SEA4.50SLC4.50MIA4.50ATL4.50</attributeDescription>
          </attributeDetails>
        </otherPricingInfo>
        <warningInformation>
          <warningCode>
            <applicationErrorDetail>
              <applicationErrorCode>PEN</applicationErrorCode>
              <codeListQualifier>WEC</codeListQualifier>
              <codeListResponsibleAgency>1A</codeListResponsibleAgency>
            </applicationErrorDetail>
          </warningCode>
          <warningText>
            <errorFreeText>NON-REFUNDABLE</errorFreeText>
          </warningText>
        </warningInformation>
        <warningInformation>
          <warningCode>
            <applicationErrorDetail>
              <applicationErrorCode>LTD</applicationErrorCode>
              <codeListQualifier>WEC</codeListQualifier>
              <codeListResponsibleAgency>1A</codeListResponsibleAgency>
            </applicationErrorDetail>
          </warningCode>
          <warningText>
            <errorFreeText> - SEE ADV PURCHASE</errorFreeText>
          </warningText>
        </warningInformation>
        <warningInformation>
          <warningCode>
            <applicationErrorDetail>
              <applicationErrorCode>0</applicationErrorCode>
              <codeListQualifier>WEC</codeListQualifier>
              <codeListResponsibleAgency>1A</codeListResponsibleAgency>
            </applicationErrorDetail>
          </warningCode>
          <warningText>
            <errorFreeText>FARE FAMILIES:    (ENTER FQFn FOR DETAILS, FXY FOR UPSELL)</errorFreeText>
          </warningText>
        </warningInformation>
        <warningInformation>
          <warningCode>
            <applicationErrorDetail>
              <applicationErrorCode>0</applicationErrorCode>
              <codeListQualifier>WEC</codeListQualifier>
              <codeListResponsibleAgency>1A</codeListResponsibleAgency>
            </applicationErrorDetail>
          </warningCode>
          <warningText>
            <errorFreeText>FARE FAMILY:FC1:1:BASICECON</errorFreeText>
          </warningText>
        </warningInformation>
        <warningInformation>
          <warningCode>
            <applicationErrorDetail>
              <applicationErrorCode>0</applicationErrorCode>
              <codeListQualifier>WEC</codeListQualifier>
              <codeListResponsibleAgency>1A</codeListResponsibleAgency>
            </applicationErrorDetail>
          </warningCode>
          <warningText>
            <errorFreeText>FARE FAMILY:FC2:2:BASICECON</errorFreeText>
          </warningText>
        </warningInformation>
        <warningInformation>
          <warningCode>
            <applicationErrorDetail>
              <applicationErrorCode>0</applicationErrorCode>
              <codeListQualifier>WEC</codeListQualifier>
              <codeListResponsibleAgency>1A</codeListResponsibleAgency>
            </applicationErrorDetail>
          </warningCode>
          <warningText>
            <errorFreeText>FARE FAMILY:FC3:3:BASICECON</errorFreeText>
          </warningText>
        </warningInformation>
        <warningInformation>
          <warningCode>
            <applicationErrorDetail>
              <applicationErrorCode>0</applicationErrorCode>
              <codeListQualifier>WEC</codeListQualifier>
              <codeListResponsibleAgency>1A</codeListResponsibleAgency>
            </applicationErrorDetail>
          </warningCode>
          <warningText>
            <errorFreeText>FARE FAMILY:FC4:4:BASICECON</errorFreeText>
          </warningText>
        </warningInformation>
        <warningInformation>
          <warningCode>
            <applicationErrorDetail>
              <applicationErrorCode>0</applicationErrorCode>
              <codeListQualifier>WEC</codeListQualifier>
              <codeListResponsibleAgency>1A</codeListResponsibleAgency>
            </applicationErrorDetail>
          </warningCode>
          <warningText>
            <errorFreeText>NO BAG INCLUDED FOR AT LEAST ONE FLIGHT</errorFreeText>
          </warningText>
        </warningInformation>
        <warningInformation>
          <warningCode>
            <applicationErrorDetail>
              <applicationErrorCode>0</applicationErrorCode>
              <codeListQualifier>WEC</codeListQualifier>
              <codeListResponsibleAgency>1A</codeListResponsibleAgency>
            </applicationErrorDetail>
          </warningCode>
          <warningText>
            <errorFreeText>** CROSS REF INTL TICKETS OR COLLECT TAXES **</errorFreeText>
          </warningText>
        </warningInformation>
        <warningInformation>
          <warningCode>
            <applicationErrorDetail>
              <applicationErrorCode>0</applicationErrorCode>
              <codeListQualifier>WEC</codeListQualifier>
              <codeListResponsibleAgency>1A</codeListResponsibleAgency>
            </applicationErrorDetail>
          </warningCode>
          <warningText>
            <errorFreeText>BG CXR: DL</errorFreeText>
          </warningText>
        </warningInformation>
        <warningInformation>
          <warningCode>
            <applicationErrorDetail>
              <applicationErrorCode>0</applicationErrorCode>
              <codeListQualifier>WEC</codeListQualifier>
              <codeListResponsibleAgency>1A</codeListResponsibleAgency>
            </applicationErrorDetail>
          </warningCode>
          <warningText>
            <errorFreeText>PRICED WITH VALIDATING CARRIER DL - REPRICE IF DIFFERENT VC</errorFreeText>
          </warningText>
        </warningInformation>
        <warningInformation>
          <warningCode>
            <applicationErrorDetail>
              <applicationErrorCode>0</applicationErrorCode>
              <codeListQualifier>WEC</codeListQualifier>
              <codeListResponsibleAgency>1A</codeListResponsibleAgency>
            </applicationErrorDetail>
          </warningCode>
          <warningText>
            <errorFreeText>15APR20 PER GAF REQUIREMENTS FARE NOT VALID UNTIL TICKETED</errorFreeText>
          </warningText>
        </warningInformation>
        <fareComponentDetailsGroup>
          <fareComponentID>
            <itemNumberDetails>
              <number>1</number>
              <type>FC</type>
            </itemNumberDetails>
          </fareComponentID>
          <marketFareComponent>
            <boardPointDetails>
              <trueLocationId>SEA</trueLocationId>
            </boardPointDetails>
            <offpointDetails>
              <trueLocationId>SLC</trueLocationId>
            </offpointDetails>
          </marketFareComponent>
          <monetaryInformation>
            <monetaryDetails>
              <typeQualifier>TFC</typeQualifier>
              <amount>108.00</amount>
              <currency>USD</currency>
            </monetaryDetails>
          </monetaryInformation>
          <componentClassInfo>
            <fareBasisDetails>
              <rateTariffClass>TAVUA0BC</rateTariffClass>
            </fareBasisDetails>
          </componentClassInfo>
          <fareQualifiersDetail>
            <discountDetails>
              <fareQualifier>BOR</fareQualifier>
            </discountDetails>
          </fareQualifiersDetail>
          <fareFamilyDetails>
            <fareFamilyname>BASICECON</fareFamilyname>
            <hierarchy>9999</hierarchy>
          </fareFamilyDetails>
          <fareFamilyOwner>
            <companyIdentification>
              <otherCompany>DL</otherCompany>
            </companyIdentification>
          </fareFamilyOwner>
          <couponDetailsGroup>
            <productId>
              <referenceDetails>
                <type>ST</type>
                <value>1</value>
              </referenceDetails>
            </productId>
          </couponDetailsGroup>
        </fareComponentDetailsGroup>
        <fareComponentDetailsGroup>
          <fareComponentID>
            <itemNumberDetails>
              <number>2</number>
              <type>FC</type>
            </itemNumberDetails>
          </fareComponentID>
          <marketFareComponent>
            <boardPointDetails>
              <trueLocationId>SLC</trueLocationId>
            </boardPointDetails>
            <offpointDetails>
              <trueLocationId>MIA</trueLocationId>
            </offpointDetails>
          </marketFareComponent>
          <monetaryInformation>
            <monetaryDetails>
              <typeQualifier>TFC</typeQualifier>
              <amount>114.00</amount>
              <currency>USD</currency>
            </monetaryDetails>
          </monetaryInformation>
          <componentClassInfo>
            <fareBasisDetails>
              <rateTariffClass>XAVOA0BQ</rateTariffClass>
            </fareBasisDetails>
          </componentClassInfo>
          <fareQualifiersDetail>
            <discountDetails>
              <fareQualifier>BOR</fareQualifier>
            </discountDetails>
          </fareQualifiersDetail>
          <fareFamilyDetails>
            <fareFamilyname>BASICECON</fareFamilyname>
            <hierarchy>9999</hierarchy>
          </fareFamilyDetails>
          <fareFamilyOwner>
            <companyIdentification>
              <otherCompany>DL</otherCompany>
            </companyIdentification>
          </fareFamilyOwner>
          <couponDetailsGroup>
            <productId>
              <referenceDetails>
                <type>ST</type>
                <value>2</value>
              </referenceDetails>
            </productId>
          </couponDetailsGroup>
        </fareComponentDetailsGroup>
        <fareComponentDetailsGroup>
          <fareComponentID>
            <itemNumberDetails>
              <number>3</number>
              <type>FC</type>
            </itemNumberDetails>
          </fareComponentID>
          <marketFareComponent>
            <boardPointDetails>
              <trueLocationId>MIA</trueLocationId>
            </boardPointDetails>
            <offpointDetails>
              <trueLocationId>ATL</trueLocationId>
            </offpointDetails>
          </marketFareComponent>
          <monetaryInformation>
            <monetaryDetails>
              <typeQualifier>TFC</typeQualifier>
              <amount>53.00</amount>
              <currency>USD</currency>
            </monetaryDetails>
          </monetaryInformation>
          <componentClassInfo>
            <fareBasisDetails>
              <rateTariffClass>XAVUA0BQ</rateTariffClass>
            </fareBasisDetails>
          </componentClassInfo>
          <fareQualifiersDetail>
            <discountDetails>
              <fareQualifier>BOR</fareQualifier>
            </discountDetails>
          </fareQualifiersDetail>
          <fareFamilyDetails>
            <fareFamilyname>BASICECON</fareFamilyname>
            <hierarchy>9999</hierarchy>
          </fareFamilyDetails>
          <fareFamilyOwner>
            <companyIdentification>
              <otherCompany>DL</otherCompany>
            </companyIdentification>
          </fareFamilyOwner>
          <couponDetailsGroup>
            <productId>
              <referenceDetails>
                <type>ST</type>
                <value>3</value>
              </referenceDetails>
            </productId>
          </couponDetailsGroup>
        </fareComponentDetailsGroup>
        <fareComponentDetailsGroup>
          <fareComponentID>
            <itemNumberDetails>
              <number>4</number>
              <type>FC</type>
            </itemNumberDetails>
          </fareComponentID>
          <marketFareComponent>
            <boardPointDetails>
              <trueLocationId>ATL</trueLocationId>
            </boardPointDetails>
            <offpointDetails>
              <trueLocationId>SEA</trueLocationId>
            </offpointDetails>
          </marketFareComponent>
          <monetaryInformation>
            <monetaryDetails>
              <typeQualifier>TFC</typeQualifier>
              <amount>208.00</amount>
              <currency>USD</currency>
            </monetaryDetails>
          </monetaryInformation>
          <componentClassInfo>
            <fareBasisDetails>
              <rateTariffClass>XAVNA0BC</rateTariffClass>
            </fareBasisDetails>
          </componentClassInfo>
          <fareQualifiersDetail>
            <discountDetails>
              <fareQualifier>BOR</fareQualifier>
            </discountDetails>
          </fareQualifiersDetail>
          <fareFamilyDetails>
            <fareFamilyname>BASICECON</fareFamilyname>
            <hierarchy>9999</hierarchy>
          </fareFamilyDetails>
          <fareFamilyOwner>
            <companyIdentification>
              <otherCompany>DL</otherCompany>
            </companyIdentification>
          </fareFamilyOwner>
          <couponDetailsGroup>
            <productId>
              <referenceDetails>
                <type>ST</type>
                <value>4</value>
              </referenceDetails>
            </productId>
          </couponDetailsGroup>
        </fareComponentDetailsGroup>
        <endFareList/>
      </fareList>
    </Fare_PricePNRWithBookingClassReply>
  </soapenv:Body>
</soapenv:Envelope>
