<?xml version="1.0" encoding="UTF-8"?>
<soapenv:Envelope xmlns:soapenv="http://schemas.xmlsoap.org/soap/envelope/" xmlns:awsse="http://xml.amadeus.com/2010/06/Session_v3" xmlns:wsa="http://www.w3.org/2005/08/addressing">
  <soapenv:Header>
    <wsa:To>http://www.w3.org/2005/08/addressing/anonymous</wsa:To>
    <wsa:From>
      <wsa:Address>https://nodeD1.test.webservices.amadeus.com/1ASIWIBESXI</wsa:Address>
    </wsa:From>
    <wsa:Action>http://webservices.amadeus.com/TPCBRQ_18_1_1A</wsa:Action>
    <wsa:MessageID>urn:uuid:8cad9a4b-36be-d924-110a-5fe681058e11</wsa:MessageID>
    <wsa:RelatesTo RelationshipType="http://www.w3.org/2005/08/addressing/reply">0a64b645-c917-ce63-60be-0ab0a6c36376</wsa:RelatesTo>
    <awsse:Session TransactionStatusCode="InSeries">
      <awsse:SessionId>01BH3QWW9A</awsse:SessionId>
      <awsse:SequenceNumber>3</awsse:SequenceNumber>
      <awsse:SecurityToken>84E1YGEC271YY9ORM01D96PR</awsse:SecurityToken>
    </awsse:Session>
  </soapenv:Header>
  <soapenv:Body>
    <Fare_PricePNRWithBookingClassReply xmlns="http://xml.amadeus.com/TPCBRR_18_1_1A">
      <fareList>
        <pricingInformation>
          <tstInformation>
            <tstIndicator>I</tstIndicator>
          </tstInformation>
          <fcmi>0</fcmi>
        </pricingInformation>
        <fareReference>
          <referenceType>TST</referenceType>
          <uniqueReference>1</uniqueReference>
        </fareReference>
        <lastTktDate>
          <businessSemantic>LT</businessSemantic>
          <dateTime>
            <year>2020</year>
            <month>5</month>
            <day>21</day>
          </dateTime>
        </lastTktDate>
        <validatingCarrier>
          <carrierInformation>
            <carrierCode>PS</carrierCode>
          </carrierInformation>
        </validatingCarrier>
        <paxSegReference>
          <refDetails>
            <refQualifier>PA</refQualifier>
            <refNumber>4</refNumber>
          </refDetails>
          <refDetails>
            <refQualifier>PA</refQualifier>
            <refNumber>5</refNumber>
          </refDetails>
        </paxSegReference>
        <fareDataInformation>
          <fareDataMainInformation>
            <fareDataQualifier>F</fareDataQualifier>
          </fareDataMainInformation>
          <fareDataSupInformation>
            <fareDataQualifier>B</fareDataQualifier>
            <fareAmount>24810</fareAmount>
            <fareCurrency>INR</fareCurrency>
          </fareDataSupInformation>
          <fareDataSupInformation>
            <fareDataQualifier>E</fareDataQualifier>
            <fareAmount>328.00</fareAmount>
            <fareCurrency>USD</fareCurrency>
          </fareDataSupInformation>
          <fareDataSupInformation>
            <fareDataQualifier>712</fareDataQualifier>
            <fareAmount>774.87</fareAmount>
            <fareCurrency>USD</fareCurrency>
          </fareDataSupInformation>
        </fareDataInformation>
        <offerReferences>
          <offerIdentifier>
            <uniqueOfferReference>SP2P-9182036323496013431-1-OI1-AI2</uniqueOfferReference>
          </offerIdentifier>
        </offerReferences>
        <taxInformation>
          <taxDetails>
            <taxQualifier>7</taxQualifier>
            <taxIdentification>
              <taxIdentifier>X</taxIdentifier>
            </taxIdentification>
            <taxType>
              <isoCountry>XA</isoCountry>
            </taxType>
            <taxNature>CO</taxNature>
          </taxDetails>
          <amountDetails>
            <fareDataMainInformation>
              <fareDataQualifier>TAX</fareDataQualifier>
              <fareAmount>3.96</fareAmount>
              <fareCurrency>USD</fareCurrency>
            </fareDataMainInformation>
          </amountDetails>
        </taxInformation>
        <taxInformation>
          <taxDetails>
            <taxQualifier>7</taxQualifier>
            <taxIdentification>
              <taxIdentifier>X</taxIdentifier>
            </taxIdentification>
            <taxType>
              <isoCountry>XY</isoCountry>
            </taxType>
            <taxNature>CR</taxNature>
          </taxDetails>
          <amountDetails>
            <fareDataMainInformation>
              <fareDataQualifier>TAX</fareDataQualifier>
              <fareAmount>7.00</fareAmount>
              <fareCurrency>USD</fareCurrency>
            </fareDataMainInformation>
          </amountDetails>
        </taxInformation>
        <taxInformation>
          <taxDetails>
            <taxQualifier>7</taxQualifier>
            <taxIdentification>
              <taxIdentifier>X</taxIdentifier>
            </taxIdentification>
            <taxType>
              <isoCountry>YC</isoCountry>
            </taxType>
            <taxNature>AE</taxNature>
          </taxDetails>
          <amountDetails>
            <fareDataMainInformation>
              <fareDataQualifier>TAX</fareDataQualifier>
              <fareAmount>5.89</fareAmount>
              <fareCurrency>USD</fareCurrency>
            </fareDataMainInformation>
          </amountDetails>
        </taxInformation>
        <taxInformation>
          <taxDetails>
            <taxQualifier>7</taxQualifier>
            <taxIdentification>
              <taxIdentifier>X</taxIdentifier>
            </taxIdentification>
            <taxType>
              <isoCountry>YQ</isoCountry>
            </taxType>
            <taxNature>AD</taxNature>
          </taxDetails>
          <amountDetails>
            <fareDataMainInformation>
              <fareDataQualifier>TAX</fareDataQualifier>
              <fareAmount>24.00</fareAmount>
              <fareCurrency>USD</fareCurrency>
            </fareDataMainInformation>
          </amountDetails>
        </taxInformation>
        <taxInformation>
          <taxDetails>
            <taxQualifier>7</taxQualifier>
            <taxIdentification>
              <taxIdentifier>X</taxIdentifier>
            </taxIdentification>
            <taxType>
              <isoCountry>YR</isoCountry>
            </taxType>
            <taxNature>VB</taxNature>
          </taxDetails>
          <amountDetails>
            <fareDataMainInformation>
              <fareDataQualifier>TAX</fareDataQualifier>
              <fareAmount>320.00</fareAmount>
              <fareCurrency>USD</fareCurrency>
            </fareDataMainInformation>
          </amountDetails>
        </taxInformation>
        <taxInformation>
          <taxDetails>
            <taxQualifier>7</taxQualifier>
            <taxIdentification>
              <taxIdentifier>X</taxIdentifier>
            </taxIdentification>
            <taxType>
              <isoCountry>K3</isoCountry>
            </taxType>
            <taxNature>SA</taxNature>
          </taxDetails>
          <amountDetails>
            <fareDataMainInformation>
              <fareDataQualifier>TAX</fareDataQualifier>
              <fareAmount>33.60</fareAmount>
              <fareCurrency>USD</fareCurrency>
            </fareDataMainInformation>
          </amountDetails>
        </taxInformation>
        <taxInformation>
          <taxDetails>
            <taxQualifier>7</taxQualifier>
            <taxIdentification>
              <taxIdentifier>X</taxIdentifier>
            </taxIdentification>
            <taxType>
              <isoCountry>P2</isoCountry>
            </taxType>
            <taxNature>AF</taxNature>
          </taxDetails>
          <amountDetails>
            <fareDataMainInformation>
              <fareDataQualifier>TAX</fareDataQualifier>
              <fareAmount>5.72</fareAmount>
              <fareCurrency>USD</fareCurrency>
            </fareDataMainInformation>
          </amountDetails>
        </taxInformation>
        <taxInformation>
          <taxDetails>
            <taxQualifier>7</taxQualifier>
            <taxIdentification>
              <taxIdentifier>X</taxIdentifier>
            </taxIdentification>
            <taxType>
              <isoCountry>WO</isoCountry>
            </taxType>
            <taxNature>MU</taxNature>
          </taxDetails>
          <amountDetails>
            <fareDataMainInformation>
              <fareDataQualifier>TAX</fareDataQualifier>
              <fareAmount>2.60</fareAmount>
              <fareCurrency>USD</fareCurrency>
            </fareDataMainInformation>
          </amountDetails>
        </taxInformation>
        <taxInformation>
          <taxDetails>
            <taxQualifier>7</taxQualifier>
            <taxIdentification>
              <taxIdentifier>X</taxIdentifier>
            </taxIdentification>
            <taxType>
              <isoCountry>UA</isoCountry>
            </taxType>
            <taxNature>SE</taxNature>
          </taxDetails>
          <amountDetails>
            <fareDataMainInformation>
              <fareDataQualifier>TAX</fareDataQualifier>
              <fareAmount>8.00</fareAmount>
              <fareCurrency>USD</fareCurrency>
            </fareDataMainInformation>
          </amountDetails>
        </taxInformation>
        <taxInformation>
          <taxDetails>
            <taxQualifier>7</taxQualifier>
            <taxIdentification>
              <taxIdentifier>X</taxIdentifier>
            </taxIdentification>
            <taxType>
              <isoCountry>YK</isoCountry>
            </taxType>
            <taxNature>AE</taxNature>
          </taxDetails>
          <amountDetails>
            <fareDataMainInformation>
              <fareDataQualifier>TAX</fareDataQualifier>
              <fareAmount>26.00</fareAmount>
              <fareCurrency>USD</fareCurrency>
            </fareDataMainInformation>
          </amountDetails>
        </taxInformation>
        <taxInformation>
          <taxDetails>
            <taxQualifier>7</taxQualifier>
            <taxIdentification>
              <taxIdentifier>X</taxIdentifier>
            </taxIdentification>
            <taxType>
              <isoCountry>AY</isoCountry>
            </taxType>
            <taxNature>SE</taxNature>
          </taxDetails>
          <amountDetails>
            <fareDataMainInformation>
              <fareDataQualifier>TAX</fareDataQualifier>
              <fareAmount>5.60</fareAmount>
              <fareCurrency>USD</fareCurrency>
            </fareDataMainInformation>
          </amountDetails>
        </taxInformation>
        <taxInformation>
          <taxDetails>
            <taxQualifier>7</taxQualifier>
            <taxIdentification>
              <taxIdentifier>X</taxIdentifier>
            </taxIdentification>
            <taxType>
              <isoCountry>XF</isoCountry>
            </taxType>
          </taxDetails>
          <amountDetails>
            <fareDataMainInformation>
              <fareDataQualifier>TAX</fareDataQualifier>
              <fareAmount>4.50</fareAmount>
              <fareCurrency>USD</fareCurrency>
            </fareDataMainInformation>
          </amountDetails>
        </taxInformation>
        <bankerRates>
          <firstRateDetail>
            <amount>0.013219</amount>
          </firstRateDetail>
        </bankerRates>
        <originDestination>
          <cityCode>DEL</cityCode>
          <cityCode>DEL</cityCode>
        </originDestination>
        <segmentInformation>
          <connexInformation>
            <connecDetails>
              <connexType>O</connexType>
            </connecDetails>
          </connexInformation>
          <segDetails>
            <segmentDetail>
              <identification>AIR</identification>
              <classOfService>X</classOfService>
            </segmentDetail>
          </segDetails>
          <fareQualifier>
            <fareBasisDetails>
              <primaryCode>XO0</primaryCode>
              <fareBasisCode>2EEF5</fareBasisCode>
              <ticketDesignator>CH25</ticketDesignator>
              <discTktDesignator>CNN</discTktDesignator>
            </fareBasisDetails>
          </fareQualifier>
          <validityInformation>
            <businessSemantic>A</businessSemantic>
            <dateTime>
              <year>2020</year>
              <month>5</month>
              <day>21</day>
            </dateTime>
          </validityInformation>
          <validityInformation>
            <businessSemantic>B</businessSemantic>
            <dateTime>
              <year>2020</year>
              <month>5</month>
              <day>21</day>
            </dateTime>
          </validityInformation>
          <bagAllowanceInformation>
            <bagAllowanceDetails>
              <baggageQuantity>2</baggageQuantity>
              <baggageType>N</baggageType>
            </bagAllowanceDetails>
          </bagAllowanceInformation>
          <segmentReference>
            <refDetails>
              <refQualifier>S</refQualifier>
              <refNumber>1</refNumber>
            </refDetails>
          </segmentReference>
          <sequenceInformation>
            <sequenceSection>
              <sequenceNumber>1</sequenceNumber>
            </sequenceSection>
          </sequenceInformation>
        </segmentInformation>
        <segmentInformation>
          <connexInformation>
            <connecDetails>
              <connexType>O</connexType>
            </connecDetails>
          </connexInformation>
          <segDetails>
            <segmentDetail>
              <identification>AIR</identification>
              <classOfService>X</classOfService>
            </segmentDetail>
          </segDetails>
          <fareQualifier>
            <fareBasisDetails>
              <primaryCode>XO0</primaryCode>
              <fareBasisCode>2EEF5</fareBasisCode>
              <ticketDesignator>CH25</ticketDesignator>
              <discTktDesignator>CNN</discTktDesignator>
            </fareBasisDetails>
          </fareQualifier>
          <validityInformation>
            <businessSemantic>A</businessSemantic>
            <dateTime>
              <year>2020</year>
              <month>5</month>
              <day>21</day>
            </dateTime>
          </validityInformation>
          <validityInformation>
            <businessSemantic>B</businessSemantic>
            <dateTime>
              <year>2020</year>
              <month>5</month>
              <day>21</day>
            </dateTime>
          </validityInformation>
          <bagAllowanceInformation>
            <bagAllowanceDetails>
              <baggageQuantity>2</baggageQuantity>
              <baggageType>N</baggageType>
            </bagAllowanceDetails>
          </bagAllowanceInformation>
          <segmentReference>
            <refDetails>
              <refQualifier>S</refQualifier>
              <refNumber>2</refNumber>
            </refDetails>
          </segmentReference>
          <sequenceInformation>
            <sequenceSection>
              <sequenceNumber>2</sequenceNumber>
            </sequenceSection>
          </sequenceInformation>
        </segmentInformation>
        <segmentInformation>
          <connexInformation>
            <connecDetails>
              <connexType>O</connexType>
            </connecDetails>
          </connexInformation>
          <segDetails>
            <segmentDetail>
              <identification>AIR</identification>
              <classOfService>N</classOfService>
            </segmentDetail>
          </segDetails>
          <fareQualifier>
            <fareBasisDetails>
              <primaryCode>NO0</primaryCode>
              <fareBasisCode>2EEF5</fareBasisCode>
              <ticketDesignator>CH25</ticketDesignator>
              <discTktDesignator>CNN</discTktDesignator>
            </fareBasisDetails>
          </fareQualifier>
          <validityInformation>
            <businessSemantic>A</businessSemantic>
            <dateTime>
              <year>2020</year>
              <month>6</month>
              <day>25</day>
            </dateTime>
          </validityInformation>
          <validityInformation>
            <businessSemantic>B</businessSemantic>
            <dateTime>
              <year>2020</year>
              <month>6</month>
              <day>25</day>
            </dateTime>
          </validityInformation>
          <bagAllowanceInformation>
            <bagAllowanceDetails>
              <baggageQuantity>2</baggageQuantity>
              <baggageType>N</baggageType>
            </bagAllowanceDetails>
          </bagAllowanceInformation>
          <segmentReference>
            <refDetails>
              <refQualifier>S</refQualifier>
              <refNumber>3</refNumber>
            </refDetails>
          </segmentReference>
          <sequenceInformation>
            <sequenceSection>
              <sequenceNumber>3</sequenceNumber>
            </sequenceSection>
          </sequenceInformation>
        </segmentInformation>
        <segmentInformation>
          <connexInformation>
            <connecDetails>
              <connexType>O</connexType>
            </connecDetails>
          </connexInformation>
          <segDetails>
            <segmentDetail>
              <identification>AIR</identification>
              <classOfService>N</classOfService>
            </segmentDetail>
          </segDetails>
          <fareQualifier>
            <fareBasisDetails>
              <primaryCode>NO0</primaryCode>
              <fareBasisCode>2EEF5</fareBasisCode>
              <ticketDesignator>CH25</ticketDesignator>
              <discTktDesignator>CNN</discTktDesignator>
            </fareBasisDetails>
          </fareQualifier>
          <validityInformation>
            <businessSemantic>A</businessSemantic>
            <dateTime>
              <year>2020</year>
              <month>6</month>
              <day>25</day>
            </dateTime>
          </validityInformation>
          <validityInformation>
            <businessSemantic>B</businessSemantic>
            <dateTime>
              <year>2020</year>
              <month>6</month>
              <day>25</day>
            </dateTime>
          </validityInformation>
          <bagAllowanceInformation>
            <bagAllowanceDetails>
              <baggageQuantity>2</baggageQuantity>
              <baggageType>N</baggageType>
            </bagAllowanceDetails>
          </bagAllowanceInformation>
          <segmentReference>
            <refDetails>
              <refQualifier>S</refQualifier>
              <refNumber>4</refNumber>
            </refDetails>
          </segmentReference>
          <sequenceInformation>
            <sequenceSection>
              <sequenceNumber>4</sequenceNumber>
            </sequenceSection>
          </sequenceInformation>
        </segmentInformation>
        <otherPricingInfo>
          <attributeDetails>
            <attributeType>END</attributeType>
            <attributeDescription>NONEND/REF RSTR/RBK 150USD -BG:PS</attributeDescription>
          </attributeDetails>
          <attributeDetails>
            <attributeType>FCA</attributeType>
            <attributeDescription>DEL PS IEV PS NYC133.95PS IEV PS DEL151.71 1S50.00NUC335.66END ROE73.903510 XF JFK4.50</attributeDescription>
          </attributeDetails>
        </otherPricingInfo>
        <warningInformation>
          <warningCode>
            <applicationErrorDetail>
              <applicationErrorCode>PEN</applicationErrorCode>
              <codeListQualifier>WEC</codeListQualifier>
              <codeListResponsibleAgency>1A</codeListResponsibleAgency>
            </applicationErrorDetail>
          </warningCode>
          <warningText>
            <errorFreeText>NON-REFUNDABLE</errorFreeText>
          </warningText>
        </warningInformation>
        <warningInformation>
          <warningCode>
            <applicationErrorDetail>
              <applicationErrorCode>LTD</applicationErrorCode>
              <codeListQualifier>WEC</codeListQualifier>
              <codeListResponsibleAgency>1A</codeListResponsibleAgency>
            </applicationErrorDetail>
          </warningCode>
          <warningText>
            <errorFreeText> - DATE OF ORIGIN</errorFreeText>
          </warningText>
        </warningInformation>
        <warningInformation>
          <warningCode>
            <applicationErrorDetail>
              <applicationErrorCode>0</applicationErrorCode>
              <codeListQualifier>WEC</codeListQualifier>
              <codeListResponsibleAgency>1A</codeListResponsibleAgency>
            </applicationErrorDetail>
          </warningCode>
          <warningText>
            <errorFreeText>FARE FAMILIES:    (ENTER FQFn FOR DETAILS, FXY FOR UPSELL)</errorFreeText>
          </warningText>
        </warningInformation>
        <warningInformation>
          <warningCode>
            <applicationErrorDetail>
              <applicationErrorCode>0</applicationErrorCode>
              <codeListQualifier>WEC</codeListQualifier>
              <codeListResponsibleAgency>1A</codeListResponsibleAgency>
            </applicationErrorDetail>
          </warningCode>
          <warningText>
            <errorFreeText>FARE FAMILY:FC1:1-2:LITE</errorFreeText>
          </warningText>
        </warningInformation>
        <warningInformation>
          <warningCode>
            <applicationErrorDetail>
              <applicationErrorCode>0</applicationErrorCode>
              <codeListQualifier>WEC</codeListQualifier>
              <codeListResponsibleAgency>1A</codeListResponsibleAgency>
            </applicationErrorDetail>
          </warningCode>
          <warningText>
            <errorFreeText>FARE FAMILY:FC2:3-4:LITE</errorFreeText>
          </warningText>
        </warningInformation>
        <warningInformation>
          <warningCode>
            <applicationErrorDetail>
              <applicationErrorCode>0</applicationErrorCode>
              <codeListQualifier>WEC</codeListQualifier>
              <codeListResponsibleAgency>1A</codeListResponsibleAgency>
            </applicationErrorDetail>
          </warningCode>
          <warningText>
            <errorFreeText>TICKET STOCK RESTRICTION</errorFreeText>
          </warningText>
        </warningInformation>
        <warningInformation>
          <warningCode>
            <applicationErrorDetail>
              <applicationErrorCode>0</applicationErrorCode>
              <codeListQualifier>WEC</codeListQualifier>
              <codeListResponsibleAgency>1A</codeListResponsibleAgency>
            </applicationErrorDetail>
          </warningCode>
          <warningText>
            <errorFreeText>BG CXR: PS</errorFreeText>
          </warningText>
        </warningInformation>
        <warningInformation>
          <warningCode>
            <applicationErrorDetail>
              <applicationErrorCode>0</applicationErrorCode>
              <codeListQualifier>WEC</codeListQualifier>
              <codeListResponsibleAgency>1A</codeListResponsibleAgency>
            </applicationErrorDetail>
          </warningCode>
          <warningText>
            <errorFreeText>PRICED WITH VALIDATING CARRIER PS - REPRICE IF DIFFERENT VC</errorFreeText>
          </warningText>
        </warningInformation>
        <warningInformation>
          <warningCode>
            <applicationErrorDetail>
              <applicationErrorCode>0</applicationErrorCode>
              <codeListQualifier>WEC</codeListQualifier>
              <codeListResponsibleAgency>1A</codeListResponsibleAgency>
            </applicationErrorDetail>
          </warningCode>
          <warningText>
            <errorFreeText>18APR20 PER GAF REQUIREMENTS FARE NOT VALID UNTIL TICKETED</errorFreeText>
          </warningText>
        </warningInformation>
        <fareComponentDetailsGroup>
          <fareComponentID>
            <itemNumberDetails>
              <number>1</number>
              <type>FC</type>
            </itemNumberDetails>
          </fareComponentID>
          <marketFareComponent>
            <boardPointDetails>
              <trueLocationId>DEL</trueLocationId>
            </boardPointDetails>
            <offpointDetails>
              <trueLocationId>NYC</trueLocationId>
            </offpointDetails>
          </marketFareComponent>
          <monetaryInformation>
            <monetaryDetails>
              <typeQualifier>TFC</typeQualifier>
              <amount>133.95</amount>
              <currency>NUC</currency>
            </monetaryDetails>
          </monetaryInformation>
          <componentClassInfo>
            <fareBasisDetails>
              <rateTariffClass>XO02EEF5</rateTariffClass>
              <otherRateTariffClass>CH25</otherRateTariffClass>
            </fareBasisDetails>
          </componentClassInfo>
          <fareQualifiersDetail>
            <discountDetails>
              <fareQualifier>763</fareQualifier>
            </discountDetails>
          </fareQualifiersDetail>
          <fareFamilyDetails>
            <fareFamilyname>LITE</fareFamilyname>
            <hierarchy>6995</hierarchy>
          </fareFamilyDetails>
          <fareFamilyOwner>
            <companyIdentification>
              <otherCompany>PS</otherCompany>
            </companyIdentification>
          </fareFamilyOwner>
          <couponDetailsGroup>
            <productId>
              <referenceDetails>
                <type>ST</type>
                <value>1</value>
              </referenceDetails>
            </productId>
          </couponDetailsGroup>
          <couponDetailsGroup>
            <productId>
              <referenceDetails>
                <type>ST</type>
                <value>2</value>
              </referenceDetails>
            </productId>
          </couponDetailsGroup>
        </fareComponentDetailsGroup>
        <fareComponentDetailsGroup>
          <fareComponentID>
            <itemNumberDetails>
              <number>2</number>
              <type>FC</type>
            </itemNumberDetails>
          </fareComponentID>
          <marketFareComponent>
            <boardPointDetails>
              <trueLocationId>NYC</trueLocationId>
            </boardPointDetails>
            <offpointDetails>
              <trueLocationId>DEL</trueLocationId>
            </offpointDetails>
          </marketFareComponent>
          <monetaryInformation>
            <monetaryDetails>
              <typeQualifier>TFC</typeQualifier>
              <amount>151.71</amount>
              <currency>NUC</currency>
            </monetaryDetails>
          </monetaryInformation>
          <componentClassInfo>
            <fareBasisDetails>
              <rateTariffClass>NO02EEF5</rateTariffClass>
              <otherRateTariffClass>CH25</otherRateTariffClass>
            </fareBasisDetails>
          </componentClassInfo>
          <fareQualifiersDetail>
            <discountDetails>
              <fareQualifier>763</fareQualifier>
            </discountDetails>
          </fareQualifiersDetail>
          <fareFamilyDetails>
            <fareFamilyname>LITE</fareFamilyname>
            <hierarchy>6995</hierarchy>
          </fareFamilyDetails>
          <fareFamilyOwner>
            <companyIdentification>
              <otherCompany>PS</otherCompany>
            </companyIdentification>
          </fareFamilyOwner>
          <couponDetailsGroup>
            <productId>
              <referenceDetails>
                <type>ST</type>
                <value>3</value>
              </referenceDetails>
            </productId>
          </couponDetailsGroup>
          <couponDetailsGroup>
            <productId>
              <referenceDetails>
                <type>ST</type>
                <value>4</value>
              </referenceDetails>
            </productId>
          </couponDetailsGroup>
        </fareComponentDetailsGroup>
        <endFareList/>
      </fareList>
      <fareList>
        <pricingInformation>
          <tstInformation>
            <tstIndicator>I</tstIndicator>
          </tstInformation>
          <fcmi>0</fcmi>
        </pricingInformation>
        <fareReference>
          <referenceType>TST</referenceType>
          <uniqueReference>2</uniqueReference>
        </fareReference>
        <lastTktDate>
          <businessSemantic>LT</businessSemantic>
          <dateTime>
            <year>2020</year>
            <month>5</month>
            <day>21</day>
          </dateTime>
        </lastTktDate>
        <validatingCarrier>
          <carrierInformation>
            <carrierCode>PS</carrierCode>
          </carrierInformation>
        </validatingCarrier>
        <paxSegReference>
          <refDetails>
            <refQualifier>PA</refQualifier>
            <refNumber>3</refNumber>
          </refDetails>
          <refDetails>
            <refQualifier>PA</refQualifier>
            <refNumber>2</refNumber>
          </refDetails>
        </paxSegReference>
        <fareDataInformation>
          <fareDataMainInformation>
            <fareDataQualifier>F</fareDataQualifier>
          </fareDataMainInformation>
          <fareDataSupInformation>
            <fareDataQualifier>B</fareDataQualifier>
            <fareAmount>31845</fareAmount>
            <fareCurrency>INR</fareCurrency>
          </fareDataSupInformation>
          <fareDataSupInformation>
            <fareDataQualifier>E</fareDataQualifier>
            <fareAmount>421.00</fareAmount>
            <fareCurrency>USD</fareCurrency>
          </fareDataSupInformation>
          <fareDataSupInformation>
            <fareDataQualifier>712</fareDataQualifier>
            <fareAmount>872.52</fareAmount>
            <fareCurrency>USD</fareCurrency>
          </fareDataSupInformation>
        </fareDataInformation>
        <offerReferences>
          <offerIdentifier>
            <uniqueOfferReference>SP2P-9182036323496013431-1-OI1-AI1</uniqueOfferReference>
          </offerIdentifier>
        </offerReferences>
        <taxInformation>
          <taxDetails>
            <taxQualifier>7</taxQualifier>
            <taxIdentification>
              <taxIdentifier>X</taxIdentifier>
            </taxIdentification>
            <taxType>
              <isoCountry>XA</isoCountry>
            </taxType>
            <taxNature>CO</taxNature>
          </taxDetails>
          <amountDetails>
            <fareDataMainInformation>
              <fareDataQualifier>TAX</fareDataQualifier>
              <fareAmount>3.96</fareAmount>
              <fareCurrency>USD</fareCurrency>
            </fareDataMainInformation>
          </amountDetails>
        </taxInformation>
        <taxInformation>
          <taxDetails>
            <taxQualifier>7</taxQualifier>
            <taxIdentification>
              <taxIdentifier>X</taxIdentifier>
            </taxIdentification>
            <taxType>
              <isoCountry>XY</isoCountry>
            </taxType>
            <taxNature>CR</taxNature>
          </taxDetails>
          <amountDetails>
            <fareDataMainInformation>
              <fareDataQualifier>TAX</fareDataQualifier>
              <fareAmount>7.00</fareAmount>
              <fareCurrency>USD</fareCurrency>
            </fareDataMainInformation>
          </amountDetails>
        </taxInformation>
        <taxInformation>
          <taxDetails>
            <taxQualifier>7</taxQualifier>
            <taxIdentification>
              <taxIdentifier>X</taxIdentifier>
            </taxIdentification>
            <taxType>
              <isoCountry>YC</isoCountry>
            </taxType>
            <taxNature>AE</taxNature>
          </taxDetails>
          <amountDetails>
            <fareDataMainInformation>
              <fareDataQualifier>TAX</fareDataQualifier>
              <fareAmount>5.89</fareAmount>
              <fareCurrency>USD</fareCurrency>
            </fareDataMainInformation>
          </amountDetails>
        </taxInformation>
        <taxInformation>
          <taxDetails>
            <taxQualifier>7</taxQualifier>
            <taxIdentification>
              <taxIdentifier>X</taxIdentifier>
            </taxIdentification>
            <taxType>
              <isoCountry>YQ</isoCountry>
            </taxType>
            <taxNature>AD</taxNature>
          </taxDetails>
          <amountDetails>
            <fareDataMainInformation>
              <fareDataQualifier>TAX</fareDataQualifier>
              <fareAmount>24.00</fareAmount>
              <fareCurrency>USD</fareCurrency>
            </fareDataMainInformation>
          </amountDetails>
        </taxInformation>
        <taxInformation>
          <taxDetails>
            <taxQualifier>7</taxQualifier>
            <taxIdentification>
              <taxIdentifier>X</taxIdentifier>
            </taxIdentification>
            <taxType>
              <isoCountry>YR</isoCountry>
            </taxType>
            <taxNature>VB</taxNature>
          </taxDetails>
          <amountDetails>
            <fareDataMainInformation>
              <fareDataQualifier>TAX</fareDataQualifier>
              <fareAmount>320.00</fareAmount>
              <fareCurrency>USD</fareCurrency>
            </fareDataMainInformation>
          </amountDetails>
        </taxInformation>
        <taxInformation>
          <taxDetails>
            <taxQualifier>7</taxQualifier>
            <taxIdentification>
              <taxIdentifier>X</taxIdentifier>
            </taxIdentification>
            <taxType>
              <isoCountry>K3</isoCountry>
            </taxType>
            <taxNature>SA</taxNature>
          </taxDetails>
          <amountDetails>
            <fareDataMainInformation>
              <fareDataQualifier>TAX</fareDataQualifier>
              <fareAmount>38.25</fareAmount>
              <fareCurrency>USD</fareCurrency>
            </fareDataMainInformation>
          </amountDetails>
        </taxInformation>
        <taxInformation>
          <taxDetails>
            <taxQualifier>7</taxQualifier>
            <taxIdentification>
              <taxIdentifier>X</taxIdentifier>
            </taxIdentification>
            <taxType>
              <isoCountry>P2</isoCountry>
            </taxType>
            <taxNature>AF</taxNature>
          </taxDetails>
          <amountDetails>
            <fareDataMainInformation>
              <fareDataQualifier>TAX</fareDataQualifier>
              <fareAmount>5.72</fareAmount>
              <fareCurrency>USD</fareCurrency>
            </fareDataMainInformation>
          </amountDetails>
        </taxInformation>
        <taxInformation>
          <taxDetails>
            <taxQualifier>7</taxQualifier>
            <taxIdentification>
              <taxIdentifier>X</taxIdentifier>
            </taxIdentification>
            <taxType>
              <isoCountry>WO</isoCountry>
            </taxType>
            <taxNature>MU</taxNature>
          </taxDetails>
          <amountDetails>
            <fareDataMainInformation>
              <fareDataQualifier>TAX</fareDataQualifier>
              <fareAmount>2.60</fareAmount>
              <fareCurrency>USD</fareCurrency>
            </fareDataMainInformation>
          </amountDetails>
        </taxInformation>
        <taxInformation>
          <taxDetails>
            <taxQualifier>7</taxQualifier>
            <taxIdentification>
              <taxIdentifier>X</taxIdentifier>
            </taxIdentification>
            <taxType>
              <isoCountry>UA</isoCountry>
            </taxType>
            <taxNature>SE</taxNature>
          </taxDetails>
          <amountDetails>
            <fareDataMainInformation>
              <fareDataQualifier>TAX</fareDataQualifier>
              <fareAmount>8.00</fareAmount>
              <fareCurrency>USD</fareCurrency>
            </fareDataMainInformation>
          </amountDetails>
        </taxInformation>
        <taxInformation>
          <taxDetails>
            <taxQualifier>7</taxQualifier>
            <taxIdentification>
              <taxIdentifier>X</taxIdentifier>
            </taxIdentification>
            <taxType>
              <isoCountry>YK</isoCountry>
            </taxType>
            <taxNature>AE</taxNature>
          </taxDetails>
          <amountDetails>
            <fareDataMainInformation>
              <fareDataQualifier>TAX</fareDataQualifier>
              <fareAmount>26.00</fareAmount>
              <fareCurrency>USD</fareCurrency>
            </fareDataMainInformation>
          </amountDetails>
        </taxInformation>
        <taxInformation>
          <taxDetails>
            <taxQualifier>7</taxQualifier>
            <taxIdentification>
              <taxIdentifier>X</taxIdentifier>
            </taxIdentification>
            <taxType>
              <isoCountry>AY</isoCountry>
            </taxType>
            <taxNature>SE</taxNature>
          </taxDetails>
          <amountDetails>
            <fareDataMainInformation>
              <fareDataQualifier>TAX</fareDataQualifier>
              <fareAmount>5.60</fareAmount>
              <fareCurrency>USD</fareCurrency>
            </fareDataMainInformation>
          </amountDetails>
        </taxInformation>
        <taxInformation>
          <taxDetails>
            <taxQualifier>7</taxQualifier>
            <taxIdentification>
              <taxIdentifier>X</taxIdentifier>
            </taxIdentification>
            <taxType>
              <isoCountry>XF</isoCountry>
            </taxType>
          </taxDetails>
          <amountDetails>
            <fareDataMainInformation>
              <fareDataQualifier>TAX</fareDataQualifier>
              <fareAmount>4.50</fareAmount>
              <fareCurrency>USD</fareCurrency>
            </fareDataMainInformation>
          </amountDetails>
        </taxInformation>
        <bankerRates>
          <firstRateDetail>
            <amount>0.013219</amount>
          </firstRateDetail>
        </bankerRates>
        <originDestination>
          <cityCode>DEL</cityCode>
          <cityCode>DEL</cityCode>
        </originDestination>
        <segmentInformation>
          <connexInformation>
            <connecDetails>
              <connexType>O</connexType>
            </connecDetails>
          </connexInformation>
          <segDetails>
            <segmentDetail>
              <identification>AIR</identification>
              <classOfService>X</classOfService>
            </segmentDetail>
          </segDetails>
          <fareQualifier>
            <fareBasisDetails>
              <primaryCode>XO0</primaryCode>
              <fareBasisCode>2EEF5</fareBasisCode>
              <discTktDesignator>ADT</discTktDesignator>
            </fareBasisDetails>
          </fareQualifier>
          <validityInformation>
            <businessSemantic>A</businessSemantic>
            <dateTime>
              <year>2020</year>
              <month>5</month>
              <day>21</day>
            </dateTime>
          </validityInformation>
          <validityInformation>
            <businessSemantic>B</businessSemantic>
            <dateTime>
              <year>2020</year>
              <month>5</month>
              <day>21</day>
            </dateTime>
          </validityInformation>
          <bagAllowanceInformation>
            <bagAllowanceDetails>
              <baggageQuantity>2</baggageQuantity>
              <baggageType>N</baggageType>
            </bagAllowanceDetails>
          </bagAllowanceInformation>
          <segmentReference>
            <refDetails>
              <refQualifier>S</refQualifier>
              <refNumber>1</refNumber>
            </refDetails>
          </segmentReference>
          <sequenceInformation>
            <sequenceSection>
              <sequenceNumber>1</sequenceNumber>
            </sequenceSection>
          </sequenceInformation>
        </segmentInformation>
        <segmentInformation>
          <connexInformation>
            <connecDetails>
              <connexType>O</connexType>
            </connecDetails>
          </connexInformation>
          <segDetails>
            <segmentDetail>
              <identification>AIR</identification>
              <classOfService>X</classOfService>
            </segmentDetail>
          </segDetails>
          <fareQualifier>
            <fareBasisDetails>
              <primaryCode>XO0</primaryCode>
              <fareBasisCode>2EEF5</fareBasisCode>
              <discTktDesignator>ADT</discTktDesignator>
            </fareBasisDetails>
          </fareQualifier>
          <validityInformation>
            <businessSemantic>A</businessSemantic>
            <dateTime>
              <year>2020</year>
              <month>5</month>
              <day>21</day>
            </dateTime>
          </validityInformation>
          <validityInformation>
            <businessSemantic>B</businessSemantic>
            <dateTime>
              <year>2020</year>
              <month>5</month>
              <day>21</day>
            </dateTime>
          </validityInformation>
          <bagAllowanceInformation>
            <bagAllowanceDetails>
              <baggageQuantity>2</baggageQuantity>
              <baggageType>N</baggageType>
            </bagAllowanceDetails>
          </bagAllowanceInformation>
          <segmentReference>
            <refDetails>
              <refQualifier>S</refQualifier>
              <refNumber>2</refNumber>
            </refDetails>
          </segmentReference>
          <sequenceInformation>
            <sequenceSection>
              <sequenceNumber>2</sequenceNumber>
            </sequenceSection>
          </sequenceInformation>
        </segmentInformation>
        <segmentInformation>
          <connexInformation>
            <connecDetails>
              <connexType>O</connexType>
            </connecDetails>
          </connexInformation>
          <segDetails>
            <segmentDetail>
              <identification>AIR</identification>
              <classOfService>N</classOfService>
            </segmentDetail>
          </segDetails>
          <fareQualifier>
            <fareBasisDetails>
              <primaryCode>NO0</primaryCode>
              <fareBasisCode>2EEF5</fareBasisCode>
              <discTktDesignator>ADT</discTktDesignator>
            </fareBasisDetails>
          </fareQualifier>
          <validityInformation>
            <businessSemantic>A</businessSemantic>
            <dateTime>
              <year>2020</year>
              <month>6</month>
              <day>25</day>
            </dateTime>
          </validityInformation>
          <validityInformation>
            <businessSemantic>B</businessSemantic>
            <dateTime>
              <year>2020</year>
              <month>6</month>
              <day>25</day>
            </dateTime>
          </validityInformation>
          <bagAllowanceInformation>
            <bagAllowanceDetails>
              <baggageQuantity>2</baggageQuantity>
              <baggageType>N</baggageType>
            </bagAllowanceDetails>
          </bagAllowanceInformation>
          <segmentReference>
            <refDetails>
              <refQualifier>S</refQualifier>
              <refNumber>3</refNumber>
            </refDetails>
          </segmentReference>
          <sequenceInformation>
            <sequenceSection>
              <sequenceNumber>3</sequenceNumber>
            </sequenceSection>
          </sequenceInformation>
        </segmentInformation>
        <segmentInformation>
          <connexInformation>
            <connecDetails>
              <connexType>O</connexType>
            </connecDetails>
          </connexInformation>
          <segDetails>
            <segmentDetail>
              <identification>AIR</identification>
              <classOfService>N</classOfService>
            </segmentDetail>
          </segDetails>
          <fareQualifier>
            <fareBasisDetails>
              <primaryCode>NO0</primaryCode>
              <fareBasisCode>2EEF5</fareBasisCode>
              <discTktDesignator>ADT</discTktDesignator>
            </fareBasisDetails>
          </fareQualifier>
          <validityInformation>
            <businessSemantic>A</businessSemantic>
            <dateTime>
              <year>2020</year>
              <month>6</month>
              <day>25</day>
            </dateTime>
          </validityInformation>
          <validityInformation>
            <businessSemantic>B</businessSemantic>
            <dateTime>
              <year>2020</year>
              <month>6</month>
              <day>25</day>
            </dateTime>
          </validityInformation>
          <bagAllowanceInformation>
            <bagAllowanceDetails>
              <baggageQuantity>2</baggageQuantity>
              <baggageType>N</baggageType>
            </bagAllowanceDetails>
          </bagAllowanceInformation>
          <segmentReference>
            <refDetails>
              <refQualifier>S</refQualifier>
              <refNumber>4</refNumber>
            </refDetails>
          </segmentReference>
          <sequenceInformation>
            <sequenceSection>
              <sequenceNumber>4</sequenceNumber>
            </sequenceSection>
          </sequenceInformation>
        </segmentInformation>
        <otherPricingInfo>
          <attributeDetails>
            <attributeType>END</attributeType>
            <attributeDescription>NONEND/REF RSTR/RBK 150USD -BG:PS</attributeDescription>
          </attributeDetails>
          <attributeDetails>
            <attributeType>FCA</attributeType>
            <attributeDescription>DEL PS IEV PS NYC178.61PS IEV PS DEL202.29 1S50.00NUC430.90END ROE73.903510 XF JFK4.50</attributeDescription>
          </attributeDetails>
        </otherPricingInfo>
        <warningInformation>
          <warningCode>
            <applicationErrorDetail>
              <applicationErrorCode>PEN</applicationErrorCode>
              <codeListQualifier>WEC</codeListQualifier>
              <codeListResponsibleAgency>1A</codeListResponsibleAgency>
            </applicationErrorDetail>
          </warningCode>
          <warningText>
            <errorFreeText>NON-REFUNDABLE</errorFreeText>
          </warningText>
        </warningInformation>
        <warningInformation>
          <warningCode>
            <applicationErrorDetail>
              <applicationErrorCode>LTD</applicationErrorCode>
              <codeListQualifier>WEC</codeListQualifier>
              <codeListResponsibleAgency>1A</codeListResponsibleAgency>
            </applicationErrorDetail>
          </warningCode>
          <warningText>
            <errorFreeText> - DATE OF ORIGIN</errorFreeText>
          </warningText>
        </warningInformation>
        <warningInformation>
          <warningCode>
            <applicationErrorDetail>
              <applicationErrorCode>0</applicationErrorCode>
              <codeListQualifier>WEC</codeListQualifier>
              <codeListResponsibleAgency>1A</codeListResponsibleAgency>
            </applicationErrorDetail>
          </warningCode>
          <warningText>
            <errorFreeText>FARE FAMILIES:    (ENTER FQFn FOR DETAILS, FXY FOR UPSELL)</errorFreeText>
          </warningText>
        </warningInformation>
        <warningInformation>
          <warningCode>
            <applicationErrorDetail>
              <applicationErrorCode>0</applicationErrorCode>
              <codeListQualifier>WEC</codeListQualifier>
              <codeListResponsibleAgency>1A</codeListResponsibleAgency>
            </applicationErrorDetail>
          </warningCode>
          <warningText>
            <errorFreeText>FARE FAMILY:FC1:1-2:LITE</errorFreeText>
          </warningText>
        </warningInformation>
        <warningInformation>
          <warningCode>
            <applicationErrorDetail>
              <applicationErrorCode>0</applicationErrorCode>
              <codeListQualifier>WEC</codeListQualifier>
              <codeListResponsibleAgency>1A</codeListResponsibleAgency>
            </applicationErrorDetail>
          </warningCode>
          <warningText>
            <errorFreeText>FARE FAMILY:FC2:3-4:LITE</errorFreeText>
          </warningText>
        </warningInformation>
        <warningInformation>
          <warningCode>
            <applicationErrorDetail>
              <applicationErrorCode>0</applicationErrorCode>
              <codeListQualifier>WEC</codeListQualifier>
              <codeListResponsibleAgency>1A</codeListResponsibleAgency>
            </applicationErrorDetail>
          </warningCode>
          <warningText>
            <errorFreeText>TICKET STOCK RESTRICTION</errorFreeText>
          </warningText>
        </warningInformation>
        <warningInformation>
          <warningCode>
            <applicationErrorDetail>
              <applicationErrorCode>0</applicationErrorCode>
              <codeListQualifier>WEC</codeListQualifier>
              <codeListResponsibleAgency>1A</codeListResponsibleAgency>
            </applicationErrorDetail>
          </warningCode>
          <warningText>
            <errorFreeText>BG CXR: PS</errorFreeText>
          </warningText>
        </warningInformation>
        <warningInformation>
          <warningCode>
            <applicationErrorDetail>
              <applicationErrorCode>0</applicationErrorCode>
              <codeListQualifier>WEC</codeListQualifier>
              <codeListResponsibleAgency>1A</codeListResponsibleAgency>
            </applicationErrorDetail>
          </warningCode>
          <warningText>
            <errorFreeText>PRICED WITH VALIDATING CARRIER PS - REPRICE IF DIFFERENT VC</errorFreeText>
          </warningText>
        </warningInformation>
        <warningInformation>
          <warningCode>
            <applicationErrorDetail>
              <applicationErrorCode>0</applicationErrorCode>
              <codeListQualifier>WEC</codeListQualifier>
              <codeListResponsibleAgency>1A</codeListResponsibleAgency>
            </applicationErrorDetail>
          </warningCode>
          <warningText>
            <errorFreeText>18APR20 PER GAF REQUIREMENTS FARE NOT VALID UNTIL TICKETED</errorFreeText>
          </warningText>
        </warningInformation>
        <fareComponentDetailsGroup>
          <fareComponentID>
            <itemNumberDetails>
              <number>1</number>
              <type>FC</type>
            </itemNumberDetails>
          </fareComponentID>
          <marketFareComponent>
            <boardPointDetails>
              <trueLocationId>DEL</trueLocationId>
            </boardPointDetails>
            <offpointDetails>
              <trueLocationId>NYC</trueLocationId>
            </offpointDetails>
          </marketFareComponent>
          <monetaryInformation>
            <monetaryDetails>
              <typeQualifier>TFC</typeQualifier>
              <amount>178.61</amount>
              <currency>NUC</currency>
            </monetaryDetails>
          </monetaryInformation>
          <componentClassInfo>
            <fareBasisDetails>
              <rateTariffClass>XO02EEF5</rateTariffClass>
            </fareBasisDetails>
          </componentClassInfo>
          <fareQualifiersDetail>
            <discountDetails>
              <fareQualifier>763</fareQualifier>
            </discountDetails>
          </fareQualifiersDetail>
          <fareFamilyDetails>
            <fareFamilyname>LITE</fareFamilyname>
            <hierarchy>6995</hierarchy>
          </fareFamilyDetails>
          <fareFamilyOwner>
            <companyIdentification>
              <otherCompany>PS</otherCompany>
            </companyIdentification>
          </fareFamilyOwner>
          <couponDetailsGroup>
            <productId>
              <referenceDetails>
                <type>ST</type>
                <value>1</value>
              </referenceDetails>
            </productId>
          </couponDetailsGroup>
          <couponDetailsGroup>
            <productId>
              <referenceDetails>
                <type>ST</type>
                <value>2</value>
              </referenceDetails>
            </productId>
          </couponDetailsGroup>
        </fareComponentDetailsGroup>
        <fareComponentDetailsGroup>
          <fareComponentID>
            <itemNumberDetails>
              <number>2</number>
              <type>FC</type>
            </itemNumberDetails>
          </fareComponentID>
          <marketFareComponent>
            <boardPointDetails>
              <trueLocationId>NYC</trueLocationId>
            </boardPointDetails>
            <offpointDetails>
              <trueLocationId>DEL</trueLocationId>
            </offpointDetails>
          </marketFareComponent>
          <monetaryInformation>
            <monetaryDetails>
              <typeQualifier>TFC</typeQualifier>
              <amount>202.29</amount>
              <currency>NUC</currency>
            </monetaryDetails>
          </monetaryInformation>
          <componentClassInfo>
            <fareBasisDetails>
              <rateTariffClass>NO02EEF5</rateTariffClass>
            </fareBasisDetails>
          </componentClassInfo>
          <fareQualifiersDetail>
            <discountDetails>
              <fareQualifier>763</fareQualifier>
            </discountDetails>
          </fareQualifiersDetail>
          <fareFamilyDetails>
            <fareFamilyname>LITE</fareFamilyname>
            <hierarchy>6995</hierarchy>
          </fareFamilyDetails>
          <fareFamilyOwner>
            <companyIdentification>
              <otherCompany>PS</otherCompany>
            </companyIdentification>
          </fareFamilyOwner>
          <couponDetailsGroup>
            <productId>
              <referenceDetails>
                <type>ST</type>
                <value>3</value>
              </referenceDetails>
            </productId>
          </couponDetailsGroup>
          <couponDetailsGroup>
            <productId>
              <referenceDetails>
                <type>ST</type>
                <value>4</value>
              </referenceDetails>
            </productId>
          </couponDetailsGroup>
        </fareComponentDetailsGroup>
        <endFareList/>
      </fareList>
    </Fare_PricePNRWithBookingClassReply>
  </soapenv:Body>
</soapenv:Envelope>
