<?xml version="1.0" encoding="UTF-8"?>
<soapenv:Envelope xmlns:soapenv="http://schemas.xmlsoap.org/soap/envelope/" xmlns:awsse="http://xml.amadeus.com/2010/06/Session_v3" xmlns:wsa="http://www.w3.org/2005/08/addressing">
  <soapenv:Header>
    <wsa:To>http://www.w3.org/2005/08/addressing/anonymous</wsa:To>
    <wsa:From>
      <wsa:Address>https://nodeD1.test.webservices.amadeus.com/1ASIWIBESXI</wsa:Address>
    </wsa:From>
    <wsa:Action>http://webservices.amadeus.com/TPCBRQ_18_1_1A</wsa:Action>
    <wsa:MessageID>urn:uuid:7eff5db7-49c6-0414-b162-3b01a3e3c9bb</wsa:MessageID>
    <wsa:RelatesTo RelationshipType="http://www.w3.org/2005/08/addressing/reply">962cda75-7d37-aa0b-2d4f-dd8e4b5c4851</wsa:RelatesTo>
    <awsse:Session TransactionStatusCode="InSeries">
      <awsse:SessionId>00R7MHVXHC</awsse:SessionId>
      <awsse:SequenceNumber>3</awsse:SequenceNumber>
      <awsse:SecurityToken>1J44LNIF3WMGU387FQDOB7C5UZ</awsse:SecurityToken>
    </awsse:Session>
  </soapenv:Header>
  <soapenv:Body>
    <Fare_PricePNRWithBookingClassReply xmlns="http://xml.amadeus.com/TPCBRR_18_1_1A">
      <fareList>
        <pricingInformation>
          <tstInformation>
            <tstIndicator>I</tstIndicator>
          </tstInformation>
          <fcmi>0</fcmi>
        </pricingInformation>
        <fareReference>
          <referenceType>TST</referenceType>
          <uniqueReference>1</uniqueReference>
        </fareReference>
        <lastTktDate>
          <businessSemantic>LT</businessSemantic>
          <dateTime>
            <year>2020</year>
            <month>4</month>
            <day>21</day>
            <hour>14</hour>
            <minutes>16</minutes>
          </dateTime>
        </lastTktDate>
        <validatingCarrier>
          <carrierInformation>
            <carrierCode>VS</carrierCode>
          </carrierInformation>
        </validatingCarrier>
        <paxSegReference>
          <refDetails>
            <refQualifier>PA</refQualifier>
            <refNumber>2</refNumber>
          </refDetails>
        </paxSegReference>
        <fareDataInformation>
          <fareDataMainInformation>
            <fareDataQualifier>F</fareDataQualifier>
          </fareDataMainInformation>
          <fareDataSupInformation>
            <fareDataQualifier>B</fareDataQualifier>
            <fareAmount>15500</fareAmount>
            <fareCurrency>INR</fareCurrency>
          </fareDataSupInformation>
          <fareDataSupInformation>
            <fareDataQualifier>E</fareDataQualifier>
            <fareAmount>205.00</fareAmount>
            <fareCurrency>USD</fareCurrency>
          </fareDataSupInformation>
          <fareDataSupInformation>
            <fareDataQualifier>712</fareDataQualifier>
            <fareAmount>970.65</fareAmount>
            <fareCurrency>USD</fareCurrency>
          </fareDataSupInformation>
        </fareDataInformation>
        <offerReferences>
          <offerIdentifier>
            <uniqueOfferReference>SP2P-14967381803260412045-1-OI1-AI1</uniqueOfferReference>
          </offerIdentifier>
        </offerReferences>
        <taxInformation>
          <taxDetails>
            <taxQualifier>7</taxQualifier>
            <taxIdentification>
              <taxIdentifier>X</taxIdentifier>
            </taxIdentification>
            <taxType>
              <isoCountry>XA</isoCountry>
            </taxType>
            <taxNature>CO</taxNature>
          </taxDetails>
          <amountDetails>
            <fareDataMainInformation>
              <fareDataQualifier>TAX</fareDataQualifier>
              <fareAmount>3.96</fareAmount>
              <fareCurrency>USD</fareCurrency>
            </fareDataMainInformation>
          </amountDetails>
        </taxInformation>
        <taxInformation>
          <taxDetails>
            <taxQualifier>7</taxQualifier>
            <taxIdentification>
              <taxIdentifier>X</taxIdentifier>
            </taxIdentification>
            <taxType>
              <isoCountry>XY</isoCountry>
            </taxType>
            <taxNature>CR</taxNature>
          </taxDetails>
          <amountDetails>
            <fareDataMainInformation>
              <fareDataQualifier>TAX</fareDataQualifier>
              <fareAmount>7.00</fareAmount>
              <fareCurrency>USD</fareCurrency>
            </fareDataMainInformation>
          </amountDetails>
        </taxInformation>
        <taxInformation>
          <taxDetails>
            <taxQualifier>7</taxQualifier>
            <taxIdentification>
              <taxIdentifier>X</taxIdentifier>
            </taxIdentification>
            <taxType>
              <isoCountry>YC</isoCountry>
            </taxType>
            <taxNature>AE</taxNature>
          </taxDetails>
          <amountDetails>
            <fareDataMainInformation>
              <fareDataQualifier>TAX</fareDataQualifier>
              <fareAmount>5.89</fareAmount>
              <fareCurrency>USD</fareCurrency>
            </fareDataMainInformation>
          </amountDetails>
        </taxInformation>
        <taxInformation>
          <taxDetails>
            <taxQualifier>7</taxQualifier>
            <taxIdentification>
              <taxIdentifier>X</taxIdentifier>
            </taxIdentification>
            <taxType>
              <isoCountry>YQ</isoCountry>
            </taxType>
            <taxNature>AD</taxNature>
          </taxDetails>
          <amountDetails>
            <fareDataMainInformation>
              <fareDataQualifier>TAX</fareDataQualifier>
              <fareAmount>372.00</fareAmount>
              <fareCurrency>USD</fareCurrency>
            </fareDataMainInformation>
          </amountDetails>
        </taxInformation>
        <taxInformation>
          <taxDetails>
            <taxQualifier>7</taxQualifier>
            <taxIdentification>
              <taxIdentifier>X</taxIdentifier>
            </taxIdentification>
            <taxType>
              <isoCountry>K3</isoCountry>
            </taxType>
            <taxNature>SA</taxNature>
          </taxDetails>
          <amountDetails>
            <fareDataMainInformation>
              <fareDataQualifier>TAX</fareDataQualifier>
              <fareAmount>28.85</fareAmount>
              <fareCurrency>USD</fareCurrency>
            </fareDataMainInformation>
          </amountDetails>
        </taxInformation>
        <taxInformation>
          <taxDetails>
            <taxQualifier>7</taxQualifier>
            <taxIdentification>
              <taxIdentifier>X</taxIdentifier>
            </taxIdentification>
            <taxType>
              <isoCountry>P2</isoCountry>
            </taxType>
            <taxNature>AF</taxNature>
          </taxDetails>
          <amountDetails>
            <fareDataMainInformation>
              <fareDataQualifier>TAX</fareDataQualifier>
              <fareAmount>5.72</fareAmount>
              <fareCurrency>USD</fareCurrency>
            </fareDataMainInformation>
          </amountDetails>
        </taxInformation>
        <taxInformation>
          <taxDetails>
            <taxQualifier>7</taxQualifier>
            <taxIdentification>
              <taxIdentifier>X</taxIdentifier>
            </taxIdentification>
            <taxType>
              <isoCountry>WO</isoCountry>
            </taxType>
            <taxNature>MU</taxNature>
          </taxDetails>
          <amountDetails>
            <fareDataMainInformation>
              <fareDataQualifier>TAX</fareDataQualifier>
              <fareAmount>2.60</fareAmount>
              <fareCurrency>USD</fareCurrency>
            </fareDataMainInformation>
          </amountDetails>
        </taxInformation>
        <taxInformation>
          <taxDetails>
            <taxQualifier>7</taxQualifier>
            <taxIdentification>
              <taxIdentifier>X</taxIdentifier>
            </taxIdentification>
            <taxType>
              <isoCountry>GB</isoCountry>
            </taxType>
            <taxNature>AD</taxNature>
          </taxDetails>
          <amountDetails>
            <fareDataMainInformation>
              <fareDataQualifier>TAX</fareDataQualifier>
              <fareAmount>198.88</fareAmount>
              <fareCurrency>USD</fareCurrency>
            </fareDataMainInformation>
          </amountDetails>
        </taxInformation>
        <taxInformation>
          <taxDetails>
            <taxQualifier>7</taxQualifier>
            <taxIdentification>
              <taxIdentifier>X</taxIdentifier>
            </taxIdentification>
            <taxType>
              <isoCountry>UB</isoCountry>
            </taxType>
            <taxNature>AS</taxNature>
          </taxDetails>
          <amountDetails>
            <fareDataMainInformation>
              <fareDataQualifier>TAX</fareDataQualifier>
              <fareAmount>130.65</fareAmount>
              <fareCurrency>USD</fareCurrency>
            </fareDataMainInformation>
          </amountDetails>
        </taxInformation>
        <taxInformation>
          <taxDetails>
            <taxQualifier>7</taxQualifier>
            <taxIdentification>
              <taxIdentifier>X</taxIdentifier>
            </taxIdentification>
            <taxType>
              <isoCountry>AY</isoCountry>
            </taxType>
            <taxNature>SE</taxNature>
          </taxDetails>
          <amountDetails>
            <fareDataMainInformation>
              <fareDataQualifier>TAX</fareDataQualifier>
              <fareAmount>5.60</fareAmount>
              <fareCurrency>USD</fareCurrency>
            </fareDataMainInformation>
          </amountDetails>
        </taxInformation>
        <taxInformation>
          <taxDetails>
            <taxQualifier>7</taxQualifier>
            <taxIdentification>
              <taxIdentifier>X</taxIdentifier>
            </taxIdentification>
            <taxType>
              <isoCountry>XF</isoCountry>
            </taxType>
          </taxDetails>
          <amountDetails>
            <fareDataMainInformation>
              <fareDataQualifier>TAX</fareDataQualifier>
              <fareAmount>4.50</fareAmount>
              <fareCurrency>USD</fareCurrency>
            </fareDataMainInformation>
          </amountDetails>
        </taxInformation>
        <bankerRates>
          <firstRateDetail>
            <amount>0.013219</amount>
          </firstRateDetail>
        </bankerRates>
        <originDestination>
          <cityCode>DEL</cityCode>
          <cityCode>DEL</cityCode>
        </originDestination>
        <segmentInformation>
          <connexInformation>
            <connecDetails>
              <connexType>O</connexType>
            </connecDetails>
          </connexInformation>
          <segDetails>
            <segmentDetail>
              <identification>AIR</identification>
              <classOfService>T</classOfService>
            </segmentDetail>
          </segDetails>
          <fareQualifier>
            <fareBasisDetails>
              <primaryCode>OJS</primaryCode>
              <fareBasisCode>P0ABN</fareBasisCode>
              <discTktDesignator>ADT</discTktDesignator>
            </fareBasisDetails>
          </fareQualifier>
          <validityInformation>
            <businessSemantic>A</businessSemantic>
            <dateTime>
              <year>2020</year>
              <month>8</month>
              <day>13</day>
            </dateTime>
          </validityInformation>
          <validityInformation>
            <businessSemantic>B</businessSemantic>
            <dateTime>
              <year>2020</year>
              <month>8</month>
              <day>13</day>
            </dateTime>
          </validityInformation>
          <bagAllowanceInformation>
            <bagAllowanceDetails>
              <baggageQuantity>0</baggageQuantity>
              <baggageType>N</baggageType>
            </bagAllowanceDetails>
          </bagAllowanceInformation>
          <segmentReference>
            <refDetails>
              <refQualifier>S</refQualifier>
              <refNumber>1</refNumber>
            </refDetails>
          </segmentReference>
          <sequenceInformation>
            <sequenceSection>
              <sequenceNumber>1</sequenceNumber>
            </sequenceSection>
          </sequenceInformation>
        </segmentInformation>
        <segmentInformation>
          <connexInformation>
            <connecDetails>
              <connexType>O</connexType>
            </connecDetails>
          </connexInformation>
          <segDetails>
            <segmentDetail>
              <identification>AIR</identification>
              <classOfService>T</classOfService>
            </segmentDetail>
          </segDetails>
          <fareQualifier>
            <fareBasisDetails>
              <primaryCode>OJS</primaryCode>
              <fareBasisCode>P0ABN</fareBasisCode>
              <discTktDesignator>ADT</discTktDesignator>
            </fareBasisDetails>
          </fareQualifier>
          <validityInformation>
            <businessSemantic>A</businessSemantic>
            <dateTime>
              <year>2020</year>
              <month>8</month>
              <day>13</day>
            </dateTime>
          </validityInformation>
          <validityInformation>
            <businessSemantic>B</businessSemantic>
            <dateTime>
              <year>2020</year>
              <month>8</month>
              <day>13</day>
            </dateTime>
          </validityInformation>
          <bagAllowanceInformation>
            <bagAllowanceDetails>
              <baggageQuantity>0</baggageQuantity>
              <baggageType>N</baggageType>
            </bagAllowanceDetails>
          </bagAllowanceInformation>
          <segmentReference>
            <refDetails>
              <refQualifier>S</refQualifier>
              <refNumber>2</refNumber>
            </refDetails>
          </segmentReference>
          <sequenceInformation>
            <sequenceSection>
              <sequenceNumber>2</sequenceNumber>
            </sequenceSection>
          </sequenceInformation>
        </segmentInformation>
        <segmentInformation>
          <connexInformation>
            <connecDetails>
              <connexType>O</connexType>
            </connecDetails>
          </connexInformation>
          <segDetails>
            <segmentDetail>
              <identification>AIR</identification>
              <classOfService>T</classOfService>
            </segmentDetail>
          </segDetails>
          <fareQualifier>
            <fareBasisDetails>
              <primaryCode>OJS</primaryCode>
              <fareBasisCode>P0ABN</fareBasisCode>
              <discTktDesignator>ADT</discTktDesignator>
            </fareBasisDetails>
          </fareQualifier>
          <validityInformation>
            <businessSemantic>A</businessSemantic>
            <dateTime>
              <year>2020</year>
              <month>9</month>
              <day>29</day>
            </dateTime>
          </validityInformation>
          <validityInformation>
            <businessSemantic>B</businessSemantic>
            <dateTime>
              <year>2020</year>
              <month>9</month>
              <day>29</day>
            </dateTime>
          </validityInformation>
          <bagAllowanceInformation>
            <bagAllowanceDetails>
              <baggageQuantity>0</baggageQuantity>
              <baggageType>N</baggageType>
            </bagAllowanceDetails>
          </bagAllowanceInformation>
          <segmentReference>
            <refDetails>
              <refQualifier>S</refQualifier>
              <refNumber>3</refNumber>
            </refDetails>
          </segmentReference>
          <sequenceInformation>
            <sequenceSection>
              <sequenceNumber>3</sequenceNumber>
            </sequenceSection>
          </sequenceInformation>
        </segmentInformation>
        <segmentInformation>
          <connexInformation>
            <connecDetails>
              <connexType>O</connexType>
            </connecDetails>
          </connexInformation>
          <segDetails>
            <segmentDetail>
              <identification>AIR</identification>
              <classOfService>T</classOfService>
            </segmentDetail>
          </segDetails>
          <fareQualifier>
            <fareBasisDetails>
              <primaryCode>OJS</primaryCode>
              <fareBasisCode>P0ABN</fareBasisCode>
              <discTktDesignator>ADT</discTktDesignator>
            </fareBasisDetails>
          </fareQualifier>
          <validityInformation>
            <businessSemantic>A</businessSemantic>
            <dateTime>
              <year>2020</year>
              <month>9</month>
              <day>30</day>
            </dateTime>
          </validityInformation>
          <validityInformation>
            <businessSemantic>B</businessSemantic>
            <dateTime>
              <year>2020</year>
              <month>9</month>
              <day>30</day>
            </dateTime>
          </validityInformation>
          <bagAllowanceInformation>
            <bagAllowanceDetails>
              <baggageQuantity>0</baggageQuantity>
              <baggageType>N</baggageType>
            </bagAllowanceDetails>
          </bagAllowanceInformation>
          <segmentReference>
            <refDetails>
              <refQualifier>S</refQualifier>
              <refNumber>4</refNumber>
            </refDetails>
          </segmentReference>
          <sequenceInformation>
            <sequenceSection>
              <sequenceNumber>4</sequenceNumber>
            </sequenceSection>
          </sequenceInformation>
        </segmentInformation>
        <otherPricingInfo>
          <attributeDetails>
            <attributeType>END</attributeType>
            <attributeDescription>CHNG FEE APPLIES / NONREF -BG:VS</attributeDescription>
          </attributeDetails>
          <attributeDetails>
            <attributeType>FCA</attributeType>
            <attributeDescription>DEL VS LON VS NYC M7750.00VS LON VS DEL M7750.00INR15500.00END XF JFK4.50</attributeDescription>
          </attributeDetails>
        </otherPricingInfo>
        <warningInformation>
          <warningCode>
            <applicationErrorDetail>
              <applicationErrorCode>PEN</applicationErrorCode>
              <codeListQualifier>WEC</codeListQualifier>
              <codeListResponsibleAgency>1A</codeListResponsibleAgency>
            </applicationErrorDetail>
          </warningCode>
          <warningText>
            <errorFreeText>NON-REFUNDABLE</errorFreeText>
          </warningText>
        </warningInformation>
        <warningInformation>
          <warningCode>
            <applicationErrorDetail>
              <applicationErrorCode>LTD</applicationErrorCode>
              <codeListQualifier>WEC</codeListQualifier>
              <codeListResponsibleAgency>1A</codeListResponsibleAgency>
            </applicationErrorDetail>
          </warningCode>
          <warningText>
            <errorFreeText> - SEE ADV PURCHASE</errorFreeText>
          </warningText>
        </warningInformation>
        <warningInformation>
          <warningCode>
            <applicationErrorDetail>
              <applicationErrorCode>0</applicationErrorCode>
              <codeListQualifier>WEC</codeListQualifier>
              <codeListResponsibleAgency>1A</codeListResponsibleAgency>
            </applicationErrorDetail>
          </warningCode>
          <warningText>
            <errorFreeText>FARE FAMILIES:    (ENTER FQFn FOR DETAILS, FXY FOR UPSELL)</errorFreeText>
          </warningText>
        </warningInformation>
        <warningInformation>
          <warningCode>
            <applicationErrorDetail>
              <applicationErrorCode>0</applicationErrorCode>
              <codeListQualifier>WEC</codeListQualifier>
              <codeListResponsibleAgency>1A</codeListResponsibleAgency>
            </applicationErrorDetail>
          </warningCode>
          <warningText>
            <errorFreeText>FARE FAMILY:FC1:1-2:LIGHT</errorFreeText>
          </warningText>
        </warningInformation>
        <warningInformation>
          <warningCode>
            <applicationErrorDetail>
              <applicationErrorCode>0</applicationErrorCode>
              <codeListQualifier>WEC</codeListQualifier>
              <codeListResponsibleAgency>1A</codeListResponsibleAgency>
            </applicationErrorDetail>
          </warningCode>
          <warningText>
            <errorFreeText>FARE FAMILY:FC2:3-4:LIGHT</errorFreeText>
          </warningText>
        </warningInformation>
        <warningInformation>
          <warningCode>
            <applicationErrorDetail>
              <applicationErrorCode>0</applicationErrorCode>
              <codeListQualifier>WEC</codeListQualifier>
              <codeListResponsibleAgency>1A</codeListResponsibleAgency>
            </applicationErrorDetail>
          </warningCode>
          <warningText>
            <errorFreeText>NO BAG INCLUDED FOR AT LEAST ONE FLIGHT</errorFreeText>
          </warningText>
        </warningInformation>
        <warningInformation>
          <warningCode>
            <applicationErrorDetail>
              <applicationErrorCode>0</applicationErrorCode>
              <codeListQualifier>WEC</codeListQualifier>
              <codeListResponsibleAgency>1A</codeListResponsibleAgency>
            </applicationErrorDetail>
          </warningCode>
          <warningText>
            <errorFreeText>TICKET STOCK RESTRICTION</errorFreeText>
          </warningText>
        </warningInformation>
        <warningInformation>
          <warningCode>
            <applicationErrorDetail>
              <applicationErrorCode>0</applicationErrorCode>
              <codeListQualifier>WEC</codeListQualifier>
              <codeListResponsibleAgency>1A</codeListResponsibleAgency>
            </applicationErrorDetail>
          </warningCode>
          <warningText>
            <errorFreeText>BG CXR: VS</errorFreeText>
          </warningText>
        </warningInformation>
        <warningInformation>
          <warningCode>
            <applicationErrorDetail>
              <applicationErrorCode>0</applicationErrorCode>
              <codeListQualifier>WEC</codeListQualifier>
              <codeListResponsibleAgency>1A</codeListResponsibleAgency>
            </applicationErrorDetail>
          </warningCode>
          <warningText>
            <errorFreeText>PRICED WITH VALIDATING CARRIER VS - REPRICE IF DIFFERENT VC</errorFreeText>
          </warningText>
        </warningInformation>
        <warningInformation>
          <warningCode>
            <applicationErrorDetail>
              <applicationErrorCode>0</applicationErrorCode>
              <codeListQualifier>WEC</codeListQualifier>
              <codeListResponsibleAgency>1A</codeListResponsibleAgency>
            </applicationErrorDetail>
          </warningCode>
          <warningText>
            <errorFreeText>18APR20 PER GAF REQUIREMENTS FARE NOT VALID UNTIL TICKETED</errorFreeText>
          </warningText>
        </warningInformation>
        <fareComponentDetailsGroup>
          <fareComponentID>
            <itemNumberDetails>
              <number>1</number>
              <type>FC</type>
            </itemNumberDetails>
          </fareComponentID>
          <marketFareComponent>
            <boardPointDetails>
              <trueLocationId>DEL</trueLocationId>
            </boardPointDetails>
            <offpointDetails>
              <trueLocationId>NYC</trueLocationId>
            </offpointDetails>
          </marketFareComponent>
          <monetaryInformation>
            <monetaryDetails>
              <typeQualifier>TFC</typeQualifier>
              <amount>7750.00</amount>
              <currency>INR</currency>
            </monetaryDetails>
          </monetaryInformation>
          <componentClassInfo>
            <fareBasisDetails>
              <rateTariffClass>OJSP0ABN</rateTariffClass>
            </fareBasisDetails>
          </componentClassInfo>
          <fareQualifiersDetail>
            <discountDetails>
              <fareQualifier>763</fareQualifier>
            </discountDetails>
          </fareQualifiersDetail>
          <fareFamilyDetails>
            <fareFamilyname>LIGHT</fareFamilyname>
            <hierarchy>9999</hierarchy>
          </fareFamilyDetails>
          <fareFamilyOwner>
            <companyIdentification>
              <otherCompany>VS</otherCompany>
            </companyIdentification>
          </fareFamilyOwner>
          <couponDetailsGroup>
            <productId>
              <referenceDetails>
                <type>ST</type>
                <value>1</value>
              </referenceDetails>
            </productId>
          </couponDetailsGroup>
          <couponDetailsGroup>
            <productId>
              <referenceDetails>
                <type>ST</type>
                <value>2</value>
              </referenceDetails>
            </productId>
          </couponDetailsGroup>
        </fareComponentDetailsGroup>
        <fareComponentDetailsGroup>
          <fareComponentID>
            <itemNumberDetails>
              <number>2</number>
              <type>FC</type>
            </itemNumberDetails>
          </fareComponentID>
          <marketFareComponent>
            <boardPointDetails>
              <trueLocationId>NYC</trueLocationId>
            </boardPointDetails>
            <offpointDetails>
              <trueLocationId>DEL</trueLocationId>
            </offpointDetails>
          </marketFareComponent>
          <monetaryInformation>
            <monetaryDetails>
              <typeQualifier>TFC</typeQualifier>
              <amount>7750.00</amount>
              <currency>INR</currency>
            </monetaryDetails>
          </monetaryInformation>
          <componentClassInfo>
            <fareBasisDetails>
              <rateTariffClass>OJSP0ABN</rateTariffClass>
            </fareBasisDetails>
          </componentClassInfo>
          <fareQualifiersDetail>
            <discountDetails>
              <fareQualifier>763</fareQualifier>
            </discountDetails>
          </fareQualifiersDetail>
          <fareFamilyDetails>
            <fareFamilyname>LIGHT</fareFamilyname>
            <hierarchy>9999</hierarchy>
          </fareFamilyDetails>
          <fareFamilyOwner>
            <companyIdentification>
              <otherCompany>VS</otherCompany>
            </companyIdentification>
          </fareFamilyOwner>
          <couponDetailsGroup>
            <productId>
              <referenceDetails>
                <type>ST</type>
                <value>3</value>
              </referenceDetails>
            </productId>
          </couponDetailsGroup>
          <couponDetailsGroup>
            <productId>
              <referenceDetails>
                <type>ST</type>
                <value>4</value>
              </referenceDetails>
            </productId>
          </couponDetailsGroup>
        </fareComponentDetailsGroup>
        <endFareList/>
      </fareList>
    </Fare_PricePNRWithBookingClassReply>
  </soapenv:Body>
</soapenv:Envelope>
