<?xml version="1.0"?>
<soapenv:Envelope xmlns:soapenv="http://schemas.xmlsoap.org/soap/envelope/" xmlns:sec="http://xml.amadeus.com/2010/06/Security_v1" xmlns:typ="http://xml.amadeus.com/2010/06/Types_v1" xmlns:app="http://xml.amadeus.com/2010/06/AppMdw_CommonTypes_v3" xmlns:ses="http://xml.amadeus.com/2010/06/Session_v3">
  <soapenv:Header xmlns:add="http://www.w3.org/2005/08/addressing">
    <add:MessageID>28b4a0e1-8371-6153-99d6-195813d783df</add:MessageID>
    <add:Action>http://webservices.amadeus.com/PNRADD_17_1_1A</add:Action>
    <add:To>https://nodeD1.test.webservices.amadeus.com/1ASIWIBESXI</add:To>
    <awsse:Session xmlns:awsse="http://xml.amadeus.com/2010/06/Session_v3" TransactionStatusCode="InSeries">
      <awsse:SessionId>00QZQDFYL5</awsse:SessionId>
      <awsse:SequenceNumber>6</awsse:SequenceNumber>
      <awsse:SecurityToken>JH5RJ86NDJDH3UNXXTNIW18KK</awsse:SecurityToken>
    </awsse:Session>
  </soapenv:Header>
  <soapenv:Body>
    <PNR_AddMultiElements>
      <pnrActions>
        <optionCode>11</optionCode>
        <optionCode>30</optionCode>
      </pnrActions>
      <dataElementsMaster>
        <marker1/>
        <dataElementsIndiv>
          <elementManagementData>
            <segmentName>SSR</segmentName>
          </elementManagementData>
          <serviceRequest>
            <ssr>
              <type>DOCS</type>
              <status>HK</status>
              <quantity>1</quantity>
              <companyId>YY</companyId>
              <freetext>----20OCT90-M--DEV-SURYA</freetext>
            </ssr>
          </serviceRequest>
          <referenceForDataElement>
            <reference>
              <qualifier>PT</qualifier>
              <number>2</number>
            </reference>
          </referenceForDataElement>
        </dataElementsIndiv>
      </dataElementsMaster>
    </PNR_AddMultiElements>
  </soapenv:Body>
</soapenv:Envelope>
