<?xml version="1.0"?>
<soapenv:Envelope xmlns:soapenv="http://schemas.xmlsoap.org/soap/envelope/" xmlns:sec="http://xml.amadeus.com/2010/06/Security_v1" xmlns:typ="http://xml.amadeus.com/2010/06/Types_v1" xmlns:app="http://xml.amadeus.com/2010/06/AppMdw_CommonTypes_v3" xmlns:ses="http://xml.amadeus.com/2010/06/Session_v3">
  <soapenv:Header xmlns:add="http://www.w3.org/2005/08/addressing">
    <add:MessageID>631212e5-98c4-5af5-0825-866a0f9e4a69</add:MessageID>
    <add:Action>http://webservices.amadeus.com/PNRADD_17_1_1A</add:Action>
    <add:To>https://nodeD1.test.webservices.amadeus.com/1ASIWIBESXI</add:To>
    <awsse:Session xmlns:awsse="http://xml.amadeus.com/2010/06/Session_v3" TransactionStatusCode="InSeries">
      <awsse:SessionId>01BH3QWW9A</awsse:SessionId>
      <awsse:SequenceNumber>6</awsse:SequenceNumber>
      <awsse:SecurityToken>84E1YGEC271YY9ORM01D96PR</awsse:SecurityToken>
    </awsse:Session>
  </soapenv:Header>
  <soapenv:Body>
    <PNR_AddMultiElements>
      <pnrActions>
        <optionCode>11</optionCode>
        <optionCode>30</optionCode>
      </pnrActions>
      <dataElementsMaster>
        <marker1/>
        <dataElementsIndiv>
          <elementManagementData>
            <segmentName>SSR</segmentName>
          </elementManagementData>
          <serviceRequest>
            <ssr>
              <type>DOCS</type>
              <status>HK</status>
              <quantity>1</quantity>
              <companyId>YY</companyId>
              <freetext>----18JUN12-M--DEVI-SRYA</freetext>
            </ssr>
          </serviceRequest>
          <referenceForDataElement>
            <reference>
              <qualifier>PT</qualifier>
              <number>4</number>
            </reference>
          </referenceForDataElement>
        </dataElementsIndiv>
        <dataElementsIndiv>
          <elementManagementData>
            <segmentName>SSR</segmentName>
          </elementManagementData>
          <serviceRequest>
            <ssr>
              <type>DOCS</type>
              <status>HK</status>
              <quantity>1</quantity>
              <companyId>YY</companyId>
              <freetext>----02FEB85-F--KUMARI-SONAL</freetext>
            </ssr>
          </serviceRequest>
          <referenceForDataElement>
            <reference>
              <qualifier>PT</qualifier>
              <number>3</number>
            </reference>
          </referenceForDataElement>
        </dataElementsIndiv>
        <dataElementsIndiv>
          <elementManagementData>
            <segmentName>SSR</segmentName>
          </elementManagementData>
          <serviceRequest>
            <ssr>
              <type>DOCS</type>
              <status>HK</status>
              <quantity>1</quantity>
              <companyId>YY</companyId>
              <freetext>----18FEB87-M--KUNWAR-RAUSHAN</freetext>
            </ssr>
          </serviceRequest>
          <referenceForDataElement>
            <reference>
              <qualifier>PT</qualifier>
              <number>2</number>
            </reference>
          </referenceForDataElement>
        </dataElementsIndiv>
        <dataElementsIndiv>
          <elementManagementData>
            <segmentName>SSR</segmentName>
          </elementManagementData>
          <serviceRequest>
            <ssr>
              <type>DOCS</type>
              <status>HK</status>
              <quantity>1</quantity>
              <companyId>YY</companyId>
              <freetext>----16OCT13-F--SRE-SANJANA</freetext>
            </ssr>
          </serviceRequest>
          <referenceForDataElement>
            <reference>
              <qualifier>PT</qualifier>
              <number>5</number>
            </reference>
          </referenceForDataElement>
        </dataElementsIndiv>
      </dataElementsMaster>
    </PNR_AddMultiElements>
  </soapenv:Body>
</soapenv:Envelope>
