<?xml version="1.0"?>
<soapenv:Envelope xmlns:soapenv="http://schemas.xmlsoap.org/soap/envelope/" xmlns:sec="http://xml.amadeus.com/2010/06/Security_v1" xmlns:typ="http://xml.amadeus.com/2010/06/Types_v1" xmlns:iat="http://www.iata.org/IATA/2007/00/IATA2010.1" xmlns:app="http://xml.amadeus.com/2010/06/AppMdw_CommonTypes_v3" xmlns:ses="http://xml.amadeus.com/2010/06/Session_v3">
  <soapenv:Header xmlns:add="http://www.w3.org/2005/08/addressing">
    <add:MessageID>a95bd8e4-e139-f49d-0697-8c5bd3be669a</add:MessageID>
    <add:Action>http://webservices.amadeus.com/FMPTBQ_17_4_1A</add:Action>
    <add:To>https://nodeD1.test.webservices.amadeus.com/1ASIWIBESXI</add:To>
    <oas:Security xmlns:oas="http://docs.oasis-open.org/wss/2004/01/oasis-200401-wss-wssecurity-secext-1.0.xsd" xmlns:oas1="http://docs.oasis-open.org/wss/2004/01/oasis-200401-wss-wssecurity-utility-1.0.xsd">
      <oas:UsernameToken oas1:Id="UsernameToken-1">
        <oas:Username>WSSXIIBE</oas:Username>
        <oas:Nonce EncodingType="http://docs.oasis-open.org/wss/2004/01/oasis-200401-wss-soap-message-security-1.0#Base64Binary">vQfFTE6qkUvyL/RqeYhaGA==</oas:Nonce>
        <oas:Password Type="http://docs.oasis-open.org/wss/2004/01/oasis-200401-wss-username-token-profile-1.0#PasswordDigest">o7PKrXsz1P+iYgryowRH5beDEW8=</oas:Password>
        <oas1:Created>2020-04-15T14:38:43:886Z</oas1:Created>
      </oas:UsernameToken>
    </oas:Security>
    <AMA_SecurityHostedUser xmlns="http://xml.amadeus.com/2010/06/Security_v1">
      <UserID AgentDutyCode="SU" RequestorType="U" PseudoCityCode="YTOC421I9" POS_Type="1"/>
    </AMA_SecurityHostedUser>
  </soapenv:Header>
  <soapenv:Body>
    <Fare_MasterPricerTravelBoardSearch>
      <numberOfUnit>
        <unitNumberDetail>
          <numberOfUnits>1</numberOfUnits>
          <typeOfUnit>PX</typeOfUnit>
        </unitNumberDetail>
        <unitNumberDetail>
          <numberOfUnits>2</numberOfUnits>
          <typeOfUnit>RC</typeOfUnit>
        </unitNumberDetail>
      </numberOfUnit>
      <paxReference>
        <ptc>ADT</ptc>
        <traveller>
          <ref>1</ref>
        </traveller>
      </paxReference>
      <fareOptions>
        <pricingTickInfo>
          <pricingTicketing>
            <priceType>ET</priceType>
            <priceType>RP</priceType>
            <priceType>RU</priceType>
            <priceType>TAC</priceType>
            <priceType>CUC</priceType>
          </pricingTicketing>
        </pricingTickInfo>
        <conversionRate>
          <conversionRateDetail>
            <currency>USD</currency>
          </conversionRateDetail>
        </conversionRate>
      </fareOptions>
      <travelFlightInfo>
        <cabinId>
          <cabin>Y</cabin>
        </cabinId>
        <flightDetail>
          <flightType>N</flightType>
          <flightType>C</flightType>
          <flightType>D</flightType>
        </flightDetail>
      </travelFlightInfo>
      <itinerary>
        <requestedSegmentRef>
          <segRef>1</segRef>
        </requestedSegmentRef>
        <departureLocalization>
          <departurePoint>
            <locationId>MIA</locationId>
          </departurePoint>
        </departureLocalization>
        <arrivalLocalization>
          <arrivalPointDetails>
            <locationId>JFK</locationId>
          </arrivalPointDetails>
        </arrivalLocalization>
        <timeDetails>
          <firstDateTimeDetail>
            <date>250520</date>
          </firstDateTimeDetail>
        </timeDetails>
      </itinerary>
      <itinerary>
        <requestedSegmentRef>
          <segRef>2</segRef>
        </requestedSegmentRef>
        <departureLocalization>
          <departurePoint>
            <locationId>JFK</locationId>
          </departurePoint>
        </departureLocalization>
        <arrivalLocalization>
          <arrivalPointDetails>
            <locationId>MIA</locationId>
          </arrivalPointDetails>
        </arrivalLocalization>
        <timeDetails>
          <firstDateTimeDetail>
            <date>300620</date>
          </firstDateTimeDetail>
        </timeDetails>
      </itinerary>
    </Fare_MasterPricerTravelBoardSearch>
  </soapenv:Body>
</soapenv:Envelope>
