{
    "organizationId": "1",
    "searchID": "2158e126caed85c89ad200415082433",
    "flightRefNumber": "b5dd9c31e8e847539d723d9e2ef9b00d_1",
    "adults": "1",
    "childs": "1",
    "infants": "0","sessionType": {
        "sessionId": "01B7QCN0DO",
        "sequenceNumber": "2",
        "securityToken": "1TGPRUNPEMEN92S6YXG1WA2GQT",
        "transactionStatusCode": null
    },"flightStatus": ["940|E| FlightStatus:OK","843|E| FlightStatus:OK","4758|E| FlightStatus:OK","3025|E| FlightStatus:OK"],"totalbaseFare": "594","totalTax": "58.4","totalFare": "652.4",
    "status":"Success" ,"fare_Increase":"282"
}