{
    "organizationId": "1",
    "searchID": "2ac7a2c46a5247f663d200415101147",
    "flightRefNumber": "380fa9a25458dd476d76876e682f4692_1",
    "adults": "1",
    "childs": "0",
    "infants": "0","sessionType": {
        "sessionId": "00QZQDFYL5",
        "sequenceNumber": "2",
        "securityToken": "JH5RJ86NDJDH3UNXXTNIW18KK",
        "transactionStatusCode": null
    },"flightStatus": ["303|T| FlightStatus:OK","3|T| FlightStatus:OK","138|T| FlightStatus:OK","302|T| FlightStatus:OK"],"totalbaseFare": "205","totalTax": "534.62","totalFare": "739.62",
    "status":"Success",
    "error":null,"fare_Increase":"0"
}