{
    "organizationId": "1",
    "searchID": "2c2fded807ce1808fcd200418090124",
    "flightRefNumber": "1bbab689bd1835adbdc4551280319bf8_1",
    "adults": "1",
    "childs": "0",
    "infants": "0","sessionType": {
        "sessionId": "01BMJ2ZDRH",
        "sequenceNumber": "2",
        "securityToken": "3KO6AJ7M09A1U2O7JHDACGYFYP",
        "transactionStatusCode": null
    },"flightStatus": ["940|E| FlightStatus:OK","843|E| FlightStatus:OK","2190|E| FlightStatus:OK"],"totalbaseFare": "199","totalTax": "24.7","totalFare": "223.7",
    "status":"Success",
    "error":null,"fare_Increase":"43"
}