{
    "organizationId": "1",
    "searchID": "5c4aedd0df692508ffd200415092408",
    "flightRefNumber": "cd6b82a1ec4c59c8cd78df3842120cdf_2",
    "adults": "1",
    "childs": "1",
    "infants": "0","sessionType": {
        "sessionId": "01BAOWB5DP",
        "sequenceNumber": "2",
        "securityToken": "3MGZDF5BA1A0Z25XZB05JYYYQ5",
        "transactionStatusCode": null
    },"flightStatus": ["3035|E| FlightStatus:OK","1670|E| FlightStatus:OK","1870|E| FlightStatus:OK","2025|E| FlightStatus:OK"],"totalbaseFare": "1010","totalTax": "58.4","totalFare": "1068.4",
    "status":"Success",
    "error":null,"fare_Increase":"354"
}