{
    "organizationId": "1",
    "searchID": "60eb349df6f15d4176d200418061628",
    "flightRefNumber": "37fd924a556c0eb8f94ca311c725075e_1",
    "adults": "1",
    "childs": "0",
    "infants": "0","sessionType": {
        "sessionId": "00R466XPVA",
        "sequenceNumber": "2",
        "securityToken": "ILFPKS0R13K9LPNV57VD409K",
        "transactionStatusCode": null
    },"flightStatus": ["303|T| FlightStatus:OK","193|T| FlightStatus:OK","138|T| FlightStatus:OK","302|T| FlightStatus:OK"],"totalbaseFare": "205","totalTax": "500.61","totalFare": "705.61",
    "status":"Success",
    "error":null,"fare_Increase":"0"
}