{
    "organizationId": "1",
    "searchID": "7e6dd920d0dce8e7a0d200415094245",
    "flightRefNumber": "d0406ab79da19dbd0b4051e81e739837_2",
    "adults": "1",
    "childs": "0",
    "infants": "0","sessionType": {
        "sessionId": "00QZ8M5XY2",
        "sequenceNumber": "2",
        "securityToken": "1XP0T1XMSZHXVLNMYSY3YJGYP",
        "transactionStatusCode": null
    },"flightStatus": ["2124|E| FlightStatus:OK","475|E| FlightStatus:OK","940|E| FlightStatus:OK","609|E| FlightStatus:OK"],"totalbaseFare": "483","totalTax": "29.2","totalFare": "512.2",
    "status":"Success",
    "error":null,"fare_Increase":"135"
}