{
    "organizationId": "1",
    "searchID": "970195dc6244d13cdcd200418090350",
    "flightRefNumber": "c2dcf11e68cf8b9e161e294074c85253_1",
    "adults": "1",
    "childs": "0",
    "infants": "0","sessionType": {
        "sessionId": "00R9LJ031L",
        "sequenceNumber": "2",
        "securityToken": "CUIKQ3QKBXEGWCACY16T4X33",
        "transactionStatusCode": null
    },"flightStatus": ["309|G| FlightStatus:OK","2268|G| FlightStatus:OK"],"totalbaseFare": "186","totalTax": "20.2","totalFare": "206.2",
    "status":"Success",
    "error":null,"fare_Increase":"0"
}