{
    "organizationId": "1",
    "searchID": "aa475fe11b92bfc841d200418075925",
    "flightRefNumber": "59aea15ae7c7edf261c9fea1dbbf50d6_1",
    "adults": "1",
    "childs": "0",
    "infants": "0","sessionType": {
        "sessionId": "00R8495YKX",
        "sequenceNumber": "2",
        "securityToken": "1J06AGCGBIUN9TV68SP42CUG2",
        "transactionStatusCode": null
    },"flightStatus": ["4758|E| FlightStatus:OK","3025|E| FlightStatus:OK","2732|E| FlightStatus:OK"],"totalbaseFare": "224","totalTax": "24.7","totalFare": "248.7",
    "status":"Success",
    "error":null,"fare_Increase":"68"
}