{
    "organizationId": "1",
    "searchID": "c8fcc19de09748572dd200418044001",
    "flightRefNumber": "741e33746d81ba2cf352ebbe09274c34_4",
    "adults": "2",
    "childs": "2",
    "infants": "0","sessionType": {
        "sessionId": "01BH3QWW9A",
        "sequenceNumber": "2",
        "securityToken": "84E1YGEC271YY9ORM01D96PR",
        "transactionStatusCode": null
    },"flightStatus": ["392|X| FlightStatus:OK","231|X| FlightStatus:OK","232|N| FlightStatus:OK","391|N| FlightStatus:OK"],"totalbaseFare": "1302","totalTax": "1750.98","totalFare": "3052.98",
    "status":"Success",
    "error":null,"fare_Increase":"0"
}