{
    "organizationId": "1",
    "searchID": "d049ebc3c009105dfad200418074617",
    "flightRefNumber": "2b7c3e1d4f0ca3dbdd9dd8752007135b_2",
    "adults": "1",
    "childs": "0",
    "infants": "0","sessionType": {
        "sessionId": "00R7MHVXHC",
        "sequenceNumber": "2",
        "securityToken": "1J44LNIF3WMGU387FQDOB7C5UZ",
        "transactionStatusCode": null
    },"flightStatus": ["303|T| FlightStatus:OK","3|T| FlightStatus:OK","138|T| FlightStatus:OK","302|T| FlightStatus:OK"],"totalbaseFare": "205","totalTax": "534.62","totalFare": "739.62",
    "status":"Success",
    "error":null,"fare_Increase":"0"
}