{
    "organizationId": "1",
    "searchID": "e41771dba1b8449030d200415081945",
    "flightRefNumber": "be1e384a113f0641880adc71d1a59a17_2",
    "adults": "1",
    "childs": "1",
    "infants": "0","sessionType": {
        "sessionId": "01B692SXTX",
        "sequenceNumber": "2",
        "securityToken": "1JNZ5G5E302AE3GHYA5FYYVR1V",
        "transactionStatusCode": null
    },"flightStatus": ["2195|G| FlightStatus:OK","1099|G| FlightStatus:OK"],"totalbaseFare": "372","totalTax": "40.4","totalFare": "412.4",
    "error": null,"fare_Increase":"0"
}