{
    "organizationId": "1",
    "searchID": "fcfbbe1fde6a617f85d200418062124",
    "flightRefNumber": "e72dc2ead57ba1b09e1fa399dc16fe3a_12",
    "adults": "1",
    "childs": "0",
    "infants": "0","sessionType": {
        "sessionId": "00R6MZBSLZ",
        "sequenceNumber": "2",
        "securityToken": "2J7C8BH3R7URK3PSO41EMMSGFZ",
        "transactionStatusCode": null
    },"flightStatus": ["142|N| FlightStatus:OK","209|N| FlightStatus:OK","1529|N| FlightStatus:OK","143|N| FlightStatus:OK"],"totalbaseFare": "788","totalTax": "596.2","totalFare": "1384.2",
    "status":"Success",
    "error":null,"fare_Increase":"0"
}